frame: 000000
main.lua:110	main.lua:112
sapp_run	[builtin#171]
main.lua:0	main.lua:219
@0x7ff727ef4830	@0x7ff727ef4830
frame: 000000
main.lua:110	main.lua:123
sapp_run	[builtin#171]
main.lua:0	main.lua:219
@0x7ff727ef4830	@0x7ff727ef4830
frame: 000000
main.lua:110	main.lua:128
sapp_run	[builtin#171]
main.lua:0	main.lua:219
@0x7ff727ef4830	@0x7ff727ef4830
frame: 000000
main.lua:155	main.lua:178
sapp_run	[builtin#171]
main.lua:0	main.lua:219
@0x7ff727ef4830	@0x7ff727ef4830
frame: 000002
main.lua:155	main.lua:178
sapp_run	[builtin#171]
main.lua:0	main.lua:219
@0x7ff727ef4830	@0x7ff727ef4830
frame: 000003
main.lua:155	main.lua:178
sapp_run	[builtin#171]
main.lua:0	main.lua:219
@0x7ff727ef4830	@0x7ff727ef4830
frame: 000004
renderer.lua:load_font	renderer.lua:189
renderer.lua:load	renderer.lua:227
style.lua:0	style.lua:10
require	@0x7ff8c37dabf0
init.lua:0	init.lua:7
require	@0x7ff8c37dabf0
main_states.lua:59	main_states.lua:67
pcall	[builtin#20]
main_states.lua:Update	main_states.lua:150
statemanager.lua:Update	statemanager.lua:118
frame: 000004
renderer.lua:font_atlas_img	renderer.lua:143
renderer.lua:load_font	renderer.lua:195
renderer.lua:load	renderer.lua:227
style.lua:0	style.lua:10
require	@0x7ff8c37dabf0
init.lua:0	init.lua:7
require	@0x7ff8c37dabf0
main_states.lua:59	main_states.lua:67
pcall	[builtin#20]
main_states.lua:Update	main_states.lua:150
frame: 000004
renderer.lua:font_atlas_img	renderer.lua:154
renderer.lua:load_font	renderer.lua:195
renderer.lua:load	renderer.lua:227
style.lua:0	style.lua:10
require	@0x7ff8c37dabf0
init.lua:0	init.lua:7
require	@0x7ff8c37dabf0
main_states.lua:59	main_states.lua:67
pcall	[builtin#20]
main_states.lua:Update	main_states.lua:150
frame: 000004
renderer.lua:load_font	renderer.lua:189
renderer.lua:load	renderer.lua:227
style.lua:0	style.lua:11
require	@0x7ff8c37dabf0
init.lua:0	init.lua:7
require	@0x7ff8c37dabf0
main_states.lua:59	main_states.lua:67
pcall	[builtin#20]
main_states.lua:Update	main_states.lua:150
statemanager.lua:Update	statemanager.lua:118
frame: 000004
renderer.lua:font_atlas_img	renderer.lua:154
renderer.lua:load_font	renderer.lua:195
renderer.lua:load	renderer.lua:227
style.lua:0	style.lua:11
require	@0x7ff8c37dabf0
init.lua:0	init.lua:7
require	@0x7ff8c37dabf0
main_states.lua:59	main_states.lua:67
pcall	[builtin#20]
main_states.lua:Update	main_states.lua:150
frame: 000004
renderer.lua:load_font	renderer.lua:189
renderer.lua:load	renderer.lua:227
style.lua:0	style.lua:12
require	@0x7ff8c37dabf0
init.lua:0	init.lua:7
require	@0x7ff8c37dabf0
main_states.lua:59	main_states.lua:67
pcall	[builtin#20]
main_states.lua:Update	main_states.lua:150
statemanager.lua:Update	statemanager.lua:118
frame: 000004
renderer.lua:font_atlas_img	renderer.lua:154
renderer.lua:load_font	renderer.lua:195
renderer.lua:load	renderer.lua:227
style.lua:0	style.lua:12
require	@0x7ff8c37dabf0
init.lua:0	init.lua:7
require	@0x7ff8c37dabf0
main_states.lua:59	main_states.lua:67
pcall	[builtin#20]
main_states.lua:Update	main_states.lua:150
frame: 000004
renderer.lua:font_loader	renderer.lua:126
renderer.lua:load_font	renderer.lua:175
renderer.lua:load	renderer.lua:227
style.lua:0	style.lua:13
require	@0x7ff8c37dabf0
init.lua:0	init.lua:7
require	@0x7ff8c37dabf0
main_states.lua:59	main_states.lua:67
pcall	[builtin#20]
main_states.lua:Update	main_states.lua:150
frame: 000004
renderer.lua:font_atlas_img	renderer.lua:143
renderer.lua:load_font	renderer.lua:195
renderer.lua:load	renderer.lua:227
style.lua:0	style.lua:13
require	@0x7ff8c37dabf0
init.lua:0	init.lua:7
require	@0x7ff8c37dabf0
main_states.lua:59	main_states.lua:67
pcall	[builtin#20]
main_states.lua:Update	main_states.lua:150
frame: 000004
renderer.lua:font_atlas_img	renderer.lua:154
renderer.lua:load_font	renderer.lua:195
renderer.lua:load	renderer.lua:227
style.lua:0	style.lua:13
require	@0x7ff8c37dabf0
init.lua:0	init.lua:7
require	@0x7ff8c37dabf0
main_states.lua:59	main_states.lua:67
pcall	[builtin#20]
main_states.lua:Update	main_states.lua:150
frame: 000004
highlighter.lua:0	highlighter.lua:1
require	@0x7ff8c37dabf0
init.lua:0	init.lua:1
require	@0x7ff8c37dabf0
commandview.lua:0	commandview.lua:4
require	@0x7ff8c37dabf0
init.lua:init	init.lua:107
main_states.lua:59	main_states.lua:68
pcall	[builtin#20]
main_states.lua:Update	main_states.lua:150
frame: 000004
renderer.lua:load_font	renderer.lua:189
renderer.lua:load	renderer.lua:227
sidebar.lua:0	sidebar.lua:27
require	@0x7ff8c37dabf0
init.lua:init	init.lua:108
main_states.lua:59	main_states.lua:68
pcall	[builtin#20]
main_states.lua:Update	main_states.lua:150
statemanager.lua:Update	statemanager.lua:118
sequencer.lua:Update	sequencer.lua:66
frame: 000004
renderer.lua:font_atlas_img	renderer.lua:154
renderer.lua:load_font	renderer.lua:195
renderer.lua:load	renderer.lua:227
sidebar.lua:0	sidebar.lua:27
require	@0x7ff8c37dabf0
init.lua:init	init.lua:108
main_states.lua:59	main_states.lua:68
pcall	[builtin#20]
main_states.lua:Update	main_states.lua:150
statemanager.lua:Update	statemanager.lua:118
frame: 000004
renderer.lua:load_font	renderer.lua:189
renderer.lua:load	renderer.lua:227
sidebar.lua:0	sidebar.lua:28
require	@0x7ff8c37dabf0
init.lua:init	init.lua:108
main_states.lua:59	main_states.lua:68
pcall	[builtin#20]
main_states.lua:Update	main_states.lua:150
statemanager.lua:Update	statemanager.lua:118
sequencer.lua:Update	sequencer.lua:66
frame: 000004
renderer.lua:font_atlas_img	renderer.lua:154
renderer.lua:load_font	renderer.lua:195
renderer.lua:load	renderer.lua:227
sidebar.lua:0	sidebar.lua:28
require	@0x7ff8c37dabf0
init.lua:init	init.lua:108
main_states.lua:59	main_states.lua:68
pcall	[builtin#20]
main_states.lua:Update	main_states.lua:150
statemanager.lua:Update	statemanager.lua:118
frame: 000004
dirtools.lua:run_popen	dirtools.lua:120
dirtools.lua:list_dir	dirtools.lua:488
init.lua:load_plugins	init.lua:227
init.lua:init	init.lua:139
main_states.lua:59	main_states.lua:68
pcall	[builtin#20]
main_states.lua:Update	main_states.lua:150
statemanager.lua:Update	statemanager.lua:118
sequencer.lua:Update	sequencer.lua:66
main.lua:155	main.lua:168
frame: 000004
dirtools.lua:run_popen	dirtools.lua:122
dirtools.lua:list_dir	dirtools.lua:488
init.lua:load_plugins	init.lua:227
init.lua:init	init.lua:139
main_states.lua:59	main_states.lua:68
pcall	[builtin#20]
main_states.lua:Update	main_states.lua:150
statemanager.lua:Update	statemanager.lua:118
sequencer.lua:Update	sequencer.lua:66
main.lua:155	main.lua:168
frame: 000004
dirtools.lua:run_popen	dirtools.lua:122
dirtools.lua:list_dir	dirtools.lua:496
init.lua:load_plugins	init.lua:227
init.lua:init	init.lua:139
main_states.lua:59	main_states.lua:68
pcall	[builtin#20]
main_states.lua:Update	main_states.lua:150
statemanager.lua:Update	statemanager.lua:118
sequencer.lua:Update	sequencer.lua:66
main.lua:155	main.lua:168
frame: 000004
renderer.lua:load_font	renderer.lua:189
renderer.lua:load	renderer.lua:227
console.lua:0	console.lua:16
@0x7ff8c37dabf0	@0x7ff8c37dabf0
xpcall	[builtin#21]
init.lua:try	init.lua:403
init.lua:load_plugins	init.lua:230
init.lua:init	init.lua:139
main_states.lua:59	main_states.lua:68
pcall	[builtin#20]
frame: 000004
renderer.lua:font_atlas_img	renderer.lua:154
renderer.lua:load_font	renderer.lua:195
renderer.lua:load	renderer.lua:227
console.lua:0	console.lua:16
@0x7ff8c37dabf0	@0x7ff8c37dabf0
xpcall	[builtin#21]
init.lua:try	init.lua:403
init.lua:load_plugins	init.lua:230
init.lua:init	init.lua:139
main_states.lua:59	main_states.lua:68
frame: 000004
renderer.lua:load_font	renderer.lua:199
renderer.lua:load	renderer.lua:227
console.lua:0	console.lua:16
@0x7ff8c37dabf0	@0x7ff8c37dabf0
xpcall	[builtin#21]
init.lua:try	init.lua:403
init.lua:load_plugins	init.lua:230
init.lua:init	init.lua:139
main_states.lua:59	main_states.lua:68
pcall	[builtin#20]
frame: 000004
camera_manager.lua:0	camera_manager.lua:1
require	@0x7ff8c37dabf0
grid-render.lua:0	grid-render.lua:9
require	@0x7ff8c37dabf0
land_tiles.lua:0	land_tiles.lua:1
require	@0x7ff8c37dabf0
layers.lua:0	layers.lua:17
require	@0x7ff8c37dabf0
view_maplayer.lua:0	view_maplayer.lua:24
@0x7ff8c37dabf0	@0x7ff8c37dabf0
frame: 000004
gui_map_panels.lua:0	gui_map_panels.lua:1
require	@0x7ff8c37dabf0
gui.lua:0	gui.lua:26
require	@0x7ff8c37dabf0
view_theater.lua:0	view_theater.lua:17
@0x7ff8c37dabf0	@0x7ff8c37dabf0
xpcall	[builtin#21]
init.lua:try	init.lua:403
init.lua:load_plugins	init.lua:230
init.lua:init	init.lua:139
frame: 000004
renderer.lua:load_font	renderer.lua:189
renderer.lua:load	renderer.lua:227
vscode_dark.lua:0	vscode_dark.lua:4
require	@0x7ff8c37dabf0
init.lua:0	init.lua:11
@0x7ff8c37dabf0	@0x7ff8c37dabf0
xpcall	[builtin#21]
init.lua:try	init.lua:403
init.lua:init	init.lua:140
main_states.lua:59	main_states.lua:68
frame: 000004
renderer.lua:font_atlas_img	renderer.lua:154
renderer.lua:load_font	renderer.lua:195
renderer.lua:load	renderer.lua:227
vscode_dark.lua:0	vscode_dark.lua:4
require	@0x7ff8c37dabf0
init.lua:0	init.lua:11
@0x7ff8c37dabf0	@0x7ff8c37dabf0
xpcall	[builtin#21]
init.lua:try	init.lua:403
init.lua:init	init.lua:140
frame: 000004
dirtools.lua:run_popen	dirtools.lua:120
dirtools.lua:list_dir	dirtools.lua:488
init.lua:load_panels	init.lua:242
init.lua:init	init.lua:142
main_states.lua:59	main_states.lua:68
pcall	[builtin#20]
main_states.lua:Update	main_states.lua:150
statemanager.lua:Update	statemanager.lua:118
sequencer.lua:Update	sequencer.lua:66
main.lua:155	main.lua:168
frame: 000004
dirtools.lua:run_popen	dirtools.lua:122
dirtools.lua:list_dir	dirtools.lua:488
init.lua:load_panels	init.lua:242
init.lua:init	init.lua:142
main_states.lua:59	main_states.lua:68
pcall	[builtin#20]
main_states.lua:Update	main_states.lua:150
statemanager.lua:Update	statemanager.lua:118
sequencer.lua:Update	sequencer.lua:66
main.lua:155	main.lua:168
frame: 000004
dirtools.lua:run_popen	dirtools.lua:120
dirtools.lua:list_dir	dirtools.lua:496
init.lua:load_panels	init.lua:242
init.lua:init	init.lua:142
main_states.lua:59	main_states.lua:68
pcall	[builtin#20]
main_states.lua:Update	main_states.lua:150
statemanager.lua:Update	statemanager.lua:118
sequencer.lua:Update	sequencer.lua:66
main.lua:155	main.lua:168
frame: 000004
dirtools.lua:run_popen	dirtools.lua:122
dirtools.lua:list_dir	dirtools.lua:496
init.lua:load_panels	init.lua:242
init.lua:init	init.lua:142
main_states.lua:59	main_states.lua:68
pcall	[builtin#20]
main_states.lua:Update	main_states.lua:150
statemanager.lua:Update	statemanager.lua:118
sequencer.lua:Update	sequencer.lua:66
main.lua:155	main.lua:168
frame: 000004
node.lua:split	node.lua:134
sidebar.lua:init_mod	sidebar.lua:85
sidebar.lua:init_panels	sidebar.lua:93
init.lua:load_panels	init.lua:253
init.lua:init	init.lua:142
main_states.lua:59	main_states.lua:68
pcall	[builtin#20]
main_states.lua:Update	main_states.lua:150
statemanager.lua:Update	statemanager.lua:118
sequencer.lua:Update	sequencer.lua:66
frame: 000005
main.lua:155	main.lua:178
sapp_run	[builtin#171]
main.lua:0	main.lua:219
@0x7ff727ef4830	@0x7ff727ef4830
frame: 000006
dirtools.lua:run_popen	dirtools.lua:120
dirtools.lua:list_dir	dirtools.lua:488
init.lua:get_files	init.lua:52
init.lua:33	init.lua:83
xpcall	[builtin#21]
init.lua:401	init.lua:403
frame: 000006
dirtools.lua:run_popen	dirtools.lua:122
dirtools.lua:list_dir	dirtools.lua:488
init.lua:get_files	init.lua:52
init.lua:33	init.lua:83
xpcall	[builtin#21]
init.lua:401	init.lua:403
frame: 000006
dirtools.lua:run_popen	dirtools.lua:120
dirtools.lua:list_dir	dirtools.lua:496
init.lua:get_files	init.lua:52
init.lua:33	init.lua:83
xpcall	[builtin#21]
init.lua:401	init.lua:403
frame: 000006
dirtools.lua:run_popen	dirtools.lua:122
dirtools.lua:list_dir	dirtools.lua:496
init.lua:get_files	init.lua:52
init.lua:33	init.lua:83
xpcall	[builtin#21]
init.lua:401	init.lua:403
frame: 000006
dirtools.lua:run_popen	dirtools.lua:120
dirtools.lua:list_dir	dirtools.lua:488
init.lua:get_files	init.lua:52
init.lua:get_files	init.lua:69
init.lua:33	init.lua:83
xpcall	[builtin#21]
init.lua:401	init.lua:403
frame: 000006
dirtools.lua:run_popen	dirtools.lua:122
dirtools.lua:list_dir	dirtools.lua:488
init.lua:get_files	init.lua:52
init.lua:get_files	init.lua:69
init.lua:33	init.lua:83
xpcall	[builtin#21]
init.lua:401	init.lua:403
frame: 000006
dirtools.lua:run_popen	dirtools.lua:120
dirtools.lua:list_dir	dirtools.lua:496
init.lua:get_files	init.lua:52
init.lua:get_files	init.lua:69
init.lua:33	init.lua:83
xpcall	[builtin#21]
init.lua:401	init.lua:403
frame: 000006
dirtools.lua:run_popen	dirtools.lua:122
dirtools.lua:list_dir	dirtools.lua:496
init.lua:get_files	init.lua:52
init.lua:get_files	init.lua:69
init.lua:33	init.lua:83
xpcall	[builtin#21]
init.lua:401	init.lua:403
frame: 000006
system.lua:sleep	system.lua:197
init.lua:run	init.lua:609
main_states.lua:Update	main_states.lua:196
statemanager.lua:Update	statemanager.lua:118
sequencer.lua:Update	sequencer.lua:66
main.lua:155	main.lua:168
sapp_run	[builtin#171]
main.lua:0	main.lua:219
@0x7ff727ef4830	@0x7ff727ef4830
frame: 000007
dirtools.lua:run_popen	dirtools.lua:120
dirtools.lua:list_dir	dirtools.lua:488
init.lua:get_files	init.lua:52
init.lua:get_files	init.lua:69
init.lua:33	init.lua:83
xpcall	[builtin#21]
init.lua:401	init.lua:403
frame: 000007
dirtools.lua:run_popen	dirtools.lua:122
dirtools.lua:list_dir	dirtools.lua:488
init.lua:get_files	init.lua:52
init.lua:get_files	init.lua:69
init.lua:33	init.lua:83
xpcall	[builtin#21]
init.lua:401	init.lua:403
frame: 000007
dirtools.lua:run_popen	dirtools.lua:120
dirtools.lua:list_dir	dirtools.lua:496
init.lua:get_files	init.lua:52
init.lua:get_files	init.lua:69
init.lua:33	init.lua:83
xpcall	[builtin#21]
init.lua:401	init.lua:403
frame: 000007
dirtools.lua:run_popen	dirtools.lua:123
dirtools.lua:list_dir	dirtools.lua:496
init.lua:get_files	init.lua:52
init.lua:get_files	init.lua:69
init.lua:33	init.lua:83
xpcall	[builtin#21]
init.lua:401	init.lua:403
frame: 000007
dirtools.lua:run_popen	dirtools.lua:120
dirtools.lua:list_dir	dirtools.lua:488
init.lua:get_files	init.lua:52
init.lua:get_files	init.lua:69
init.lua:get_files	init.lua:69
init.lua:33	init.lua:83
xpcall	[builtin#21]
init.lua:401	init.lua:403
frame: 000007
dirtools.lua:run_popen	dirtools.lua:122
dirtools.lua:list_dir	dirtools.lua:488
init.lua:get_files	init.lua:52
init.lua:get_files	init.lua:69
init.lua:get_files	init.lua:69
init.lua:33	init.lua:83
xpcall	[builtin#21]
init.lua:401	init.lua:403
frame: 000007
dirtools.lua:run_popen	dirtools.lua:120
dirtools.lua:list_dir	dirtools.lua:496
init.lua:get_files	init.lua:52
init.lua:get_files	init.lua:69
init.lua:get_files	init.lua:69
init.lua:33	init.lua:83
xpcall	[builtin#21]
init.lua:401	init.lua:403
frame: 000007
system.lua:sleep	system.lua:197
init.lua:run	init.lua:609
main_states.lua:Update	main_states.lua:196
statemanager.lua:Update	statemanager.lua:118
sequencer.lua:Update	sequencer.lua:66
main.lua:155	main.lua:168
sapp_run	[builtin#171]
main.lua:0	main.lua:219
@0x7ff727ef4830	@0x7ff727ef4830
frame: 000008
dirtools.lua:run_popen	dirtools.lua:120
dirtools.lua:list_dir	dirtools.lua:488
init.lua:get_files	init.lua:52
init.lua:get_files	init.lua:69
init.lua:get_files	init.lua:69
init.lua:33	init.lua:83
xpcall	[builtin#21]
init.lua:401	init.lua:403
frame: 000008
dirtools.lua:run_popen	dirtools.lua:122
dirtools.lua:list_dir	dirtools.lua:488
init.lua:get_files	init.lua:52
init.lua:get_files	init.lua:69
init.lua:get_files	init.lua:69
init.lua:33	init.lua:83
xpcall	[builtin#21]
init.lua:401	init.lua:403
frame: 000008
dirtools.lua:run_popen	dirtools.lua:120
dirtools.lua:list_dir	dirtools.lua:496
init.lua:get_files	init.lua:52
init.lua:get_files	init.lua:69
init.lua:get_files	init.lua:69
init.lua:33	init.lua:83
xpcall	[builtin#21]
init.lua:401	init.lua:403
frame: 000008
dirtools.lua:run_popen	dirtools.lua:122
dirtools.lua:list_dir	dirtools.lua:496
init.lua:get_files	init.lua:52
init.lua:get_files	init.lua:69
init.lua:get_files	init.lua:69
init.lua:33	init.lua:83
xpcall	[builtin#21]
init.lua:401	init.lua:403
frame: 000008
dirtools.lua:run_popen	dirtools.lua:120
dirtools.lua:list_dir	dirtools.lua:488
init.lua:get_files	init.lua:52
init.lua:get_files	init.lua:69
init.lua:get_files	init.lua:69
init.lua:get_files	init.lua:69
init.lua:33	init.lua:83
xpcall	[builtin#21]
init.lua:401	init.lua:403
frame: 000008
dirtools.lua:run_popen	dirtools.lua:122
dirtools.lua:list_dir	dirtools.lua:488
init.lua:get_files	init.lua:52
init.lua:get_files	init.lua:69
init.lua:get_files	init.lua:69
init.lua:get_files	init.lua:69
init.lua:33	init.lua:83
xpcall	[builtin#21]
init.lua:401	init.lua:403
frame: 000008
dirtools.lua:run_popen	dirtools.lua:120
dirtools.lua:list_dir	dirtools.lua:496
init.lua:get_files	init.lua:52
init.lua:get_files	init.lua:69
init.lua:get_files	init.lua:69
init.lua:get_files	init.lua:69
init.lua:33	init.lua:83
xpcall	[builtin#21]
init.lua:401	init.lua:403
frame: 000008
dirtools.lua:run_popen	dirtools.lua:122
dirtools.lua:list_dir	dirtools.lua:496
init.lua:get_files	init.lua:52
init.lua:get_files	init.lua:69
init.lua:get_files	init.lua:69
init.lua:get_files	init.lua:69
init.lua:33	init.lua:83
xpcall	[builtin#21]
init.lua:401	init.lua:403
frame: 000009
dirtools.lua:run_popen	dirtools.lua:120
dirtools.lua:list_dir	dirtools.lua:488
init.lua:get_files	init.lua:52
init.lua:get_files	init.lua:69
init.lua:get_files	init.lua:69
init.lua:get_files	init.lua:69
init.lua:33	init.lua:83
xpcall	[builtin#21]
init.lua:401	init.lua:403
frame: 000009
dirtools.lua:run_popen	dirtools.lua:122
dirtools.lua:list_dir	dirtools.lua:488
init.lua:get_files	init.lua:52
init.lua:get_files	init.lua:69
init.lua:get_files	init.lua:69
init.lua:get_files	init.lua:69
init.lua:33	init.lua:83
xpcall	[builtin#21]
init.lua:401	init.lua:403
frame: 000009
dirtools.lua:run_popen	dirtools.lua:123
dirtools.lua:list_dir	dirtools.lua:488
init.lua:get_files	init.lua:52
init.lua:get_files	init.lua:69
init.lua:get_files	init.lua:69
init.lua:get_files	init.lua:69
init.lua:33	init.lua:83
xpcall	[builtin#21]
init.lua:401	init.lua:403
frame: 000009
dirtools.lua:run_popen	dirtools.lua:120
dirtools.lua:list_dir	dirtools.lua:496
init.lua:get_files	init.lua:52
init.lua:get_files	init.lua:69
init.lua:get_files	init.lua:69
init.lua:get_files	init.lua:69
init.lua:33	init.lua:83
xpcall	[builtin#21]
init.lua:401	init.lua:403
frame: 000009
dirtools.lua:run_popen	dirtools.lua:122
dirtools.lua:list_dir	dirtools.lua:496
init.lua:get_files	init.lua:52
init.lua:get_files	init.lua:69
init.lua:get_files	init.lua:69
init.lua:get_files	init.lua:69
init.lua:33	init.lua:83
xpcall	[builtin#21]
init.lua:401	init.lua:403
frame: 000009
dirtools.lua:run_popen	dirtools.lua:120
dirtools.lua:list_dir	dirtools.lua:488
init.lua:get_files	init.lua:52
init.lua:get_files	init.lua:69
init.lua:get_files	init.lua:69
init.lua:33	init.lua:83
xpcall	[builtin#21]
init.lua:401	init.lua:403
frame: 000009
dirtools.lua:run_popen	dirtools.lua:122
dirtools.lua:list_dir	dirtools.lua:488
init.lua:get_files	init.lua:52
init.lua:get_files	init.lua:69
init.lua:get_files	init.lua:69
init.lua:33	init.lua:83
xpcall	[builtin#21]
init.lua:401	init.lua:403
frame: 000009
dirtools.lua:run_popen	dirtools.lua:120
dirtools.lua:list_dir	dirtools.lua:496
init.lua:get_files	init.lua:52
init.lua:get_files	init.lua:69
init.lua:get_files	init.lua:69
init.lua:33	init.lua:83
xpcall	[builtin#21]
init.lua:401	init.lua:403
frame: 000009
dirtools.lua:run_popen	dirtools.lua:122
dirtools.lua:list_dir	dirtools.lua:496
init.lua:get_files	init.lua:52
init.lua:get_files	init.lua:69
init.lua:get_files	init.lua:69
init.lua:33	init.lua:83
xpcall	[builtin#21]
init.lua:401	init.lua:403
frame: 000009
system.lua:sleep	system.lua:197
init.lua:run	init.lua:609
main_states.lua:Update	main_states.lua:196
statemanager.lua:Update	statemanager.lua:118
sequencer.lua:Update	sequencer.lua:66
main.lua:155	main.lua:168
sapp_run	[builtin#171]
main.lua:0	main.lua:219
@0x7ff727ef4830	@0x7ff727ef4830
frame: 000010
dirtools.lua:run_popen	dirtools.lua:120
dirtools.lua:list_dir	dirtools.lua:488
init.lua:get_files	init.lua:52
init.lua:get_files	init.lua:69
init.lua:get_files	init.lua:69
init.lua:33	init.lua:83
xpcall	[builtin#21]
init.lua:401	init.lua:403
frame: 000010
dirtools.lua:run_popen	dirtools.lua:122
dirtools.lua:list_dir	dirtools.lua:488
init.lua:get_files	init.lua:52
init.lua:get_files	init.lua:69
init.lua:get_files	init.lua:69
init.lua:33	init.lua:83
xpcall	[builtin#21]
init.lua:401	init.lua:403
frame: 000010
dirtools.lua:run_popen	dirtools.lua:120
dirtools.lua:list_dir	dirtools.lua:496
init.lua:get_files	init.lua:52
init.lua:get_files	init.lua:69
init.lua:get_files	init.lua:69
init.lua:33	init.lua:83
xpcall	[builtin#21]
init.lua:401	init.lua:403
frame: 000010
dirtools.lua:run_popen	dirtools.lua:122
dirtools.lua:list_dir	dirtools.lua:496
init.lua:get_files	init.lua:52
init.lua:get_files	init.lua:69
init.lua:get_files	init.lua:69
init.lua:33	init.lua:83
xpcall	[builtin#21]
init.lua:401	init.lua:403
frame: 000010
dirtools.lua:run_popen	dirtools.lua:123
dirtools.lua:list_dir	dirtools.lua:496
init.lua:get_files	init.lua:52
init.lua:get_files	init.lua:69
init.lua:get_files	init.lua:69
init.lua:33	init.lua:83
xpcall	[builtin#21]
init.lua:401	init.lua:403
frame: 000010
dirtools.lua:run_popen	dirtools.lua:120
dirtools.lua:list_dir	dirtools.lua:488
init.lua:get_files	init.lua:52
init.lua:get_files	init.lua:69
init.lua:get_files	init.lua:69
init.lua:33	init.lua:83
xpcall	[builtin#21]
init.lua:401	init.lua:403
frame: 000010
dirtools.lua:run_popen	dirtools.lua:122
dirtools.lua:list_dir	dirtools.lua:488
init.lua:get_files	init.lua:52
init.lua:get_files	init.lua:69
init.lua:get_files	init.lua:69
init.lua:33	init.lua:83
xpcall	[builtin#21]
init.lua:401	init.lua:403
frame: 000010
dirtools.lua:run_popen	dirtools.lua:120
dirtools.lua:list_dir	dirtools.lua:496
init.lua:get_files	init.lua:52
init.lua:get_files	init.lua:69
init.lua:get_files	init.lua:69
init.lua:33	init.lua:83
xpcall	[builtin#21]
init.lua:401	init.lua:403
frame: 000010
dirtools.lua:run_popen	dirtools.lua:122
dirtools.lua:list_dir	dirtools.lua:496
init.lua:get_files	init.lua:52
init.lua:get_files	init.lua:69
init.lua:get_files	init.lua:69
init.lua:33	init.lua:83
xpcall	[builtin#21]
init.lua:401	init.lua:403
frame: 000010
system.lua:sleep	system.lua:197
init.lua:run	init.lua:609
main_states.lua:Update	main_states.lua:196
statemanager.lua:Update	statemanager.lua:118
sequencer.lua:Update	sequencer.lua:66
main.lua:155	main.lua:168
sapp_run	[builtin#171]
main.lua:0	main.lua:219
@0x7ff727ef4830	@0x7ff727ef4830
frame: 000011
dirtools.lua:run_popen	dirtools.lua:120
dirtools.lua:list_dir	dirtools.lua:488
init.lua:get_files	init.lua:52
init.lua:get_files	init.lua:69
init.lua:get_files	init.lua:69
init.lua:get_files	init.lua:69
init.lua:33	init.lua:83
xpcall	[builtin#21]
init.lua:401	init.lua:403
frame: 000011
dirtools.lua:run_popen	dirtools.lua:122
dirtools.lua:list_dir	dirtools.lua:488
init.lua:get_files	init.lua:52
init.lua:get_files	init.lua:69
init.lua:get_files	init.lua:69
init.lua:get_files	init.lua:69
init.lua:33	init.lua:83
xpcall	[builtin#21]
init.lua:401	init.lua:403
frame: 000011
dirtools.lua:run_popen	dirtools.lua:120
dirtools.lua:list_dir	dirtools.lua:496
init.lua:get_files	init.lua:52
init.lua:get_files	init.lua:69
init.lua:get_files	init.lua:69
init.lua:get_files	init.lua:69
init.lua:33	init.lua:83
xpcall	[builtin#21]
init.lua:401	init.lua:403
frame: 000011
dirtools.lua:run_popen	dirtools.lua:120
dirtools.lua:list_dir	dirtools.lua:488
init.lua:get_files	init.lua:52
init.lua:get_files	init.lua:69
init.lua:get_files	init.lua:69
init.lua:get_files	init.lua:69
init.lua:33	init.lua:83
xpcall	[builtin#21]
init.lua:401	init.lua:403
frame: 000011
dirtools.lua:run_popen	dirtools.lua:122
dirtools.lua:list_dir	dirtools.lua:488
init.lua:get_files	init.lua:52
init.lua:get_files	init.lua:69
init.lua:get_files	init.lua:69
init.lua:get_files	init.lua:69
init.lua:33	init.lua:83
xpcall	[builtin#21]
init.lua:401	init.lua:403
frame: 000011
dirtools.lua:run_popen	dirtools.lua:120
dirtools.lua:list_dir	dirtools.lua:496
init.lua:get_files	init.lua:52
init.lua:get_files	init.lua:69
init.lua:get_files	init.lua:69
init.lua:get_files	init.lua:69
init.lua:33	init.lua:83
xpcall	[builtin#21]
init.lua:401	init.lua:403
frame: 000011
dirtools.lua:run_popen	dirtools.lua:122
dirtools.lua:list_dir	dirtools.lua:496
init.lua:get_files	init.lua:52
init.lua:get_files	init.lua:69
init.lua:get_files	init.lua:69
init.lua:get_files	init.lua:69
init.lua:33	init.lua:83
xpcall	[builtin#21]
init.lua:401	init.lua:403
frame: 000011
system.lua:sleep	system.lua:197
init.lua:run	init.lua:609
main_states.lua:Update	main_states.lua:196
statemanager.lua:Update	statemanager.lua:118
sequencer.lua:Update	sequencer.lua:66
main.lua:155	main.lua:168
sapp_run	[builtin#171]
main.lua:0	main.lua:219
@0x7ff727ef4830	@0x7ff727ef4830
frame: 000012
dirtools.lua:run_popen	dirtools.lua:120
dirtools.lua:list_dir	dirtools.lua:488
init.lua:get_files	init.lua:52
init.lua:get_files	init.lua:69
init.lua:get_files	init.lua:69
init.lua:get_files	init.lua:69
init.lua:33	init.lua:83
xpcall	[builtin#21]
init.lua:401	init.lua:403
frame: 000012
dirtools.lua:run_popen	dirtools.lua:122
dirtools.lua:list_dir	dirtools.lua:488
init.lua:get_files	init.lua:52
init.lua:get_files	init.lua:69
init.lua:get_files	init.lua:69
init.lua:get_files	init.lua:69
init.lua:33	init.lua:83
xpcall	[builtin#21]
init.lua:401	init.lua:403
frame: 000012
dirtools.lua:run_popen	dirtools.lua:120
dirtools.lua:list_dir	dirtools.lua:496
init.lua:get_files	init.lua:52
init.lua:get_files	init.lua:69
init.lua:get_files	init.lua:69
init.lua:get_files	init.lua:69
init.lua:33	init.lua:83
xpcall	[builtin#21]
init.lua:401	init.lua:403
frame: 000012
dirtools.lua:run_popen	dirtools.lua:122
dirtools.lua:list_dir	dirtools.lua:496
init.lua:get_files	init.lua:52
init.lua:get_files	init.lua:69
init.lua:get_files	init.lua:69
init.lua:get_files	init.lua:69
init.lua:33	init.lua:83
xpcall	[builtin#21]
init.lua:401	init.lua:403
frame: 000012
dirtools.lua:run_popen	dirtools.lua:120
dirtools.lua:list_dir	dirtools.lua:488
init.lua:get_files	init.lua:52
init.lua:get_files	init.lua:69
init.lua:33	init.lua:83
xpcall	[builtin#21]
init.lua:401	init.lua:403
frame: 000012
dirtools.lua:run_popen	dirtools.lua:122
dirtools.lua:list_dir	dirtools.lua:488
init.lua:get_files	init.lua:52
init.lua:get_files	init.lua:69
init.lua:33	init.lua:83
xpcall	[builtin#21]
init.lua:401	init.lua:403
frame: 000012
dirtools.lua:run_popen	dirtools.lua:120
dirtools.lua:list_dir	dirtools.lua:496
init.lua:get_files	init.lua:52
init.lua:get_files	init.lua:69
init.lua:33	init.lua:83
xpcall	[builtin#21]
init.lua:401	init.lua:403
frame: 000012
dirtools.lua:run_popen	dirtools.lua:123
dirtools.lua:list_dir	dirtools.lua:496
init.lua:get_files	init.lua:52
init.lua:get_files	init.lua:69
init.lua:33	init.lua:83
xpcall	[builtin#21]
init.lua:401	init.lua:403
frame: 000012
init.lua:push_clip_rect	init.lua:325
node.lua:665	node.lua:672
node.lua:propagate	node.lua:81
node.lua:665	node.lua:679
node.lua:propagate	node.lua:81
node.lua:665	node.lua:679
node.lua:propagate	node.lua:81
node.lua:draw	node.lua:679
rootview.lua:draw	rootview.lua:570
autocomplete.lua:draw	autocomplete.lua:238
frame: 000013
dirtools.lua:run_popen	dirtools.lua:120
dirtools.lua:list_dir	dirtools.lua:488
init.lua:get_files	init.lua:52
init.lua:get_files	init.lua:69
init.lua:get_files	init.lua:69
init.lua:33	init.lua:83
xpcall	[builtin#21]
init.lua:401	init.lua:403
frame: 000013
dirtools.lua:run_popen	dirtools.lua:122
dirtools.lua:list_dir	dirtools.lua:488
init.lua:get_files	init.lua:52
init.lua:get_files	init.lua:69
init.lua:get_files	init.lua:69
init.lua:33	init.lua:83
xpcall	[builtin#21]
init.lua:401	init.lua:403
frame: 000013
dirtools.lua:run_popen	dirtools.lua:120
dirtools.lua:list_dir	dirtools.lua:496
init.lua:get_files	init.lua:52
init.lua:get_files	init.lua:69
init.lua:get_files	init.lua:69
init.lua:33	init.lua:83
xpcall	[builtin#21]
init.lua:401	init.lua:403
frame: 000013
dirtools.lua:run_popen	dirtools.lua:122
dirtools.lua:list_dir	dirtools.lua:496
init.lua:get_files	init.lua:52
init.lua:get_files	init.lua:69
init.lua:get_files	init.lua:69
init.lua:33	init.lua:83
xpcall	[builtin#21]
init.lua:401	init.lua:403
frame: 000013
dirtools.lua:run_popen	dirtools.lua:122
dirtools.lua:list_dir	dirtools.lua:488
init.lua:get_files	init.lua:52
init.lua:get_files	init.lua:69
init.lua:get_files	init.lua:69
init.lua:get_files	init.lua:69
init.lua:33	init.lua:83
xpcall	[builtin#21]
init.lua:401	init.lua:403
frame: 000013
dirtools.lua:run_popen	dirtools.lua:120
dirtools.lua:list_dir	dirtools.lua:496
init.lua:get_files	init.lua:52
init.lua:get_files	init.lua:69
init.lua:get_files	init.lua:69
init.lua:get_files	init.lua:69
init.lua:33	init.lua:83
xpcall	[builtin#21]
init.lua:401	init.lua:403
frame: 000013
dirtools.lua:run_popen	dirtools.lua:122
dirtools.lua:list_dir	dirtools.lua:496
init.lua:get_files	init.lua:52
init.lua:get_files	init.lua:69
init.lua:get_files	init.lua:69
init.lua:get_files	init.lua:69
init.lua:33	init.lua:83
xpcall	[builtin#21]
init.lua:401	init.lua:403
frame: 000014
dirtools.lua:run_popen	dirtools.lua:120
dirtools.lua:list_dir	dirtools.lua:488
init.lua:get_files	init.lua:52
init.lua:get_files	init.lua:69
init.lua:get_files	init.lua:69
init.lua:get_files	init.lua:69
init.lua:33	init.lua:83
xpcall	[builtin#21]
init.lua:401	init.lua:403
frame: 000014
dirtools.lua:run_popen	dirtools.lua:122
dirtools.lua:list_dir	dirtools.lua:488
init.lua:get_files	init.lua:52
init.lua:get_files	init.lua:69
init.lua:get_files	init.lua:69
init.lua:get_files	init.lua:69
init.lua:33	init.lua:83
xpcall	[builtin#21]
init.lua:401	init.lua:403
frame: 000014
dirtools.lua:run_popen	dirtools.lua:120
dirtools.lua:list_dir	dirtools.lua:496
init.lua:get_files	init.lua:52
init.lua:get_files	init.lua:69
init.lua:get_files	init.lua:69
init.lua:get_files	init.lua:69
init.lua:33	init.lua:83
xpcall	[builtin#21]
init.lua:401	init.lua:403
frame: 000014
dirtools.lua:run_popen	dirtools.lua:122
dirtools.lua:list_dir	dirtools.lua:496
init.lua:get_files	init.lua:52
init.lua:get_files	init.lua:69
init.lua:get_files	init.lua:69
init.lua:get_files	init.lua:69
init.lua:33	init.lua:83
xpcall	[builtin#21]
init.lua:401	init.lua:403
frame: 000014
dirtools.lua:run_popen	dirtools.lua:123
dirtools.lua:list_dir	dirtools.lua:496
init.lua:get_files	init.lua:52
init.lua:get_files	init.lua:69
init.lua:get_files	init.lua:69
init.lua:get_files	init.lua:69
init.lua:33	init.lua:83
xpcall	[builtin#21]
init.lua:401	init.lua:403
frame: 000014
dirtools.lua:run_popen	dirtools.lua:122
dirtools.lua:list_dir	dirtools.lua:488
init.lua:get_files	init.lua:52
init.lua:get_files	init.lua:69
init.lua:get_files	init.lua:69
init.lua:33	init.lua:83
xpcall	[builtin#21]
init.lua:401	init.lua:403
frame: 000014
dirtools.lua:run_popen	dirtools.lua:122
dirtools.lua:list_dir	dirtools.lua:496
init.lua:get_files	init.lua:52
init.lua:get_files	init.lua:69
init.lua:get_files	init.lua:69
init.lua:33	init.lua:83
xpcall	[builtin#21]
init.lua:401	init.lua:403
frame: 000014
dirtools.lua:get_file_info	dirtools.lua:659
init.lua:get_files	init.lua:58
init.lua:get_files	init.lua:69
init.lua:get_files	init.lua:69
init.lua:33	init.lua:83
xpcall	[builtin#21]
init.lua:401	init.lua:403
frame: 000014
main.lua:155	main.lua:178
sapp_run	[builtin#171]
main.lua:0	main.lua:219
@0x7ff727ef4830	@0x7ff727ef4830
frame: 000015
dirtools.lua:run_popen	dirtools.lua:120
dirtools.lua:list_dir	dirtools.lua:488
init.lua:get_files	init.lua:52
init.lua:get_files	init.lua:69
init.lua:get_files	init.lua:69
init.lua:33	init.lua:83
xpcall	[builtin#21]
init.lua:401	init.lua:403
frame: 000015
dirtools.lua:run_popen	dirtools.lua:120
dirtools.lua:list_dir	dirtools.lua:496
init.lua:get_files	init.lua:52
init.lua:get_files	init.lua:69
init.lua:get_files	init.lua:69
init.lua:33	init.lua:83
xpcall	[builtin#21]
init.lua:401	init.lua:403
frame: 000015
dirtools.lua:run_popen	dirtools.lua:122
dirtools.lua:list_dir	dirtools.lua:496
init.lua:get_files	init.lua:52
init.lua:get_files	init.lua:69
init.lua:get_files	init.lua:69
init.lua:33	init.lua:83
xpcall	[builtin#21]
init.lua:401	init.lua:403
frame: 000015
dirtools.lua:run_popen	dirtools.lua:123
dirtools.lua:list_dir	dirtools.lua:496
init.lua:get_files	init.lua:52
init.lua:get_files	init.lua:69
init.lua:get_files	init.lua:69
init.lua:33	init.lua:83
xpcall	[builtin#21]
init.lua:401	init.lua:403
frame: 000015
dirtools.lua:run_popen	dirtools.lua:120
dirtools.lua:list_dir	dirtools.lua:488
init.lua:get_files	init.lua:52
init.lua:get_files	init.lua:69
init.lua:get_files	init.lua:69
init.lua:33	init.lua:83
xpcall	[builtin#21]
init.lua:401	init.lua:403
frame: 000015
dirtools.lua:run_popen	dirtools.lua:122
dirtools.lua:list_dir	dirtools.lua:488
init.lua:get_files	init.lua:52
init.lua:get_files	init.lua:69
init.lua:get_files	init.lua:69
init.lua:33	init.lua:83
xpcall	[builtin#21]
init.lua:401	init.lua:403
frame: 000015
dirtools.lua:run_popen	dirtools.lua:120
dirtools.lua:list_dir	dirtools.lua:496
init.lua:get_files	init.lua:52
init.lua:get_files	init.lua:69
init.lua:get_files	init.lua:69
init.lua:33	init.lua:83
xpcall	[builtin#21]
init.lua:401	init.lua:403
frame: 000015
dirtools.lua:run_popen	dirtools.lua:122
dirtools.lua:list_dir	dirtools.lua:496
init.lua:get_files	init.lua:52
init.lua:get_files	init.lua:69
init.lua:get_files	init.lua:69
init.lua:33	init.lua:83
xpcall	[builtin#21]
init.lua:401	init.lua:403
frame: 000016
dirtools.lua:run_popen	dirtools.lua:120
dirtools.lua:list_dir	dirtools.lua:488
init.lua:get_files	init.lua:52
init.lua:get_files	init.lua:69
init.lua:get_files	init.lua:69
init.lua:33	init.lua:83
xpcall	[builtin#21]
init.lua:401	init.lua:403
frame: 000016
dirtools.lua:run_popen	dirtools.lua:122
dirtools.lua:list_dir	dirtools.lua:488
init.lua:get_files	init.lua:52
init.lua:get_files	init.lua:69
init.lua:get_files	init.lua:69
init.lua:33	init.lua:83
xpcall	[builtin#21]
init.lua:401	init.lua:403
frame: 000016
dirtools.lua:run_popen	dirtools.lua:120
dirtools.lua:list_dir	dirtools.lua:496
init.lua:get_files	init.lua:52
init.lua:get_files	init.lua:69
init.lua:get_files	init.lua:69
init.lua:33	init.lua:83
xpcall	[builtin#21]
init.lua:401	init.lua:403
frame: 000016
dirtools.lua:run_popen	dirtools.lua:123
dirtools.lua:list_dir	dirtools.lua:496
init.lua:get_files	init.lua:52
init.lua:get_files	init.lua:69
init.lua:get_files	init.lua:69
init.lua:33	init.lua:83
xpcall	[builtin#21]
init.lua:401	init.lua:403
frame: 000016
dirtools.lua:run_popen	dirtools.lua:120
dirtools.lua:list_dir	dirtools.lua:488
init.lua:get_files	init.lua:52
init.lua:get_files	init.lua:69
init.lua:get_files	init.lua:69
init.lua:33	init.lua:83
xpcall	[builtin#21]
init.lua:401	init.lua:403
frame: 000016
dirtools.lua:run_popen	dirtools.lua:122
dirtools.lua:list_dir	dirtools.lua:488
init.lua:get_files	init.lua:52
init.lua:get_files	init.lua:69
init.lua:get_files	init.lua:69
init.lua:33	init.lua:83
xpcall	[builtin#21]
init.lua:401	init.lua:403
frame: 000016
dirtools.lua:run_popen	dirtools.lua:120
dirtools.lua:list_dir	dirtools.lua:496
init.lua:get_files	init.lua:52
init.lua:get_files	init.lua:69
init.lua:get_files	init.lua:69
init.lua:33	init.lua:83
xpcall	[builtin#21]
init.lua:401	init.lua:403
frame: 000016
dirtools.lua:run_popen	dirtools.lua:122
dirtools.lua:list_dir	dirtools.lua:496
init.lua:get_files	init.lua:52
init.lua:get_files	init.lua:69
init.lua:get_files	init.lua:69
init.lua:33	init.lua:83
xpcall	[builtin#21]
init.lua:401	init.lua:403
frame: 000017
dirtools.lua:run_popen	dirtools.lua:120
dirtools.lua:list_dir	dirtools.lua:488
init.lua:get_files	init.lua:52
init.lua:get_files	init.lua:69
init.lua:get_files	init.lua:69
init.lua:get_files	init.lua:69
init.lua:33	init.lua:83
xpcall	[builtin#21]
init.lua:401	init.lua:403
frame: 000017
dirtools.lua:run_popen	dirtools.lua:122
dirtools.lua:list_dir	dirtools.lua:488
init.lua:get_files	init.lua:52
init.lua:get_files	init.lua:69
init.lua:get_files	init.lua:69
init.lua:get_files	init.lua:69
init.lua:33	init.lua:83
xpcall	[builtin#21]
init.lua:401	init.lua:403
frame: 000017
dirtools.lua:run_popen	dirtools.lua:120
dirtools.lua:list_dir	dirtools.lua:496
init.lua:get_files	init.lua:52
init.lua:get_files	init.lua:69
init.lua:get_files	init.lua:69
init.lua:get_files	init.lua:69
init.lua:33	init.lua:83
xpcall	[builtin#21]
init.lua:401	init.lua:403
frame: 000017
dirtools.lua:run_popen	dirtools.lua:122
dirtools.lua:list_dir	dirtools.lua:496
init.lua:get_files	init.lua:52
init.lua:get_files	init.lua:69
init.lua:get_files	init.lua:69
init.lua:get_files	init.lua:69
init.lua:33	init.lua:83
xpcall	[builtin#21]
init.lua:401	init.lua:403
frame: 000017
dirtools.lua:run_popen	dirtools.lua:120
dirtools.lua:list_dir	dirtools.lua:488
init.lua:get_files	init.lua:52
init.lua:get_files	init.lua:69
init.lua:33	init.lua:83
xpcall	[builtin#21]
init.lua:401	init.lua:403
frame: 000017
dirtools.lua:run_popen	dirtools.lua:122
dirtools.lua:list_dir	dirtools.lua:488
init.lua:get_files	init.lua:52
init.lua:get_files	init.lua:69
init.lua:33	init.lua:83
xpcall	[builtin#21]
init.lua:401	init.lua:403
frame: 000017
dirtools.lua:run_popen	dirtools.lua:120
dirtools.lua:list_dir	dirtools.lua:496
init.lua:get_files	init.lua:52
init.lua:get_files	init.lua:69
init.lua:33	init.lua:83
xpcall	[builtin#21]
init.lua:401	init.lua:403
frame: 000017
dirtools.lua:run_popen	dirtools.lua:122
dirtools.lua:list_dir	dirtools.lua:496
init.lua:get_files	init.lua:52
init.lua:get_files	init.lua:69
init.lua:33	init.lua:83
xpcall	[builtin#21]
init.lua:401	init.lua:403
frame: 000018
dirtools.lua:run_popen	dirtools.lua:120
dirtools.lua:list_dir	dirtools.lua:488
init.lua:get_files	init.lua:52
init.lua:get_files	init.lua:69
init.lua:get_files	init.lua:69
init.lua:33	init.lua:83
xpcall	[builtin#21]
init.lua:401	init.lua:403
frame: 000018
dirtools.lua:run_popen	dirtools.lua:123
dirtools.lua:list_dir	dirtools.lua:488
init.lua:get_files	init.lua:52
init.lua:get_files	init.lua:69
init.lua:get_files	init.lua:69
init.lua:33	init.lua:83
xpcall	[builtin#21]
init.lua:401	init.lua:403
frame: 000018
dirtools.lua:run_popen	dirtools.lua:120
dirtools.lua:list_dir	dirtools.lua:496
init.lua:get_files	init.lua:52
init.lua:get_files	init.lua:69
init.lua:get_files	init.lua:69
init.lua:33	init.lua:83
xpcall	[builtin#21]
init.lua:401	init.lua:403
frame: 000018
dirtools.lua:run_popen	dirtools.lua:120
dirtools.lua:list_dir	dirtools.lua:488
init.lua:get_files	init.lua:52
init.lua:get_files	init.lua:69
init.lua:get_files	init.lua:69
init.lua:get_files	init.lua:69
init.lua:33	init.lua:83
xpcall	[builtin#21]
init.lua:401	init.lua:403
frame: 000018
dirtools.lua:run_popen	dirtools.lua:120
dirtools.lua:list_dir	dirtools.lua:496
init.lua:get_files	init.lua:52
init.lua:get_files	init.lua:69
init.lua:get_files	init.lua:69
init.lua:get_files	init.lua:69
init.lua:33	init.lua:83
xpcall	[builtin#21]
init.lua:401	init.lua:403
frame: 000018
dirtools.lua:run_popen	dirtools.lua:122
dirtools.lua:list_dir	dirtools.lua:496
init.lua:get_files	init.lua:52
init.lua:get_files	init.lua:69
init.lua:get_files	init.lua:69
init.lua:get_files	init.lua:69
init.lua:33	init.lua:83
xpcall	[builtin#21]
init.lua:401	init.lua:403
frame: 000018
dirtools.lua:run_popen	dirtools.lua:123
dirtools.lua:list_dir	dirtools.lua:496
init.lua:get_files	init.lua:52
init.lua:get_files	init.lua:69
init.lua:get_files	init.lua:69
init.lua:get_files	init.lua:69
init.lua:33	init.lua:83
xpcall	[builtin#21]
init.lua:401	init.lua:403
frame: 000019
dirtools.lua:run_popen	dirtools.lua:120
dirtools.lua:list_dir	dirtools.lua:488
init.lua:get_files	init.lua:52
init.lua:get_files	init.lua:69
init.lua:get_files	init.lua:69
init.lua:get_files	init.lua:69
init.lua:get_files	init.lua:69
init.lua:33	init.lua:83
xpcall	[builtin#21]
init.lua:401	init.lua:403
frame: 000019
dirtools.lua:run_popen	dirtools.lua:122
dirtools.lua:list_dir	dirtools.lua:488
init.lua:get_files	init.lua:52
init.lua:get_files	init.lua:69
init.lua:get_files	init.lua:69
init.lua:get_files	init.lua:69
init.lua:get_files	init.lua:69
init.lua:33	init.lua:83
xpcall	[builtin#21]
init.lua:401	init.lua:403
frame: 000019
dirtools.lua:run_popen	dirtools.lua:120
dirtools.lua:list_dir	dirtools.lua:496
init.lua:get_files	init.lua:52
init.lua:get_files	init.lua:69
init.lua:get_files	init.lua:69
init.lua:get_files	init.lua:69
init.lua:get_files	init.lua:69
init.lua:33	init.lua:83
xpcall	[builtin#21]
init.lua:401	init.lua:403
frame: 000019
dirtools.lua:run_popen	dirtools.lua:122
dirtools.lua:list_dir	dirtools.lua:496
init.lua:get_files	init.lua:52
init.lua:get_files	init.lua:69
init.lua:get_files	init.lua:69
init.lua:get_files	init.lua:69
init.lua:get_files	init.lua:69
init.lua:33	init.lua:83
xpcall	[builtin#21]
init.lua:401	init.lua:403
frame: 000019
dirtools.lua:run_popen	dirtools.lua:120
dirtools.lua:list_dir	dirtools.lua:488
init.lua:get_files	init.lua:52
init.lua:get_files	init.lua:69
init.lua:get_files	init.lua:69
init.lua:get_files	init.lua:69
init.lua:33	init.lua:83
xpcall	[builtin#21]
init.lua:401	init.lua:403
frame: 000019
dirtools.lua:run_popen	dirtools.lua:122
dirtools.lua:list_dir	dirtools.lua:488
init.lua:get_files	init.lua:52
init.lua:get_files	init.lua:69
init.lua:get_files	init.lua:69
init.lua:get_files	init.lua:69
init.lua:33	init.lua:83
xpcall	[builtin#21]
init.lua:401	init.lua:403
frame: 000019
dirtools.lua:run_popen	dirtools.lua:120
dirtools.lua:list_dir	dirtools.lua:496
init.lua:get_files	init.lua:52
init.lua:get_files	init.lua:69
init.lua:get_files	init.lua:69
init.lua:get_files	init.lua:69
init.lua:33	init.lua:83
xpcall	[builtin#21]
init.lua:401	init.lua:403
frame: 000019
dirtools.lua:run_popen	dirtools.lua:122
dirtools.lua:list_dir	dirtools.lua:496
init.lua:get_files	init.lua:52
init.lua:get_files	init.lua:69
init.lua:get_files	init.lua:69
init.lua:get_files	init.lua:69
init.lua:33	init.lua:83
xpcall	[builtin#21]
init.lua:401	init.lua:403
frame: 000019
system.lua:sleep	system.lua:197
init.lua:run	init.lua:609
main_states.lua:Update	main_states.lua:196
statemanager.lua:Update	statemanager.lua:118
sequencer.lua:Update	sequencer.lua:66
main.lua:155	main.lua:168
sapp_run	[builtin#171]
main.lua:0	main.lua:219
@0x7ff727ef4830	@0x7ff727ef4830
frame: 000020
dirtools.lua:run_popen	dirtools.lua:120
dirtools.lua:list_dir	dirtools.lua:488
init.lua:get_files	init.lua:52
init.lua:get_files	init.lua:69
init.lua:get_files	init.lua:69
init.lua:get_files	init.lua:69
init.lua:33	init.lua:83
xpcall	[builtin#21]
init.lua:401	init.lua:403
frame: 000020
dirtools.lua:run_popen	dirtools.lua:122
dirtools.lua:list_dir	dirtools.lua:488
init.lua:get_files	init.lua:52
init.lua:get_files	init.lua:69
init.lua:get_files	init.lua:69
init.lua:get_files	init.lua:69
init.lua:33	init.lua:83
xpcall	[builtin#21]
init.lua:401	init.lua:403
frame: 000020
dirtools.lua:run_popen	dirtools.lua:120
dirtools.lua:list_dir	dirtools.lua:496
init.lua:get_files	init.lua:52
init.lua:get_files	init.lua:69
init.lua:get_files	init.lua:69
init.lua:get_files	init.lua:69
init.lua:33	init.lua:83
xpcall	[builtin#21]
init.lua:401	init.lua:403
frame: 000020
dirtools.lua:run_popen	dirtools.lua:122
dirtools.lua:list_dir	dirtools.lua:496
init.lua:get_files	init.lua:52
init.lua:get_files	init.lua:69
init.lua:get_files	init.lua:69
init.lua:get_files	init.lua:69
init.lua:33	init.lua:83
xpcall	[builtin#21]
init.lua:401	init.lua:403
frame: 000020
dirtools.lua:run_popen	dirtools.lua:120
dirtools.lua:list_dir	dirtools.lua:488
init.lua:get_files	init.lua:52
init.lua:get_files	init.lua:69
init.lua:get_files	init.lua:69
init.lua:get_files	init.lua:69
init.lua:33	init.lua:83
xpcall	[builtin#21]
init.lua:401	init.lua:403
frame: 000020
dirtools.lua:run_popen	dirtools.lua:122
dirtools.lua:list_dir	dirtools.lua:488
init.lua:get_files	init.lua:52
init.lua:get_files	init.lua:69
init.lua:get_files	init.lua:69
init.lua:get_files	init.lua:69
init.lua:33	init.lua:83
xpcall	[builtin#21]
init.lua:401	init.lua:403
frame: 000020
dirtools.lua:run_popen	dirtools.lua:120
dirtools.lua:list_dir	dirtools.lua:496
init.lua:get_files	init.lua:52
init.lua:get_files	init.lua:69
init.lua:get_files	init.lua:69
init.lua:get_files	init.lua:69
init.lua:33	init.lua:83
xpcall	[builtin#21]
init.lua:401	init.lua:403
frame: 000020
dirtools.lua:run_popen	dirtools.lua:122
dirtools.lua:list_dir	dirtools.lua:496
init.lua:get_files	init.lua:52
init.lua:get_files	init.lua:69
init.lua:get_files	init.lua:69
init.lua:get_files	init.lua:69
init.lua:33	init.lua:83
xpcall	[builtin#21]
init.lua:401	init.lua:403
frame: 000021
main.lua:147	main.lua:148
sapp_run	[builtin#171]
main.lua:0	main.lua:219
@0x7ff727ef4830	@0x7ff727ef4830
frame: 000021
dirtools.lua:run_popen	dirtools.lua:120
dirtools.lua:list_dir	dirtools.lua:488
init.lua:get_files	init.lua:52
init.lua:get_files	init.lua:69
init.lua:get_files	init.lua:69
init.lua:33	init.lua:83
xpcall	[builtin#21]
init.lua:401	init.lua:403
frame: 000021
dirtools.lua:run_popen	dirtools.lua:122
dirtools.lua:list_dir	dirtools.lua:488
init.lua:get_files	init.lua:52
init.lua:get_files	init.lua:69
init.lua:get_files	init.lua:69
init.lua:33	init.lua:83
xpcall	[builtin#21]
init.lua:401	init.lua:403
frame: 000021
dirtools.lua:run_popen	dirtools.lua:120
dirtools.lua:list_dir	dirtools.lua:496
init.lua:get_files	init.lua:52
init.lua:get_files	init.lua:69
init.lua:get_files	init.lua:69
init.lua:33	init.lua:83
xpcall	[builtin#21]
init.lua:401	init.lua:403
frame: 000021
dirtools.lua:run_popen	dirtools.lua:122
dirtools.lua:list_dir	dirtools.lua:496
init.lua:get_files	init.lua:52
init.lua:get_files	init.lua:69
init.lua:get_files	init.lua:69
init.lua:33	init.lua:83
xpcall	[builtin#21]
init.lua:401	init.lua:403
frame: 000021
dirtools.lua:run_popen	dirtools.lua:120
dirtools.lua:list_dir	dirtools.lua:488
init.lua:get_files	init.lua:52
init.lua:get_files	init.lua:69
init.lua:get_files	init.lua:69
init.lua:33	init.lua:83
xpcall	[builtin#21]
init.lua:401	init.lua:403
frame: 000021
dirtools.lua:run_popen	dirtools.lua:122
dirtools.lua:list_dir	dirtools.lua:488
init.lua:get_files	init.lua:52
init.lua:get_files	init.lua:69
init.lua:get_files	init.lua:69
init.lua:33	init.lua:83
xpcall	[builtin#21]
init.lua:401	init.lua:403
frame: 000021
dirtools.lua:run_popen	dirtools.lua:120
dirtools.lua:list_dir	dirtools.lua:496
init.lua:get_files	init.lua:52
init.lua:get_files	init.lua:69
init.lua:get_files	init.lua:69
init.lua:33	init.lua:83
xpcall	[builtin#21]
init.lua:401	init.lua:403
frame: 000021
dirtools.lua:run_popen	dirtools.lua:122
dirtools.lua:list_dir	dirtools.lua:496
init.lua:get_files	init.lua:52
init.lua:get_files	init.lua:69
init.lua:get_files	init.lua:69
init.lua:33	init.lua:83
xpcall	[builtin#21]
init.lua:401	init.lua:403
frame: 000022
main.lua:147	main.lua:148
sapp_run	[builtin#171]
main.lua:0	main.lua:219
@0x7ff727ef4830	@0x7ff727ef4830
frame: 000022
dirtools.lua:run_popen	dirtools.lua:120
dirtools.lua:list_dir	dirtools.lua:488
init.lua:get_files	init.lua:52
init.lua:get_files	init.lua:69
init.lua:get_files	init.lua:69
init.lua:get_files	init.lua:69
init.lua:33	init.lua:83
xpcall	[builtin#21]
init.lua:401	init.lua:403
frame: 000022
dirtools.lua:run_popen	dirtools.lua:122
dirtools.lua:list_dir	dirtools.lua:488
init.lua:get_files	init.lua:52
init.lua:get_files	init.lua:69
init.lua:get_files	init.lua:69
init.lua:get_files	init.lua:69
init.lua:33	init.lua:83
xpcall	[builtin#21]
init.lua:401	init.lua:403
frame: 000022
dirtools.lua:run_popen	dirtools.lua:120
dirtools.lua:list_dir	dirtools.lua:496
init.lua:get_files	init.lua:52
init.lua:get_files	init.lua:69
init.lua:get_files	init.lua:69
init.lua:get_files	init.lua:69
init.lua:33	init.lua:83
xpcall	[builtin#21]
init.lua:401	init.lua:403
frame: 000022
dirtools.lua:run_popen	dirtools.lua:122
dirtools.lua:list_dir	dirtools.lua:496
init.lua:get_files	init.lua:52
init.lua:get_files	init.lua:69
init.lua:get_files	init.lua:69
init.lua:get_files	init.lua:69
init.lua:33	init.lua:83
xpcall	[builtin#21]
init.lua:401	init.lua:403
frame: 000022
init.lua:518	init.lua:528
frame: 000022
dirtools.lua:run_popen	dirtools.lua:120
dirtools.lua:list_dir	dirtools.lua:488
init.lua:get_files	init.lua:52
init.lua:get_files	init.lua:69
init.lua:get_files	init.lua:69
init.lua:get_files	init.lua:69
init.lua:get_files	init.lua:69
init.lua:33	init.lua:83
xpcall	[builtin#21]
init.lua:401	init.lua:403
frame: 000022
dirtools.lua:run_popen	dirtools.lua:122
dirtools.lua:list_dir	dirtools.lua:488
init.lua:get_files	init.lua:52
init.lua:get_files	init.lua:69
init.lua:get_files	init.lua:69
init.lua:get_files	init.lua:69
init.lua:get_files	init.lua:69
init.lua:33	init.lua:83
xpcall	[builtin#21]
init.lua:401	init.lua:403
frame: 000022
dirtools.lua:run_popen	dirtools.lua:120
dirtools.lua:list_dir	dirtools.lua:496
init.lua:get_files	init.lua:52
init.lua:get_files	init.lua:69
init.lua:get_files	init.lua:69
init.lua:get_files	init.lua:69
init.lua:get_files	init.lua:69
init.lua:33	init.lua:83
xpcall	[builtin#21]
init.lua:401	init.lua:403
frame: 000022
dirtools.lua:run_popen	dirtools.lua:122
dirtools.lua:list_dir	dirtools.lua:496
init.lua:get_files	init.lua:52
init.lua:get_files	init.lua:69
init.lua:get_files	init.lua:69
init.lua:get_files	init.lua:69
init.lua:get_files	init.lua:69
init.lua:33	init.lua:83
xpcall	[builtin#21]
init.lua:401	init.lua:403
frame: 000023
main.lua:147	main.lua:148
sapp_run	[builtin#171]
main.lua:0	main.lua:219
@0x7ff727ef4830	@0x7ff727ef4830
frame: 000023
dirtools.lua:run_popen	dirtools.lua:120
dirtools.lua:list_dir	dirtools.lua:488
init.lua:get_files	init.lua:52
init.lua:get_files	init.lua:69
init.lua:get_files	init.lua:69
init.lua:get_files	init.lua:69
init.lua:get_files	init.lua:69
init.lua:get_files	init.lua:69
init.lua:33	init.lua:83
xpcall	[builtin#21]
frame: 000023
dirtools.lua:run_popen	dirtools.lua:122
dirtools.lua:list_dir	dirtools.lua:488
init.lua:get_files	init.lua:52
init.lua:get_files	init.lua:69
init.lua:get_files	init.lua:69
init.lua:get_files	init.lua:69
init.lua:get_files	init.lua:69
init.lua:get_files	init.lua:69
init.lua:33	init.lua:83
xpcall	[builtin#21]
frame: 000023
dirtools.lua:run_popen	dirtools.lua:120
dirtools.lua:list_dir	dirtools.lua:496
init.lua:get_files	init.lua:52
init.lua:get_files	init.lua:69
init.lua:get_files	init.lua:69
init.lua:get_files	init.lua:69
init.lua:get_files	init.lua:69
init.lua:get_files	init.lua:69
init.lua:33	init.lua:83
xpcall	[builtin#21]
frame: 000023
dirtools.lua:run_popen	dirtools.lua:122
dirtools.lua:list_dir	dirtools.lua:496
init.lua:get_files	init.lua:52
init.lua:get_files	init.lua:69
init.lua:get_files	init.lua:69
init.lua:get_files	init.lua:69
init.lua:get_files	init.lua:69
init.lua:get_files	init.lua:69
init.lua:33	init.lua:83
xpcall	[builtin#21]
frame: 000023
dirtools.lua:run_popen	dirtools.lua:120
dirtools.lua:list_dir	dirtools.lua:488
init.lua:get_files	init.lua:52
init.lua:get_files	init.lua:69
init.lua:get_files	init.lua:69
init.lua:get_files	init.lua:69
init.lua:get_files	init.lua:69
init.lua:get_files	init.lua:69
init.lua:33	init.lua:83
xpcall	[builtin#21]
frame: 000023
dirtools.lua:run_popen	dirtools.lua:122
dirtools.lua:list_dir	dirtools.lua:488
init.lua:get_files	init.lua:52
init.lua:get_files	init.lua:69
init.lua:get_files	init.lua:69
init.lua:get_files	init.lua:69
init.lua:get_files	init.lua:69
init.lua:get_files	init.lua:69
init.lua:33	init.lua:83
xpcall	[builtin#21]
frame: 000023
dirtools.lua:run_popen	dirtools.lua:120
dirtools.lua:list_dir	dirtools.lua:496
init.lua:get_files	init.lua:52
init.lua:get_files	init.lua:69
init.lua:get_files	init.lua:69
init.lua:get_files	init.lua:69
init.lua:get_files	init.lua:69
init.lua:get_files	init.lua:69
init.lua:33	init.lua:83
xpcall	[builtin#21]
frame: 000023
dirtools.lua:run_popen	dirtools.lua:122
dirtools.lua:list_dir	dirtools.lua:496
init.lua:get_files	init.lua:52
init.lua:get_files	init.lua:69
init.lua:get_files	init.lua:69
init.lua:get_files	init.lua:69
init.lua:get_files	init.lua:69
init.lua:get_files	init.lua:69
init.lua:33	init.lua:83
xpcall	[builtin#21]
frame: 000024
view.lua:clamp_scroll_position	view.lua:125
view.lua:update	view.lua:131
workspaces.lua:update	workspaces.lua:302
node.lua:update	node.lua:609
node.lua:update	node.lua:615
node.lua:update	node.lua:616
node.lua:update	node.lua:615
node.lua:update	node.lua:615
rootview.lua:update	rootview.lua:541
autocomplete.lua:update	autocomplete.lua:224
frame: 000024
dirtools.lua:run_popen	dirtools.lua:122
dirtools.lua:list_dir	dirtools.lua:488
init.lua:get_files	init.lua:52
init.lua:get_files	init.lua:69
init.lua:get_files	init.lua:69
init.lua:get_files	init.lua:69
init.lua:get_files	init.lua:69
init.lua:get_files	init.lua:69
init.lua:33	init.lua:83
xpcall	[builtin#21]
frame: 000024
dirtools.lua:run_popen	dirtools.lua:123
dirtools.lua:list_dir	dirtools.lua:488
init.lua:get_files	init.lua:52
init.lua:get_files	init.lua:69
init.lua:get_files	init.lua:69
init.lua:get_files	init.lua:69
init.lua:get_files	init.lua:69
init.lua:get_files	init.lua:69
init.lua:33	init.lua:83
xpcall	[builtin#21]
frame: 000024
dirtools.lua:run_popen	dirtools.lua:122
dirtools.lua:list_dir	dirtools.lua:496
init.lua:get_files	init.lua:52
init.lua:get_files	init.lua:69
init.lua:get_files	init.lua:69
init.lua:get_files	init.lua:69
init.lua:get_files	init.lua:69
init.lua:get_files	init.lua:69
init.lua:33	init.lua:83
xpcall	[builtin#21]
frame: 000024
dirtools.lua:run_popen	dirtools.lua:120
dirtools.lua:list_dir	dirtools.lua:488
init.lua:get_files	init.lua:52
init.lua:get_files	init.lua:69
init.lua:get_files	init.lua:69
init.lua:get_files	init.lua:69
init.lua:get_files	init.lua:69
init.lua:get_files	init.lua:69
init.lua:33	init.lua:83
xpcall	[builtin#21]
frame: 000024
dirtools.lua:run_popen	dirtools.lua:122
dirtools.lua:list_dir	dirtools.lua:488
init.lua:get_files	init.lua:52
init.lua:get_files	init.lua:69
init.lua:get_files	init.lua:69
init.lua:get_files	init.lua:69
init.lua:get_files	init.lua:69
init.lua:get_files	init.lua:69
init.lua:33	init.lua:83
xpcall	[builtin#21]
frame: 000024
dirtools.lua:run_popen	dirtools.lua:120
dirtools.lua:list_dir	dirtools.lua:496
init.lua:get_files	init.lua:52
init.lua:get_files	init.lua:69
init.lua:get_files	init.lua:69
init.lua:get_files	init.lua:69
init.lua:get_files	init.lua:69
init.lua:get_files	init.lua:69
init.lua:33	init.lua:83
xpcall	[builtin#21]
frame: 000024
dirtools.lua:run_popen	dirtools.lua:122
dirtools.lua:list_dir	dirtools.lua:496
init.lua:get_files	init.lua:52
init.lua:get_files	init.lua:69
init.lua:get_files	init.lua:69
init.lua:get_files	init.lua:69
init.lua:get_files	init.lua:69
init.lua:get_files	init.lua:69
init.lua:33	init.lua:83
xpcall	[builtin#21]
frame: 000024
main_states.lua:Update	main_states.lua:204
statemanager.lua:Update	statemanager.lua:118
sequencer.lua:Update	sequencer.lua:66
main.lua:155	main.lua:168
sapp_run	[builtin#171]
main.lua:0	main.lua:219
@0x7ff727ef4830	@0x7ff727ef4830
frame: 000025
dirtools.lua:run_popen	dirtools.lua:120
dirtools.lua:list_dir	dirtools.lua:488
init.lua:get_files	init.lua:52
init.lua:get_files	init.lua:69
init.lua:get_files	init.lua:69
init.lua:get_files	init.lua:69
init.lua:get_files	init.lua:69
init.lua:get_files	init.lua:69
init.lua:33	init.lua:83
xpcall	[builtin#21]
frame: 000025
dirtools.lua:run_popen	dirtools.lua:122
dirtools.lua:list_dir	dirtools.lua:488
init.lua:get_files	init.lua:52
init.lua:get_files	init.lua:69
init.lua:get_files	init.lua:69
init.lua:get_files	init.lua:69
init.lua:get_files	init.lua:69
init.lua:get_files	init.lua:69
init.lua:33	init.lua:83
xpcall	[builtin#21]
frame: 000025
dirtools.lua:run_popen	dirtools.lua:120
dirtools.lua:list_dir	dirtools.lua:496
init.lua:get_files	init.lua:52
init.lua:get_files	init.lua:69
init.lua:get_files	init.lua:69
init.lua:get_files	init.lua:69
init.lua:get_files	init.lua:69
init.lua:get_files	init.lua:69
init.lua:33	init.lua:83
xpcall	[builtin#21]
frame: 000025
dirtools.lua:run_popen	dirtools.lua:122
dirtools.lua:list_dir	dirtools.lua:496
init.lua:get_files	init.lua:52
init.lua:get_files	init.lua:69
init.lua:get_files	init.lua:69
init.lua:get_files	init.lua:69
init.lua:get_files	init.lua:69
init.lua:get_files	init.lua:69
init.lua:33	init.lua:83
xpcall	[builtin#21]
frame: 000025
dirtools.lua:run_popen	dirtools.lua:120
dirtools.lua:list_dir	dirtools.lua:488
init.lua:get_files	init.lua:52
init.lua:get_files	init.lua:69
init.lua:get_files	init.lua:69
init.lua:33	init.lua:83
xpcall	[builtin#21]
init.lua:401	init.lua:403
frame: 000025
dirtools.lua:run_popen	dirtools.lua:122
dirtools.lua:list_dir	dirtools.lua:488
init.lua:get_files	init.lua:52
init.lua:get_files	init.lua:69
init.lua:get_files	init.lua:69
init.lua:33	init.lua:83
xpcall	[builtin#21]
init.lua:401	init.lua:403
frame: 000025
dirtools.lua:run_popen	dirtools.lua:120
dirtools.lua:list_dir	dirtools.lua:496
init.lua:get_files	init.lua:52
init.lua:get_files	init.lua:69
init.lua:get_files	init.lua:69
init.lua:33	init.lua:83
xpcall	[builtin#21]
init.lua:401	init.lua:403
frame: 000025
dirtools.lua:run_popen	dirtools.lua:122
dirtools.lua:list_dir	dirtools.lua:496
init.lua:get_files	init.lua:52
init.lua:get_files	init.lua:69
init.lua:get_files	init.lua:69
init.lua:33	init.lua:83
xpcall	[builtin#21]
init.lua:401	init.lua:403
frame: 000025
system.lua:sleep	system.lua:197
init.lua:run	init.lua:609
main_states.lua:Update	main_states.lua:196
statemanager.lua:Update	statemanager.lua:118
sequencer.lua:Update	sequencer.lua:66
main.lua:155	main.lua:168
sapp_run	[builtin#171]
main.lua:0	main.lua:219
@0x7ff727ef4830	@0x7ff727ef4830
frame: 000026
dirtools.lua:run_popen	dirtools.lua:120
dirtools.lua:list_dir	dirtools.lua:488
init.lua:get_files	init.lua:52
init.lua:get_files	init.lua:69
init.lua:get_files	init.lua:69
init.lua:33	init.lua:83
xpcall	[builtin#21]
init.lua:401	init.lua:403
frame: 000026
dirtools.lua:run_popen	dirtools.lua:122
dirtools.lua:list_dir	dirtools.lua:488
init.lua:get_files	init.lua:52
init.lua:get_files	init.lua:69
init.lua:get_files	init.lua:69
init.lua:33	init.lua:83
xpcall	[builtin#21]
init.lua:401	init.lua:403
frame: 000026
dirtools.lua:run_popen	dirtools.lua:120
dirtools.lua:list_dir	dirtools.lua:496
init.lua:get_files	init.lua:52
init.lua:get_files	init.lua:69
init.lua:get_files	init.lua:69
init.lua:33	init.lua:83
xpcall	[builtin#21]
init.lua:401	init.lua:403
frame: 000026
dirtools.lua:run_popen	dirtools.lua:122
dirtools.lua:list_dir	dirtools.lua:496
init.lua:get_files	init.lua:52
init.lua:get_files	init.lua:69
init.lua:get_files	init.lua:69
init.lua:33	init.lua:83
xpcall	[builtin#21]
init.lua:401	init.lua:403
frame: 000026
dirtools.lua:run_popen	dirtools.lua:120
dirtools.lua:list_dir	dirtools.lua:488
init.lua:get_files	init.lua:52
init.lua:get_files	init.lua:69
init.lua:get_files	init.lua:69
init.lua:33	init.lua:83
xpcall	[builtin#21]
init.lua:401	init.lua:403
frame: 000026
dirtools.lua:run_popen	dirtools.lua:122
dirtools.lua:list_dir	dirtools.lua:488
init.lua:get_files	init.lua:52
init.lua:get_files	init.lua:69
init.lua:get_files	init.lua:69
init.lua:33	init.lua:83
xpcall	[builtin#21]
init.lua:401	init.lua:403
frame: 000026
dirtools.lua:run_popen	dirtools.lua:120
dirtools.lua:list_dir	dirtools.lua:496
init.lua:get_files	init.lua:52
init.lua:get_files	init.lua:69
init.lua:get_files	init.lua:69
init.lua:33	init.lua:83
xpcall	[builtin#21]
init.lua:401	init.lua:403
frame: 000026
dirtools.lua:run_popen	dirtools.lua:122
dirtools.lua:list_dir	dirtools.lua:496
init.lua:get_files	init.lua:52
init.lua:get_files	init.lua:69
init.lua:get_files	init.lua:69
init.lua:33	init.lua:83
xpcall	[builtin#21]
init.lua:401	init.lua:403
frame: 000026
system.lua:sleep	system.lua:197
init.lua:run	init.lua:609
main_states.lua:Update	main_states.lua:196
statemanager.lua:Update	statemanager.lua:118
sequencer.lua:Update	sequencer.lua:66
main.lua:155	main.lua:168
sapp_run	[builtin#171]
main.lua:0	main.lua:219
@0x7ff727ef4830	@0x7ff727ef4830
frame: 000027
dirtools.lua:run_popen	dirtools.lua:120
dirtools.lua:list_dir	dirtools.lua:488
init.lua:get_files	init.lua:52
init.lua:get_files	init.lua:69
init.lua:get_files	init.lua:69
init.lua:get_files	init.lua:69
init.lua:33	init.lua:83
xpcall	[builtin#21]
init.lua:401	init.lua:403
frame: 000027
dirtools.lua:run_popen	dirtools.lua:122
dirtools.lua:list_dir	dirtools.lua:488
init.lua:get_files	init.lua:52
init.lua:get_files	init.lua:69
init.lua:get_files	init.lua:69
init.lua:get_files	init.lua:69
init.lua:33	init.lua:83
xpcall	[builtin#21]
init.lua:401	init.lua:403
frame: 000027
dirtools.lua:run_popen	dirtools.lua:120
dirtools.lua:list_dir	dirtools.lua:496
init.lua:get_files	init.lua:52
init.lua:get_files	init.lua:69
init.lua:get_files	init.lua:69
init.lua:get_files	init.lua:69
init.lua:33	init.lua:83
xpcall	[builtin#21]
init.lua:401	init.lua:403
frame: 000027
dirtools.lua:run_popen	dirtools.lua:122
dirtools.lua:list_dir	dirtools.lua:496
init.lua:get_files	init.lua:52
init.lua:get_files	init.lua:69
init.lua:get_files	init.lua:69
init.lua:get_files	init.lua:69
init.lua:33	init.lua:83
xpcall	[builtin#21]
init.lua:401	init.lua:403
frame: 000027
dirtools.lua:run_popen	dirtools.lua:120
dirtools.lua:list_dir	dirtools.lua:488
init.lua:get_files	init.lua:52
init.lua:get_files	init.lua:69
init.lua:get_files	init.lua:69
init.lua:33	init.lua:83
xpcall	[builtin#21]
init.lua:401	init.lua:403
frame: 000027
dirtools.lua:run_popen	dirtools.lua:122
dirtools.lua:list_dir	dirtools.lua:488
init.lua:get_files	init.lua:52
init.lua:get_files	init.lua:69
init.lua:get_files	init.lua:69
init.lua:33	init.lua:83
xpcall	[builtin#21]
init.lua:401	init.lua:403
frame: 000027
dirtools.lua:run_popen	dirtools.lua:120
dirtools.lua:list_dir	dirtools.lua:496
init.lua:get_files	init.lua:52
init.lua:get_files	init.lua:69
init.lua:get_files	init.lua:69
init.lua:33	init.lua:83
xpcall	[builtin#21]
init.lua:401	init.lua:403
frame: 000027
dirtools.lua:run_popen	dirtools.lua:122
dirtools.lua:list_dir	dirtools.lua:496
init.lua:get_files	init.lua:52
init.lua:get_files	init.lua:69
init.lua:get_files	init.lua:69
init.lua:33	init.lua:83
xpcall	[builtin#21]
init.lua:401	init.lua:403
frame: 000027
system.lua:sleep	system.lua:197
init.lua:run	init.lua:609
main_states.lua:Update	main_states.lua:196
statemanager.lua:Update	statemanager.lua:118
sequencer.lua:Update	sequencer.lua:66
main.lua:155	main.lua:168
sapp_run	[builtin#171]
main.lua:0	main.lua:219
@0x7ff727ef4830	@0x7ff727ef4830
frame: 000028
dirtools.lua:run_popen	dirtools.lua:120
dirtools.lua:list_dir	dirtools.lua:488
init.lua:get_files	init.lua:52
init.lua:get_files	init.lua:69
init.lua:get_files	init.lua:69
init.lua:get_files	init.lua:69
init.lua:33	init.lua:83
xpcall	[builtin#21]
init.lua:401	init.lua:403
frame: 000028
dirtools.lua:run_popen	dirtools.lua:122
dirtools.lua:list_dir	dirtools.lua:488
init.lua:get_files	init.lua:52
init.lua:get_files	init.lua:69
init.lua:get_files	init.lua:69
init.lua:get_files	init.lua:69
init.lua:33	init.lua:83
xpcall	[builtin#21]
init.lua:401	init.lua:403
frame: 000028
dirtools.lua:run_popen	dirtools.lua:120
dirtools.lua:list_dir	dirtools.lua:496
init.lua:get_files	init.lua:52
init.lua:get_files	init.lua:69
init.lua:get_files	init.lua:69
init.lua:get_files	init.lua:69
init.lua:33	init.lua:83
xpcall	[builtin#21]
init.lua:401	init.lua:403
frame: 000028
dirtools.lua:run_popen	dirtools.lua:122
dirtools.lua:list_dir	dirtools.lua:496
init.lua:get_files	init.lua:52
init.lua:get_files	init.lua:69
init.lua:get_files	init.lua:69
init.lua:get_files	init.lua:69
init.lua:33	init.lua:83
xpcall	[builtin#21]
init.lua:401	init.lua:403
frame: 000028
dirtools.lua:run_popen	dirtools.lua:120
dirtools.lua:list_dir	dirtools.lua:488
init.lua:get_files	init.lua:52
init.lua:get_files	init.lua:69
init.lua:get_files	init.lua:69
init.lua:get_files	init.lua:69
init.lua:33	init.lua:83
xpcall	[builtin#21]
init.lua:401	init.lua:403
frame: 000028
dirtools.lua:run_popen	dirtools.lua:122
dirtools.lua:list_dir	dirtools.lua:488
init.lua:get_files	init.lua:52
init.lua:get_files	init.lua:69
init.lua:get_files	init.lua:69
init.lua:get_files	init.lua:69
init.lua:33	init.lua:83
xpcall	[builtin#21]
init.lua:401	init.lua:403
frame: 000028
dirtools.lua:run_popen	dirtools.lua:120
dirtools.lua:list_dir	dirtools.lua:496
init.lua:get_files	init.lua:52
init.lua:get_files	init.lua:69
init.lua:get_files	init.lua:69
init.lua:get_files	init.lua:69
init.lua:33	init.lua:83
xpcall	[builtin#21]
init.lua:401	init.lua:403
frame: 000028
dirtools.lua:run_popen	dirtools.lua:122
dirtools.lua:list_dir	dirtools.lua:496
init.lua:get_files	init.lua:52
init.lua:get_files	init.lua:69
init.lua:get_files	init.lua:69
init.lua:get_files	init.lua:69
init.lua:33	init.lua:83
xpcall	[builtin#21]
init.lua:401	init.lua:403
frame: 000029
dirtools.lua:run_popen	dirtools.lua:120
dirtools.lua:list_dir	dirtools.lua:488
init.lua:get_files	init.lua:52
init.lua:get_files	init.lua:69
init.lua:get_files	init.lua:69
init.lua:get_files	init.lua:69
init.lua:33	init.lua:83
xpcall	[builtin#21]
init.lua:401	init.lua:403
frame: 000029
dirtools.lua:run_popen	dirtools.lua:122
dirtools.lua:list_dir	dirtools.lua:488
init.lua:get_files	init.lua:52
init.lua:get_files	init.lua:69
init.lua:get_files	init.lua:69
init.lua:get_files	init.lua:69
init.lua:33	init.lua:83
xpcall	[builtin#21]
init.lua:401	init.lua:403
frame: 000029
dirtools.lua:run_popen	dirtools.lua:120
dirtools.lua:list_dir	dirtools.lua:496
init.lua:get_files	init.lua:52
init.lua:get_files	init.lua:69
init.lua:get_files	init.lua:69
init.lua:get_files	init.lua:69
init.lua:33	init.lua:83
xpcall	[builtin#21]
init.lua:401	init.lua:403
frame: 000029
dirtools.lua:run_popen	dirtools.lua:122
dirtools.lua:list_dir	dirtools.lua:496
init.lua:get_files	init.lua:52
init.lua:get_files	init.lua:69
init.lua:get_files	init.lua:69
init.lua:get_files	init.lua:69
init.lua:33	init.lua:83
xpcall	[builtin#21]
init.lua:401	init.lua:403
frame: 000029
dirtools.lua:run_popen	dirtools.lua:120
dirtools.lua:list_dir	dirtools.lua:488
init.lua:get_files	init.lua:52
init.lua:get_files	init.lua:69
init.lua:33	init.lua:83
xpcall	[builtin#21]
init.lua:401	init.lua:403
frame: 000029
dirtools.lua:run_popen	dirtools.lua:122
dirtools.lua:list_dir	dirtools.lua:488
init.lua:get_files	init.lua:52
init.lua:get_files	init.lua:69
init.lua:33	init.lua:83
xpcall	[builtin#21]
init.lua:401	init.lua:403
frame: 000029
dirtools.lua:run_popen	dirtools.lua:120
dirtools.lua:list_dir	dirtools.lua:496
init.lua:get_files	init.lua:52
init.lua:get_files	init.lua:69
init.lua:33	init.lua:83
xpcall	[builtin#21]
init.lua:401	init.lua:403
frame: 000029
dirtools.lua:run_popen	dirtools.lua:122
dirtools.lua:list_dir	dirtools.lua:496
init.lua:get_files	init.lua:52
init.lua:get_files	init.lua:69
init.lua:33	init.lua:83
xpcall	[builtin#21]
init.lua:401	init.lua:403
frame: 000030
main.lua:155	main.lua:158
sapp_run	[builtin#171]
main.lua:0	main.lua:219
@0x7ff727ef4830	@0x7ff727ef4830
frame: 000030
dirtools.lua:run_popen	dirtools.lua:120
dirtools.lua:list_dir	dirtools.lua:488
init.lua:get_files	init.lua:52
init.lua:get_files	init.lua:69
init.lua:get_files	init.lua:69
init.lua:33	init.lua:83
xpcall	[builtin#21]
init.lua:401	init.lua:403
frame: 000030
dirtools.lua:run_popen	dirtools.lua:122
dirtools.lua:list_dir	dirtools.lua:488
init.lua:get_files	init.lua:52
init.lua:get_files	init.lua:69
init.lua:get_files	init.lua:69
init.lua:33	init.lua:83
xpcall	[builtin#21]
init.lua:401	init.lua:403
frame: 000030
dirtools.lua:run_popen	dirtools.lua:120
dirtools.lua:list_dir	dirtools.lua:496
init.lua:get_files	init.lua:52
init.lua:get_files	init.lua:69
init.lua:get_files	init.lua:69
init.lua:33	init.lua:83
xpcall	[builtin#21]
init.lua:401	init.lua:403
frame: 000030
dirtools.lua:run_popen	dirtools.lua:122
dirtools.lua:list_dir	dirtools.lua:496
init.lua:get_files	init.lua:52
init.lua:get_files	init.lua:69
init.lua:get_files	init.lua:69
init.lua:33	init.lua:83
xpcall	[builtin#21]
init.lua:401	init.lua:403
frame: 000030
dirtools.lua:run_popen	dirtools.lua:120
dirtools.lua:list_dir	dirtools.lua:488
init.lua:get_files	init.lua:52
init.lua:get_files	init.lua:69
init.lua:get_files	init.lua:69
init.lua:33	init.lua:83
xpcall	[builtin#21]
init.lua:401	init.lua:403
frame: 000030
dirtools.lua:run_popen	dirtools.lua:122
dirtools.lua:list_dir	dirtools.lua:488
init.lua:get_files	init.lua:52
init.lua:get_files	init.lua:69
init.lua:get_files	init.lua:69
init.lua:33	init.lua:83
xpcall	[builtin#21]
init.lua:401	init.lua:403
frame: 000030
dirtools.lua:run_popen	dirtools.lua:120
dirtools.lua:list_dir	dirtools.lua:496
init.lua:get_files	init.lua:52
init.lua:get_files	init.lua:69
init.lua:get_files	init.lua:69
init.lua:33	init.lua:83
xpcall	[builtin#21]
init.lua:401	init.lua:403
frame: 000030
dirtools.lua:run_popen	dirtools.lua:122
dirtools.lua:list_dir	dirtools.lua:496
init.lua:get_files	init.lua:52
init.lua:get_files	init.lua:69
init.lua:get_files	init.lua:69
init.lua:33	init.lua:83
xpcall	[builtin#21]
init.lua:401	init.lua:403
frame: 000030
main_states.lua:Update	main_states.lua:204
statemanager.lua:Update	statemanager.lua:118
sequencer.lua:Update	sequencer.lua:66
main.lua:155	main.lua:168
sapp_run	[builtin#171]
main.lua:0	main.lua:219
@0x7ff727ef4830	@0x7ff727ef4830
frame: 000031
dirtools.lua:run_popen	dirtools.lua:120
dirtools.lua:list_dir	dirtools.lua:488
init.lua:get_files	init.lua:52
init.lua:get_files	init.lua:69
init.lua:33	init.lua:83
xpcall	[builtin#21]
init.lua:401	init.lua:403
frame: 000031
dirtools.lua:run_popen	dirtools.lua:122
dirtools.lua:list_dir	dirtools.lua:488
init.lua:get_files	init.lua:52
init.lua:get_files	init.lua:69
init.lua:33	init.lua:83
xpcall	[builtin#21]
init.lua:401	init.lua:403
frame: 000031
dirtools.lua:run_popen	dirtools.lua:120
dirtools.lua:list_dir	dirtools.lua:496
init.lua:get_files	init.lua:52
init.lua:get_files	init.lua:69
init.lua:33	init.lua:83
xpcall	[builtin#21]
init.lua:401	init.lua:403
frame: 000031
dirtools.lua:run_popen	dirtools.lua:122
dirtools.lua:list_dir	dirtools.lua:496
init.lua:get_files	init.lua:52
init.lua:get_files	init.lua:69
init.lua:33	init.lua:83
xpcall	[builtin#21]
init.lua:401	init.lua:403
frame: 000031
dirtools.lua:run_popen	dirtools.lua:120
dirtools.lua:list_dir	dirtools.lua:488
init.lua:get_files	init.lua:52
init.lua:get_files	init.lua:69
init.lua:33	init.lua:83
xpcall	[builtin#21]
init.lua:401	init.lua:403
frame: 000031
dirtools.lua:run_popen	dirtools.lua:122
dirtools.lua:list_dir	dirtools.lua:488
init.lua:get_files	init.lua:52
init.lua:get_files	init.lua:69
init.lua:33	init.lua:83
xpcall	[builtin#21]
init.lua:401	init.lua:403
frame: 000031
dirtools.lua:run_popen	dirtools.lua:120
dirtools.lua:list_dir	dirtools.lua:496
init.lua:get_files	init.lua:52
init.lua:get_files	init.lua:69
init.lua:33	init.lua:83
xpcall	[builtin#21]
init.lua:401	init.lua:403
frame: 000031
dirtools.lua:run_popen	dirtools.lua:123
dirtools.lua:list_dir	dirtools.lua:496
init.lua:get_files	init.lua:52
init.lua:get_files	init.lua:69
init.lua:33	init.lua:83
xpcall	[builtin#21]
init.lua:401	init.lua:403
frame: 000032
dirtools.lua:run_popen	dirtools.lua:120
dirtools.lua:list_dir	dirtools.lua:488
init.lua:get_files	init.lua:52
init.lua:get_files	init.lua:69
init.lua:33	init.lua:83
xpcall	[builtin#21]
init.lua:401	init.lua:403
frame: 000032
dirtools.lua:run_popen	dirtools.lua:122
dirtools.lua:list_dir	dirtools.lua:488
init.lua:get_files	init.lua:52
init.lua:get_files	init.lua:69
init.lua:33	init.lua:83
xpcall	[builtin#21]
init.lua:401	init.lua:403
frame: 000032
dirtools.lua:run_popen	dirtools.lua:120
dirtools.lua:list_dir	dirtools.lua:496
init.lua:get_files	init.lua:52
init.lua:get_files	init.lua:69
init.lua:33	init.lua:83
xpcall	[builtin#21]
init.lua:401	init.lua:403
frame: 000032
dirtools.lua:run_popen	dirtools.lua:122
dirtools.lua:list_dir	dirtools.lua:496
init.lua:get_files	init.lua:52
init.lua:get_files	init.lua:69
init.lua:33	init.lua:83
xpcall	[builtin#21]
init.lua:401	init.lua:403
frame: 000032
dirtools.lua:run_popen	dirtools.lua:120
dirtools.lua:list_dir	dirtools.lua:488
init.lua:get_files	init.lua:52
init.lua:get_files	init.lua:69
init.lua:get_files	init.lua:69
init.lua:33	init.lua:83
xpcall	[builtin#21]
init.lua:401	init.lua:403
frame: 000032
dirtools.lua:run_popen	dirtools.lua:122
dirtools.lua:list_dir	dirtools.lua:488
init.lua:get_files	init.lua:52
init.lua:get_files	init.lua:69
init.lua:get_files	init.lua:69
init.lua:33	init.lua:83
xpcall	[builtin#21]
init.lua:401	init.lua:403
frame: 000032
dirtools.lua:run_popen	dirtools.lua:120
dirtools.lua:list_dir	dirtools.lua:496
init.lua:get_files	init.lua:52
init.lua:get_files	init.lua:69
init.lua:get_files	init.lua:69
init.lua:33	init.lua:83
xpcall	[builtin#21]
init.lua:401	init.lua:403
frame: 000032
dirtools.lua:run_popen	dirtools.lua:122
dirtools.lua:list_dir	dirtools.lua:496
init.lua:get_files	init.lua:52
init.lua:get_files	init.lua:69
init.lua:get_files	init.lua:69
init.lua:33	init.lua:83
xpcall	[builtin#21]
init.lua:401	init.lua:403
frame: 000032
main_states.lua:Update	main_states.lua:201
statemanager.lua:Update	statemanager.lua:118
sequencer.lua:Update	sequencer.lua:66
main.lua:155	main.lua:168
sapp_run	[builtin#171]
main.lua:0	main.lua:219
@0x7ff727ef4830	@0x7ff727ef4830
frame: 000033
dirtools.lua:run_popen	dirtools.lua:120
dirtools.lua:list_dir	dirtools.lua:488
init.lua:get_files	init.lua:52
init.lua:get_files	init.lua:69
init.lua:get_files	init.lua:69
init.lua:get_files	init.lua:69
init.lua:33	init.lua:83
xpcall	[builtin#21]
init.lua:401	init.lua:403
frame: 000033
dirtools.lua:run_popen	dirtools.lua:122
dirtools.lua:list_dir	dirtools.lua:488
init.lua:get_files	init.lua:52
init.lua:get_files	init.lua:69
init.lua:get_files	init.lua:69
init.lua:get_files	init.lua:69
init.lua:33	init.lua:83
xpcall	[builtin#21]
init.lua:401	init.lua:403
frame: 000033
dirtools.lua:run_popen	dirtools.lua:120
dirtools.lua:list_dir	dirtools.lua:496
init.lua:get_files	init.lua:52
init.lua:get_files	init.lua:69
init.lua:get_files	init.lua:69
init.lua:get_files	init.lua:69
init.lua:33	init.lua:83
xpcall	[builtin#21]
init.lua:401	init.lua:403
frame: 000033
dirtools.lua:run_popen	dirtools.lua:122
dirtools.lua:list_dir	dirtools.lua:496
init.lua:get_files	init.lua:52
init.lua:get_files	init.lua:69
init.lua:get_files	init.lua:69
init.lua:get_files	init.lua:69
init.lua:33	init.lua:83
xpcall	[builtin#21]
init.lua:401	init.lua:403
frame: 000033
dirtools.lua:run_popen	dirtools.lua:120
dirtools.lua:list_dir	dirtools.lua:488
init.lua:get_files	init.lua:52
init.lua:get_files	init.lua:69
init.lua:get_files	init.lua:69
init.lua:get_files	init.lua:69
init.lua:get_files	init.lua:69
init.lua:33	init.lua:83
xpcall	[builtin#21]
init.lua:401	init.lua:403
frame: 000033
dirtools.lua:run_popen	dirtools.lua:122
dirtools.lua:list_dir	dirtools.lua:488
init.lua:get_files	init.lua:52
init.lua:get_files	init.lua:69
init.lua:get_files	init.lua:69
init.lua:get_files	init.lua:69
init.lua:get_files	init.lua:69
init.lua:33	init.lua:83
xpcall	[builtin#21]
init.lua:401	init.lua:403
frame: 000033
dirtools.lua:run_popen	dirtools.lua:120
dirtools.lua:list_dir	dirtools.lua:496
init.lua:get_files	init.lua:52
init.lua:get_files	init.lua:69
init.lua:get_files	init.lua:69
init.lua:get_files	init.lua:69
init.lua:get_files	init.lua:69
init.lua:33	init.lua:83
xpcall	[builtin#21]
init.lua:401	init.lua:403
frame: 000033
dirtools.lua:run_popen	dirtools.lua:122
dirtools.lua:list_dir	dirtools.lua:496
init.lua:get_files	init.lua:52
init.lua:get_files	init.lua:69
init.lua:get_files	init.lua:69
init.lua:get_files	init.lua:69
init.lua:get_files	init.lua:69
init.lua:33	init.lua:83
xpcall	[builtin#21]
init.lua:401	init.lua:403
frame: 000033
main_states.lua:Update	main_states.lua:196
statemanager.lua:Update	statemanager.lua:118
sequencer.lua:Update	sequencer.lua:66
main.lua:155	main.lua:168
sapp_run	[builtin#171]
main.lua:0	main.lua:219
@0x7ff727ef4830	@0x7ff727ef4830
frame: 000034
dirtools.lua:run_popen	dirtools.lua:120
dirtools.lua:list_dir	dirtools.lua:488
init.lua:get_files	init.lua:52
init.lua:get_files	init.lua:69
init.lua:get_files	init.lua:69
init.lua:get_files	init.lua:69
init.lua:get_files	init.lua:69
init.lua:33	init.lua:83
xpcall	[builtin#21]
init.lua:401	init.lua:403
frame: 000034
dirtools.lua:run_popen	dirtools.lua:122
dirtools.lua:list_dir	dirtools.lua:488
init.lua:get_files	init.lua:52
init.lua:get_files	init.lua:69
init.lua:get_files	init.lua:69
init.lua:get_files	init.lua:69
init.lua:get_files	init.lua:69
init.lua:33	init.lua:83
xpcall	[builtin#21]
init.lua:401	init.lua:403
frame: 000034
dirtools.lua:run_popen	dirtools.lua:120
dirtools.lua:list_dir	dirtools.lua:496
init.lua:get_files	init.lua:52
init.lua:get_files	init.lua:69
init.lua:get_files	init.lua:69
init.lua:get_files	init.lua:69
init.lua:get_files	init.lua:69
init.lua:33	init.lua:83
xpcall	[builtin#21]
init.lua:401	init.lua:403
frame: 000034
dirtools.lua:run_popen	dirtools.lua:122
dirtools.lua:list_dir	dirtools.lua:496
init.lua:get_files	init.lua:52
init.lua:get_files	init.lua:69
init.lua:get_files	init.lua:69
init.lua:get_files	init.lua:69
init.lua:get_files	init.lua:69
init.lua:33	init.lua:83
xpcall	[builtin#21]
init.lua:401	init.lua:403
frame: 000034
dirtools.lua:run_popen	dirtools.lua:120
dirtools.lua:list_dir	dirtools.lua:488
init.lua:get_files	init.lua:52
init.lua:get_files	init.lua:69
init.lua:get_files	init.lua:69
init.lua:get_files	init.lua:69
init.lua:get_files	init.lua:69
init.lua:33	init.lua:83
xpcall	[builtin#21]
init.lua:401	init.lua:403
frame: 000034
dirtools.lua:run_popen	dirtools.lua:122
dirtools.lua:list_dir	dirtools.lua:488
init.lua:get_files	init.lua:52
init.lua:get_files	init.lua:69
init.lua:get_files	init.lua:69
init.lua:get_files	init.lua:69
init.lua:get_files	init.lua:69
init.lua:33	init.lua:83
xpcall	[builtin#21]
init.lua:401	init.lua:403
frame: 000034
dirtools.lua:run_popen	dirtools.lua:120
dirtools.lua:list_dir	dirtools.lua:496
init.lua:get_files	init.lua:52
init.lua:get_files	init.lua:69
init.lua:get_files	init.lua:69
init.lua:get_files	init.lua:69
init.lua:get_files	init.lua:69
init.lua:33	init.lua:83
xpcall	[builtin#21]
init.lua:401	init.lua:403
frame: 000034
dirtools.lua:run_popen	dirtools.lua:122
dirtools.lua:list_dir	dirtools.lua:496
init.lua:get_files	init.lua:52
init.lua:get_files	init.lua:69
init.lua:get_files	init.lua:69
init.lua:get_files	init.lua:69
init.lua:get_files	init.lua:69
init.lua:33	init.lua:83
xpcall	[builtin#21]
init.lua:401	init.lua:403
frame: 000034
system.lua:sleep	system.lua:197
init.lua:run	init.lua:609
main_states.lua:Update	main_states.lua:196
statemanager.lua:Update	statemanager.lua:118
sequencer.lua:Update	sequencer.lua:66
main.lua:155	main.lua:168
sapp_run	[builtin#171]
main.lua:0	main.lua:219
@0x7ff727ef4830	@0x7ff727ef4830
frame: 000035
dirtools.lua:run_popen	dirtools.lua:120
dirtools.lua:list_dir	dirtools.lua:488
init.lua:get_files	init.lua:52
init.lua:get_files	init.lua:69
init.lua:get_files	init.lua:69
init.lua:get_files	init.lua:69
init.lua:33	init.lua:83
xpcall	[builtin#21]
init.lua:401	init.lua:403
frame: 000035
dirtools.lua:run_popen	dirtools.lua:122
dirtools.lua:list_dir	dirtools.lua:488
init.lua:get_files	init.lua:52
init.lua:get_files	init.lua:69
init.lua:get_files	init.lua:69
init.lua:get_files	init.lua:69
init.lua:33	init.lua:83
xpcall	[builtin#21]
init.lua:401	init.lua:403
frame: 000035
dirtools.lua:run_popen	dirtools.lua:120
dirtools.lua:list_dir	dirtools.lua:496
init.lua:get_files	init.lua:52
init.lua:get_files	init.lua:69
init.lua:get_files	init.lua:69
init.lua:get_files	init.lua:69
init.lua:33	init.lua:83
xpcall	[builtin#21]
init.lua:401	init.lua:403
frame: 000035
dirtools.lua:run_popen	dirtools.lua:122
dirtools.lua:list_dir	dirtools.lua:496
init.lua:get_files	init.lua:52
init.lua:get_files	init.lua:69
init.lua:get_files	init.lua:69
init.lua:get_files	init.lua:69
init.lua:33	init.lua:83
xpcall	[builtin#21]
init.lua:401	init.lua:403
frame: 000035
dirtools.lua:run_popen	dirtools.lua:120
dirtools.lua:list_dir	dirtools.lua:488
init.lua:get_files	init.lua:52
init.lua:get_files	init.lua:69
init.lua:get_files	init.lua:69
init.lua:get_files	init.lua:69
init.lua:get_files	init.lua:69
init.lua:33	init.lua:83
xpcall	[builtin#21]
init.lua:401	init.lua:403
frame: 000035
dirtools.lua:run_popen	dirtools.lua:120
dirtools.lua:list_dir	dirtools.lua:496
init.lua:get_files	init.lua:52
init.lua:get_files	init.lua:69
init.lua:get_files	init.lua:69
init.lua:get_files	init.lua:69
init.lua:get_files	init.lua:69
init.lua:33	init.lua:83
xpcall	[builtin#21]
init.lua:401	init.lua:403
frame: 000035
dirtools.lua:run_popen	dirtools.lua:122
dirtools.lua:list_dir	dirtools.lua:496
init.lua:get_files	init.lua:52
init.lua:get_files	init.lua:69
init.lua:get_files	init.lua:69
init.lua:get_files	init.lua:69
init.lua:get_files	init.lua:69
init.lua:33	init.lua:83
xpcall	[builtin#21]
init.lua:401	init.lua:403
frame: 000036
main.lua:147	main.lua:148
sapp_run	[builtin#171]
main.lua:0	main.lua:219
@0x7ff727ef4830	@0x7ff727ef4830
frame: 000036
dirtools.lua:run_popen	dirtools.lua:120
dirtools.lua:list_dir	dirtools.lua:488
init.lua:get_files	init.lua:52
init.lua:get_files	init.lua:69
init.lua:get_files	init.lua:69
init.lua:33	init.lua:83
xpcall	[builtin#21]
init.lua:401	init.lua:403
frame: 000036
dirtools.lua:run_popen	dirtools.lua:122
dirtools.lua:list_dir	dirtools.lua:488
init.lua:get_files	init.lua:52
init.lua:get_files	init.lua:69
init.lua:get_files	init.lua:69
init.lua:33	init.lua:83
xpcall	[builtin#21]
init.lua:401	init.lua:403
frame: 000036
dirtools.lua:run_popen	dirtools.lua:120
dirtools.lua:list_dir	dirtools.lua:496
init.lua:get_files	init.lua:52
init.lua:get_files	init.lua:69
init.lua:get_files	init.lua:69
init.lua:33	init.lua:83
xpcall	[builtin#21]
init.lua:401	init.lua:403
frame: 000036
dirtools.lua:run_popen	dirtools.lua:122
dirtools.lua:list_dir	dirtools.lua:496
init.lua:get_files	init.lua:52
init.lua:get_files	init.lua:69
init.lua:get_files	init.lua:69
init.lua:33	init.lua:83
xpcall	[builtin#21]
init.lua:401	init.lua:403
frame: 000036
dirtools.lua:run_popen	dirtools.lua:120
dirtools.lua:list_dir	dirtools.lua:488
init.lua:get_files	init.lua:52
init.lua:get_files	init.lua:69
init.lua:get_files	init.lua:69
init.lua:get_files	init.lua:69
init.lua:33	init.lua:83
xpcall	[builtin#21]
init.lua:401	init.lua:403
frame: 000036
dirtools.lua:run_popen	dirtools.lua:122
dirtools.lua:list_dir	dirtools.lua:488
init.lua:get_files	init.lua:52
init.lua:get_files	init.lua:69
init.lua:get_files	init.lua:69
init.lua:get_files	init.lua:69
init.lua:33	init.lua:83
xpcall	[builtin#21]
init.lua:401	init.lua:403
frame: 000036
dirtools.lua:run_popen	dirtools.lua:123
dirtools.lua:list_dir	dirtools.lua:488
init.lua:get_files	init.lua:52
init.lua:get_files	init.lua:69
init.lua:get_files	init.lua:69
init.lua:get_files	init.lua:69
init.lua:33	init.lua:83
xpcall	[builtin#21]
init.lua:401	init.lua:403
frame: 000036
dirtools.lua:run_popen	dirtools.lua:120
dirtools.lua:list_dir	dirtools.lua:496
init.lua:get_files	init.lua:52
init.lua:get_files	init.lua:69
init.lua:get_files	init.lua:69
init.lua:get_files	init.lua:69
init.lua:33	init.lua:83
xpcall	[builtin#21]
init.lua:401	init.lua:403
frame: 000036
dirtools.lua:run_popen	dirtools.lua:122
dirtools.lua:list_dir	dirtools.lua:496
init.lua:get_files	init.lua:52
init.lua:get_files	init.lua:69
init.lua:get_files	init.lua:69
init.lua:get_files	init.lua:69
init.lua:33	init.lua:83
xpcall	[builtin#21]
init.lua:401	init.lua:403
frame: 000037
main.lua:147	main.lua:148
sapp_run	[builtin#171]
main.lua:0	main.lua:219
@0x7ff727ef4830	@0x7ff727ef4830
frame: 000037
dirtools.lua:run_popen	dirtools.lua:120
dirtools.lua:list_dir	dirtools.lua:488
init.lua:get_files	init.lua:52
init.lua:get_files	init.lua:69
init.lua:get_files	init.lua:69
init.lua:33	init.lua:83
xpcall	[builtin#21]
init.lua:401	init.lua:403
frame: 000037
dirtools.lua:run_popen	dirtools.lua:122
dirtools.lua:list_dir	dirtools.lua:488
init.lua:get_files	init.lua:52
init.lua:get_files	init.lua:69
init.lua:get_files	init.lua:69
init.lua:33	init.lua:83
xpcall	[builtin#21]
init.lua:401	init.lua:403
frame: 000037
dirtools.lua:run_popen	dirtools.lua:120
dirtools.lua:list_dir	dirtools.lua:496
init.lua:get_files	init.lua:52
init.lua:get_files	init.lua:69
init.lua:get_files	init.lua:69
init.lua:33	init.lua:83
xpcall	[builtin#21]
init.lua:401	init.lua:403
frame: 000037
dirtools.lua:run_popen	dirtools.lua:122
dirtools.lua:list_dir	dirtools.lua:496
init.lua:get_files	init.lua:52
init.lua:get_files	init.lua:69
init.lua:get_files	init.lua:69
init.lua:33	init.lua:83
xpcall	[builtin#21]
init.lua:401	init.lua:403
frame: 000037
dirtools.lua:run_popen	dirtools.lua:120
dirtools.lua:list_dir	dirtools.lua:488
init.lua:get_files	init.lua:52
init.lua:get_files	init.lua:69
init.lua:get_files	init.lua:69
init.lua:33	init.lua:83
xpcall	[builtin#21]
init.lua:401	init.lua:403
frame: 000037
dirtools.lua:run_popen	dirtools.lua:122
dirtools.lua:list_dir	dirtools.lua:488
init.lua:get_files	init.lua:52
init.lua:get_files	init.lua:69
init.lua:get_files	init.lua:69
init.lua:33	init.lua:83
xpcall	[builtin#21]
init.lua:401	init.lua:403
frame: 000037
dirtools.lua:run_popen	dirtools.lua:120
dirtools.lua:list_dir	dirtools.lua:496
init.lua:get_files	init.lua:52
init.lua:get_files	init.lua:69
init.lua:get_files	init.lua:69
init.lua:33	init.lua:83
xpcall	[builtin#21]
init.lua:401	init.lua:403
frame: 000037
dirtools.lua:run_popen	dirtools.lua:122
dirtools.lua:list_dir	dirtools.lua:496
init.lua:get_files	init.lua:52
init.lua:get_files	init.lua:69
init.lua:get_files	init.lua:69
init.lua:33	init.lua:83
xpcall	[builtin#21]
init.lua:401	init.lua:403
frame: 000038
dirtools.lua:run_popen	dirtools.lua:120
dirtools.lua:list_dir	dirtools.lua:488
init.lua:get_files	init.lua:52
init.lua:get_files	init.lua:69
init.lua:get_files	init.lua:69
init.lua:33	init.lua:83
xpcall	[builtin#21]
init.lua:401	init.lua:403
frame: 000038
dirtools.lua:run_popen	dirtools.lua:122
dirtools.lua:list_dir	dirtools.lua:488
init.lua:get_files	init.lua:52
init.lua:get_files	init.lua:69
init.lua:get_files	init.lua:69
init.lua:33	init.lua:83
xpcall	[builtin#21]
init.lua:401	init.lua:403
frame: 000038
dirtools.lua:run_popen	dirtools.lua:120
dirtools.lua:list_dir	dirtools.lua:496
init.lua:get_files	init.lua:52
init.lua:get_files	init.lua:69
init.lua:get_files	init.lua:69
init.lua:33	init.lua:83
xpcall	[builtin#21]
init.lua:401	init.lua:403
frame: 000038
dirtools.lua:run_popen	dirtools.lua:122
dirtools.lua:list_dir	dirtools.lua:496
init.lua:get_files	init.lua:52
init.lua:get_files	init.lua:69
init.lua:get_files	init.lua:69
init.lua:33	init.lua:83
xpcall	[builtin#21]
init.lua:401	init.lua:403
frame: 000038
dirtools.lua:run_popen	dirtools.lua:122
dirtools.lua:list_dir	dirtools.lua:488
init.lua:get_files	init.lua:52
init.lua:get_files	init.lua:69
init.lua:get_files	init.lua:69
init.lua:get_files	init.lua:69
init.lua:33	init.lua:83
xpcall	[builtin#21]
init.lua:401	init.lua:403
frame: 000038
dirtools.lua:run_popen	dirtools.lua:120
dirtools.lua:list_dir	dirtools.lua:496
init.lua:get_files	init.lua:52
init.lua:get_files	init.lua:69
init.lua:get_files	init.lua:69
init.lua:get_files	init.lua:69
init.lua:33	init.lua:83
xpcall	[builtin#21]
init.lua:401	init.lua:403
frame: 000038
system.lua:sleep	system.lua:197
init.lua:run	init.lua:609
main_states.lua:Update	main_states.lua:196
statemanager.lua:Update	statemanager.lua:118
sequencer.lua:Update	sequencer.lua:66
main.lua:155	main.lua:168
sapp_run	[builtin#171]
main.lua:0	main.lua:219
@0x7ff727ef4830	@0x7ff727ef4830
frame: 000039
dirtools.lua:run_popen	dirtools.lua:120
dirtools.lua:list_dir	dirtools.lua:488
init.lua:get_files	init.lua:52
init.lua:get_files	init.lua:69
init.lua:33	init.lua:83
xpcall	[builtin#21]
init.lua:401	init.lua:403
frame: 000039
dirtools.lua:run_popen	dirtools.lua:122
dirtools.lua:list_dir	dirtools.lua:488
init.lua:get_files	init.lua:52
init.lua:get_files	init.lua:69
init.lua:33	init.lua:83
xpcall	[builtin#21]
init.lua:401	init.lua:403
frame: 000039
dirtools.lua:run_popen	dirtools.lua:120
dirtools.lua:list_dir	dirtools.lua:496
init.lua:get_files	init.lua:52
init.lua:get_files	init.lua:69
init.lua:33	init.lua:83
xpcall	[builtin#21]
init.lua:401	init.lua:403
frame: 000039
dirtools.lua:run_popen	dirtools.lua:122
dirtools.lua:list_dir	dirtools.lua:496
init.lua:get_files	init.lua:52
init.lua:get_files	init.lua:69
init.lua:33	init.lua:83
xpcall	[builtin#21]
init.lua:401	init.lua:403
frame: 000039
system.lua:sleep	system.lua:197
init.lua:run	init.lua:609
main_states.lua:Update	main_states.lua:196
statemanager.lua:Update	statemanager.lua:118
sequencer.lua:Update	sequencer.lua:66
main.lua:155	main.lua:168
sapp_run	[builtin#171]
main.lua:0	main.lua:219
@0x7ff727ef4830	@0x7ff727ef4830
frame: 000040
dirtools.lua:run_popen	dirtools.lua:120
dirtools.lua:list_dir	dirtools.lua:488
init.lua:get_files	init.lua:52
init.lua:get_files	init.lua:69
init.lua:33	init.lua:83
xpcall	[builtin#21]
init.lua:401	init.lua:403
frame: 000040
dirtools.lua:run_popen	dirtools.lua:122
dirtools.lua:list_dir	dirtools.lua:488
init.lua:get_files	init.lua:52
init.lua:get_files	init.lua:69
init.lua:33	init.lua:83
xpcall	[builtin#21]
init.lua:401	init.lua:403
frame: 000040
dirtools.lua:run_popen	dirtools.lua:120
dirtools.lua:list_dir	dirtools.lua:496
init.lua:get_files	init.lua:52
init.lua:get_files	init.lua:69
init.lua:33	init.lua:83
xpcall	[builtin#21]
init.lua:401	init.lua:403
frame: 000040
dirtools.lua:run_popen	dirtools.lua:122
dirtools.lua:list_dir	dirtools.lua:496
init.lua:get_files	init.lua:52
init.lua:get_files	init.lua:69
init.lua:33	init.lua:83
xpcall	[builtin#21]
init.lua:401	init.lua:403
frame: 000040
dirtools.lua:run_popen	dirtools.lua:120
dirtools.lua:list_dir	dirtools.lua:488
init.lua:get_files	init.lua:52
init.lua:get_files	init.lua:69
init.lua:get_files	init.lua:69
init.lua:33	init.lua:83
xpcall	[builtin#21]
init.lua:401	init.lua:403
frame: 000040
dirtools.lua:run_popen	dirtools.lua:122
dirtools.lua:list_dir	dirtools.lua:488
init.lua:get_files	init.lua:52
init.lua:get_files	init.lua:69
init.lua:get_files	init.lua:69
init.lua:33	init.lua:83
xpcall	[builtin#21]
init.lua:401	init.lua:403
frame: 000040
dirtools.lua:run_popen	dirtools.lua:120
dirtools.lua:list_dir	dirtools.lua:496
init.lua:get_files	init.lua:52
init.lua:get_files	init.lua:69
init.lua:get_files	init.lua:69
init.lua:33	init.lua:83
xpcall	[builtin#21]
init.lua:401	init.lua:403
frame: 000040
dirtools.lua:run_popen	dirtools.lua:122
dirtools.lua:list_dir	dirtools.lua:496
init.lua:get_files	init.lua:52
init.lua:get_files	init.lua:69
init.lua:get_files	init.lua:69
init.lua:33	init.lua:83
xpcall	[builtin#21]
init.lua:401	init.lua:403
frame: 000040
sidebar.lua:get_cached	sidebar.lua:115
sidebar.lua:128	sidebar.lua:138
frame: 000041
dirtools.lua:run_popen	dirtools.lua:120
dirtools.lua:list_dir	dirtools.lua:488
init.lua:get_files	init.lua:52
init.lua:get_files	init.lua:69
init.lua:33	init.lua:83
xpcall	[builtin#21]
init.lua:401	init.lua:403
frame: 000041
dirtools.lua:run_popen	dirtools.lua:122
dirtools.lua:list_dir	dirtools.lua:488
init.lua:get_files	init.lua:52
init.lua:get_files	init.lua:69
init.lua:33	init.lua:83
xpcall	[builtin#21]
init.lua:401	init.lua:403
frame: 000041
dirtools.lua:run_popen	dirtools.lua:120
dirtools.lua:list_dir	dirtools.lua:496
init.lua:get_files	init.lua:52
init.lua:get_files	init.lua:69
init.lua:33	init.lua:83
xpcall	[builtin#21]
init.lua:401	init.lua:403
frame: 000041
dirtools.lua:run_popen	dirtools.lua:122
dirtools.lua:list_dir	dirtools.lua:496
init.lua:get_files	init.lua:52
init.lua:get_files	init.lua:69
init.lua:33	init.lua:83
xpcall	[builtin#21]
init.lua:401	init.lua:403
frame: 000041
dirtools.lua:run_popen	dirtools.lua:120
dirtools.lua:list_dir	dirtools.lua:488
init.lua:get_files	init.lua:52
init.lua:get_files	init.lua:69
init.lua:get_files	init.lua:69
init.lua:33	init.lua:83
xpcall	[builtin#21]
init.lua:401	init.lua:403
frame: 000041
dirtools.lua:run_popen	dirtools.lua:122
dirtools.lua:list_dir	dirtools.lua:488
init.lua:get_files	init.lua:52
init.lua:get_files	init.lua:69
init.lua:get_files	init.lua:69
init.lua:33	init.lua:83
xpcall	[builtin#21]
init.lua:401	init.lua:403
frame: 000041
dirtools.lua:run_popen	dirtools.lua:122
dirtools.lua:list_dir	dirtools.lua:496
init.lua:get_files	init.lua:52
init.lua:get_files	init.lua:69
init.lua:get_files	init.lua:69
init.lua:33	init.lua:83
xpcall	[builtin#21]
init.lua:401	init.lua:403
frame: 000041
dirtools.lua:run_popen	dirtools.lua:123
dirtools.lua:list_dir	dirtools.lua:496
init.lua:get_files	init.lua:52
init.lua:get_files	init.lua:69
init.lua:get_files	init.lua:69
init.lua:33	init.lua:83
xpcall	[builtin#21]
init.lua:401	init.lua:403
frame: 000042
dirtools.lua:run_popen	dirtools.lua:120
dirtools.lua:list_dir	dirtools.lua:488
init.lua:get_files	init.lua:52
init.lua:get_files	init.lua:69
init.lua:get_files	init.lua:69
init.lua:33	init.lua:83
xpcall	[builtin#21]
init.lua:401	init.lua:403
frame: 000042
dirtools.lua:run_popen	dirtools.lua:122
dirtools.lua:list_dir	dirtools.lua:488
init.lua:get_files	init.lua:52
init.lua:get_files	init.lua:69
init.lua:get_files	init.lua:69
init.lua:33	init.lua:83
xpcall	[builtin#21]
init.lua:401	init.lua:403
frame: 000042
dirtools.lua:run_popen	dirtools.lua:120
dirtools.lua:list_dir	dirtools.lua:496
init.lua:get_files	init.lua:52
init.lua:get_files	init.lua:69
init.lua:get_files	init.lua:69
init.lua:33	init.lua:83
xpcall	[builtin#21]
init.lua:401	init.lua:403
frame: 000042
dirtools.lua:run_popen	dirtools.lua:122
dirtools.lua:list_dir	dirtools.lua:496
init.lua:get_files	init.lua:52
init.lua:get_files	init.lua:69
init.lua:get_files	init.lua:69
init.lua:33	init.lua:83
xpcall	[builtin#21]
init.lua:401	init.lua:403
frame: 000042
dirtools.lua:run_popen	dirtools.lua:120
dirtools.lua:list_dir	dirtools.lua:488
init.lua:get_files	init.lua:52
init.lua:get_files	init.lua:69
init.lua:get_files	init.lua:69
init.lua:get_files	init.lua:69
init.lua:33	init.lua:83
xpcall	[builtin#21]
init.lua:401	init.lua:403
frame: 000042
dirtools.lua:run_popen	dirtools.lua:122
dirtools.lua:list_dir	dirtools.lua:488
init.lua:get_files	init.lua:52
init.lua:get_files	init.lua:69
init.lua:get_files	init.lua:69
init.lua:get_files	init.lua:69
init.lua:33	init.lua:83
xpcall	[builtin#21]
init.lua:401	init.lua:403
frame: 000042
dirtools.lua:run_popen	dirtools.lua:120
dirtools.lua:list_dir	dirtools.lua:496
init.lua:get_files	init.lua:52
init.lua:get_files	init.lua:69
init.lua:get_files	init.lua:69
init.lua:get_files	init.lua:69
init.lua:33	init.lua:83
xpcall	[builtin#21]
init.lua:401	init.lua:403
frame: 000042
dirtools.lua:run_popen	dirtools.lua:122
dirtools.lua:list_dir	dirtools.lua:496
init.lua:get_files	init.lua:52
init.lua:get_files	init.lua:69
init.lua:get_files	init.lua:69
init.lua:get_files	init.lua:69
init.lua:33	init.lua:83
xpcall	[builtin#21]
init.lua:401	init.lua:403
frame: 000042
node.lua:665	node.lua:672
node.lua:propagate	node.lua:81
node.lua:665	node.lua:679
node.lua:propagate	node.lua:81
node.lua:665	node.lua:679
node.lua:propagate	node.lua:81
node.lua:draw	node.lua:679
rootview.lua:draw	rootview.lua:570
autocomplete.lua:draw	autocomplete.lua:238
init.lua:render	init.lua:513
frame: 000043
dirtools.lua:run_popen	dirtools.lua:122
dirtools.lua:list_dir	dirtools.lua:488
init.lua:get_files	init.lua:52
init.lua:get_files	init.lua:69
init.lua:get_files	init.lua:69
init.lua:get_files	init.lua:69
init.lua:33	init.lua:83
xpcall	[builtin#21]
init.lua:401	init.lua:403
frame: 000043
dirtools.lua:run_popen	dirtools.lua:120
dirtools.lua:list_dir	dirtools.lua:496
init.lua:get_files	init.lua:52
init.lua:get_files	init.lua:69
init.lua:get_files	init.lua:69
init.lua:get_files	init.lua:69
init.lua:33	init.lua:83
xpcall	[builtin#21]
init.lua:401	init.lua:403
frame: 000043
dirtools.lua:run_popen	dirtools.lua:120
dirtools.lua:list_dir	dirtools.lua:488
init.lua:get_files	init.lua:52
init.lua:get_files	init.lua:69
init.lua:get_files	init.lua:69
init.lua:get_files	init.lua:69
init.lua:get_files	init.lua:69
init.lua:33	init.lua:83
xpcall	[builtin#21]
init.lua:401	init.lua:403
frame: 000043
dirtools.lua:run_popen	dirtools.lua:122
dirtools.lua:list_dir	dirtools.lua:488
init.lua:get_files	init.lua:52
init.lua:get_files	init.lua:69
init.lua:get_files	init.lua:69
init.lua:get_files	init.lua:69
init.lua:get_files	init.lua:69
init.lua:33	init.lua:83
xpcall	[builtin#21]
init.lua:401	init.lua:403
frame: 000043
dirtools.lua:run_popen	dirtools.lua:120
dirtools.lua:list_dir	dirtools.lua:496
init.lua:get_files	init.lua:52
init.lua:get_files	init.lua:69
init.lua:get_files	init.lua:69
init.lua:get_files	init.lua:69
init.lua:get_files	init.lua:69
init.lua:33	init.lua:83
xpcall	[builtin#21]
init.lua:401	init.lua:403
frame: 000043
dirtools.lua:run_popen	dirtools.lua:122
dirtools.lua:list_dir	dirtools.lua:496
init.lua:get_files	init.lua:52
init.lua:get_files	init.lua:69
init.lua:get_files	init.lua:69
init.lua:get_files	init.lua:69
init.lua:get_files	init.lua:69
init.lua:33	init.lua:83
xpcall	[builtin#21]
init.lua:401	init.lua:403
frame: 000043
system.lua:sleep	system.lua:197
init.lua:run	init.lua:609
main_states.lua:Update	main_states.lua:196
statemanager.lua:Update	statemanager.lua:118
sequencer.lua:Update	sequencer.lua:66
main.lua:155	main.lua:168
sapp_run	[builtin#171]
main.lua:0	main.lua:219
@0x7ff727ef4830	@0x7ff727ef4830
frame: 000044
dirtools.lua:run_popen	dirtools.lua:120
dirtools.lua:list_dir	dirtools.lua:488
init.lua:get_files	init.lua:52
init.lua:get_files	init.lua:69
init.lua:get_files	init.lua:69
init.lua:get_files	init.lua:69
init.lua:get_files	init.lua:69
init.lua:get_files	init.lua:69
init.lua:33	init.lua:83
xpcall	[builtin#21]
frame: 000044
dirtools.lua:run_popen	dirtools.lua:122
dirtools.lua:list_dir	dirtools.lua:488
init.lua:get_files	init.lua:52
init.lua:get_files	init.lua:69
init.lua:get_files	init.lua:69
init.lua:get_files	init.lua:69
init.lua:get_files	init.lua:69
init.lua:get_files	init.lua:69
init.lua:33	init.lua:83
xpcall	[builtin#21]
frame: 000044
dirtools.lua:run_popen	dirtools.lua:120
dirtools.lua:list_dir	dirtools.lua:496
init.lua:get_files	init.lua:52
init.lua:get_files	init.lua:69
init.lua:get_files	init.lua:69
init.lua:get_files	init.lua:69
init.lua:get_files	init.lua:69
init.lua:get_files	init.lua:69
init.lua:33	init.lua:83
xpcall	[builtin#21]
frame: 000044
dirtools.lua:run_popen	dirtools.lua:122
dirtools.lua:list_dir	dirtools.lua:496
init.lua:get_files	init.lua:52
init.lua:get_files	init.lua:69
init.lua:get_files	init.lua:69
init.lua:get_files	init.lua:69
init.lua:get_files	init.lua:69
init.lua:get_files	init.lua:69
init.lua:33	init.lua:83
xpcall	[builtin#21]
frame: 000044
init.lua:518	init.lua:527
frame: 000044
dirtools.lua:run_popen	dirtools.lua:120
dirtools.lua:list_dir	dirtools.lua:488
init.lua:get_files	init.lua:52
init.lua:get_files	init.lua:69
init.lua:get_files	init.lua:69
init.lua:get_files	init.lua:69
init.lua:get_files	init.lua:69
init.lua:get_files	init.lua:69
init.lua:33	init.lua:83
xpcall	[builtin#21]
frame: 000044
dirtools.lua:run_popen	dirtools.lua:122
dirtools.lua:list_dir	dirtools.lua:488
init.lua:get_files	init.lua:52
init.lua:get_files	init.lua:69
init.lua:get_files	init.lua:69
init.lua:get_files	init.lua:69
init.lua:get_files	init.lua:69
init.lua:get_files	init.lua:69
init.lua:33	init.lua:83
xpcall	[builtin#21]
frame: 000044
dirtools.lua:run_popen	dirtools.lua:120
dirtools.lua:list_dir	dirtools.lua:496
init.lua:get_files	init.lua:52
init.lua:get_files	init.lua:69
init.lua:get_files	init.lua:69
init.lua:get_files	init.lua:69
init.lua:get_files	init.lua:69
init.lua:get_files	init.lua:69
init.lua:33	init.lua:83
xpcall	[builtin#21]
frame: 000044
dirtools.lua:run_popen	dirtools.lua:122
dirtools.lua:list_dir	dirtools.lua:496
init.lua:get_files	init.lua:52
init.lua:get_files	init.lua:69
init.lua:get_files	init.lua:69
init.lua:get_files	init.lua:69
init.lua:get_files	init.lua:69
init.lua:get_files	init.lua:69
init.lua:33	init.lua:83
xpcall	[builtin#21]
frame: 000044
system.lua:sleep	system.lua:197
init.lua:run	init.lua:609
main_states.lua:Update	main_states.lua:196
statemanager.lua:Update	statemanager.lua:118
sequencer.lua:Update	sequencer.lua:66
main.lua:155	main.lua:168
sapp_run	[builtin#171]
main.lua:0	main.lua:219
@0x7ff727ef4830	@0x7ff727ef4830
frame: 000045
dirtools.lua:run_popen	dirtools.lua:120
dirtools.lua:list_dir	dirtools.lua:488
init.lua:get_files	init.lua:52
init.lua:get_files	init.lua:69
init.lua:get_files	init.lua:69
init.lua:get_files	init.lua:69
init.lua:get_files	init.lua:69
init.lua:get_files	init.lua:69
init.lua:33	init.lua:83
xpcall	[builtin#21]
frame: 000045
dirtools.lua:run_popen	dirtools.lua:122
dirtools.lua:list_dir	dirtools.lua:488
init.lua:get_files	init.lua:52
init.lua:get_files	init.lua:69
init.lua:get_files	init.lua:69
init.lua:get_files	init.lua:69
init.lua:get_files	init.lua:69
init.lua:get_files	init.lua:69
init.lua:33	init.lua:83
xpcall	[builtin#21]
frame: 000045
dirtools.lua:run_popen	dirtools.lua:120
dirtools.lua:list_dir	dirtools.lua:496
init.lua:get_files	init.lua:52
init.lua:get_files	init.lua:69
init.lua:get_files	init.lua:69
init.lua:get_files	init.lua:69
init.lua:get_files	init.lua:69
init.lua:get_files	init.lua:69
init.lua:33	init.lua:83
xpcall	[builtin#21]
frame: 000045
dirtools.lua:run_popen	dirtools.lua:122
dirtools.lua:list_dir	dirtools.lua:496
init.lua:get_files	init.lua:52
init.lua:get_files	init.lua:69
init.lua:get_files	init.lua:69
init.lua:get_files	init.lua:69
init.lua:get_files	init.lua:69
init.lua:get_files	init.lua:69
init.lua:33	init.lua:83
xpcall	[builtin#21]
frame: 000045
dirtools.lua:run_popen	dirtools.lua:120
dirtools.lua:list_dir	dirtools.lua:488
init.lua:get_files	init.lua:52
init.lua:get_files	init.lua:69
init.lua:get_files	init.lua:69
init.lua:33	init.lua:83
xpcall	[builtin#21]
init.lua:401	init.lua:403
frame: 000045
dirtools.lua:run_popen	dirtools.lua:122
dirtools.lua:list_dir	dirtools.lua:488
init.lua:get_files	init.lua:52
init.lua:get_files	init.lua:69
init.lua:get_files	init.lua:69
init.lua:33	init.lua:83
xpcall	[builtin#21]
init.lua:401	init.lua:403
frame: 000045
dirtools.lua:run_popen	dirtools.lua:120
dirtools.lua:list_dir	dirtools.lua:496
init.lua:get_files	init.lua:52
init.lua:get_files	init.lua:69
init.lua:get_files	init.lua:69
init.lua:33	init.lua:83
xpcall	[builtin#21]
init.lua:401	init.lua:403
frame: 000045
dirtools.lua:run_popen	dirtools.lua:123
dirtools.lua:list_dir	dirtools.lua:496
init.lua:get_files	init.lua:52
init.lua:get_files	init.lua:69
init.lua:get_files	init.lua:69
init.lua:33	init.lua:83
xpcall	[builtin#21]
init.lua:401	init.lua:403
frame: 000045
system.lua:sleep	system.lua:197
init.lua:run	init.lua:609
main_states.lua:Update	main_states.lua:196
statemanager.lua:Update	statemanager.lua:118
sequencer.lua:Update	sequencer.lua:66
main.lua:155	main.lua:168
sapp_run	[builtin#171]
main.lua:0	main.lua:219
@0x7ff727ef4830	@0x7ff727ef4830
frame: 000046
dirtools.lua:run_popen	dirtools.lua:120
dirtools.lua:list_dir	dirtools.lua:488
init.lua:get_files	init.lua:52
init.lua:get_files	init.lua:69
init.lua:get_files	init.lua:69
init.lua:get_files	init.lua:69
init.lua:33	init.lua:83
xpcall	[builtin#21]
init.lua:401	init.lua:403
frame: 000046
dirtools.lua:run_popen	dirtools.lua:122
dirtools.lua:list_dir	dirtools.lua:488
init.lua:get_files	init.lua:52
init.lua:get_files	init.lua:69
init.lua:get_files	init.lua:69
init.lua:get_files	init.lua:69
init.lua:33	init.lua:83
xpcall	[builtin#21]
init.lua:401	init.lua:403
frame: 000046
dirtools.lua:run_popen	dirtools.lua:120
dirtools.lua:list_dir	dirtools.lua:496
init.lua:get_files	init.lua:52
init.lua:get_files	init.lua:69
init.lua:get_files	init.lua:69
init.lua:get_files	init.lua:69
init.lua:33	init.lua:83
xpcall	[builtin#21]
init.lua:401	init.lua:403
frame: 000046
dirtools.lua:run_popen	dirtools.lua:120
dirtools.lua:list_dir	dirtools.lua:488
init.lua:get_files	init.lua:52
init.lua:get_files	init.lua:69
init.lua:get_files	init.lua:69
init.lua:get_files	init.lua:69
init.lua:get_files	init.lua:69
init.lua:33	init.lua:83
xpcall	[builtin#21]
init.lua:401	init.lua:403
frame: 000046
dirtools.lua:run_popen	dirtools.lua:122
dirtools.lua:list_dir	dirtools.lua:488
init.lua:get_files	init.lua:52
init.lua:get_files	init.lua:69
init.lua:get_files	init.lua:69
init.lua:get_files	init.lua:69
init.lua:get_files	init.lua:69
init.lua:33	init.lua:83
xpcall	[builtin#21]
init.lua:401	init.lua:403
frame: 000046
dirtools.lua:run_popen	dirtools.lua:120
dirtools.lua:list_dir	dirtools.lua:496
init.lua:get_files	init.lua:52
init.lua:get_files	init.lua:69
init.lua:get_files	init.lua:69
init.lua:get_files	init.lua:69
init.lua:get_files	init.lua:69
init.lua:33	init.lua:83
xpcall	[builtin#21]
init.lua:401	init.lua:403
frame: 000046
system.lua:sleep	system.lua:197
init.lua:run	init.lua:609
main_states.lua:Update	main_states.lua:196
statemanager.lua:Update	statemanager.lua:118
sequencer.lua:Update	sequencer.lua:66
main.lua:155	main.lua:168
sapp_run	[builtin#171]
main.lua:0	main.lua:219
@0x7ff727ef4830	@0x7ff727ef4830
frame: 000047
dirtools.lua:run_popen	dirtools.lua:120
dirtools.lua:list_dir	dirtools.lua:488
init.lua:get_files	init.lua:52
init.lua:get_files	init.lua:69
init.lua:get_files	init.lua:69
init.lua:get_files	init.lua:69
init.lua:get_files	init.lua:69
init.lua:get_files	init.lua:69
init.lua:33	init.lua:83
xpcall	[builtin#21]
frame: 000047
dirtools.lua:run_popen	dirtools.lua:122
dirtools.lua:list_dir	dirtools.lua:488
init.lua:get_files	init.lua:52
init.lua:get_files	init.lua:69
init.lua:get_files	init.lua:69
init.lua:get_files	init.lua:69
init.lua:get_files	init.lua:69
init.lua:get_files	init.lua:69
init.lua:33	init.lua:83
xpcall	[builtin#21]
frame: 000047
dirtools.lua:run_popen	dirtools.lua:120
dirtools.lua:list_dir	dirtools.lua:496
init.lua:get_files	init.lua:52
init.lua:get_files	init.lua:69
init.lua:get_files	init.lua:69
init.lua:get_files	init.lua:69
init.lua:get_files	init.lua:69
init.lua:get_files	init.lua:69
init.lua:33	init.lua:83
xpcall	[builtin#21]
frame: 000047
dirtools.lua:run_popen	dirtools.lua:122
dirtools.lua:list_dir	dirtools.lua:496
init.lua:get_files	init.lua:52
init.lua:get_files	init.lua:69
init.lua:get_files	init.lua:69
init.lua:get_files	init.lua:69
init.lua:get_files	init.lua:69
init.lua:get_files	init.lua:69
init.lua:33	init.lua:83
xpcall	[builtin#21]
frame: 000047
dirtools.lua:run_popen	dirtools.lua:120
dirtools.lua:list_dir	dirtools.lua:488
init.lua:get_files	init.lua:52
init.lua:get_files	init.lua:69
init.lua:get_files	init.lua:69
init.lua:get_files	init.lua:69
init.lua:get_files	init.lua:69
init.lua:33	init.lua:83
xpcall	[builtin#21]
init.lua:401	init.lua:403
frame: 000047
dirtools.lua:run_popen	dirtools.lua:122
dirtools.lua:list_dir	dirtools.lua:488
init.lua:get_files	init.lua:52
init.lua:get_files	init.lua:69
init.lua:get_files	init.lua:69
init.lua:get_files	init.lua:69
init.lua:get_files	init.lua:69
init.lua:33	init.lua:83
xpcall	[builtin#21]
init.lua:401	init.lua:403
frame: 000047
dirtools.lua:run_popen	dirtools.lua:120
dirtools.lua:list_dir	dirtools.lua:496
init.lua:get_files	init.lua:52
init.lua:get_files	init.lua:69
init.lua:get_files	init.lua:69
init.lua:get_files	init.lua:69
init.lua:get_files	init.lua:69
init.lua:33	init.lua:83
xpcall	[builtin#21]
init.lua:401	init.lua:403
frame: 000047
dirtools.lua:run_popen	dirtools.lua:122
dirtools.lua:list_dir	dirtools.lua:496
init.lua:get_files	init.lua:52
init.lua:get_files	init.lua:69
init.lua:get_files	init.lua:69
init.lua:get_files	init.lua:69
init.lua:get_files	init.lua:69
init.lua:33	init.lua:83
xpcall	[builtin#21]
init.lua:401	init.lua:403
frame: 000047
nuklear.lua:draw_rect	nuklear.lua:56
renderer.lua:draw_rect	renderer.lua:289
sidebar.lua:draw	sidebar.lua:222
node.lua:665	node.lua:673
node.lua:propagate	node.lua:81
node.lua:665	node.lua:679
node.lua:propagate	node.lua:81
node.lua:665	node.lua:679
node.lua:propagate	node.lua:81
node.lua:draw	node.lua:679
frame: 000048
dirtools.lua:run_popen	dirtools.lua:122
dirtools.lua:list_dir	dirtools.lua:488
init.lua:get_files	init.lua:52
init.lua:get_files	init.lua:69
init.lua:get_files	init.lua:69
init.lua:get_files	init.lua:69
init.lua:get_files	init.lua:69
init.lua:get_files	init.lua:69
init.lua:33	init.lua:83
xpcall	[builtin#21]
frame: 000048
dirtools.lua:run_popen	dirtools.lua:120
dirtools.lua:list_dir	dirtools.lua:496
init.lua:get_files	init.lua:52
init.lua:get_files	init.lua:69
init.lua:get_files	init.lua:69
init.lua:get_files	init.lua:69
init.lua:get_files	init.lua:69
init.lua:get_files	init.lua:69
init.lua:33	init.lua:83
xpcall	[builtin#21]
frame: 000048
dirtools.lua:run_popen	dirtools.lua:122
dirtools.lua:list_dir	dirtools.lua:496
init.lua:get_files	init.lua:52
init.lua:get_files	init.lua:69
init.lua:get_files	init.lua:69
init.lua:get_files	init.lua:69
init.lua:get_files	init.lua:69
init.lua:get_files	init.lua:69
init.lua:33	init.lua:83
xpcall	[builtin#21]
frame: 000048
dirtools.lua:run_popen	dirtools.lua:120
dirtools.lua:list_dir	dirtools.lua:488
init.lua:get_files	init.lua:52
init.lua:get_files	init.lua:69
init.lua:get_files	init.lua:69
init.lua:get_files	init.lua:69
init.lua:get_files	init.lua:69
init.lua:get_files	init.lua:69
init.lua:get_files	init.lua:69
init.lua:33	init.lua:83
frame: 000048
dirtools.lua:run_popen	dirtools.lua:122
dirtools.lua:list_dir	dirtools.lua:488
init.lua:get_files	init.lua:52
init.lua:get_files	init.lua:69
init.lua:get_files	init.lua:69
init.lua:get_files	init.lua:69
init.lua:get_files	init.lua:69
init.lua:get_files	init.lua:69
init.lua:get_files	init.lua:69
init.lua:33	init.lua:83
frame: 000048
dirtools.lua:run_popen	dirtools.lua:122
dirtools.lua:list_dir	dirtools.lua:496
init.lua:get_files	init.lua:52
init.lua:get_files	init.lua:69
init.lua:get_files	init.lua:69
init.lua:get_files	init.lua:69
init.lua:get_files	init.lua:69
init.lua:get_files	init.lua:69
init.lua:get_files	init.lua:69
init.lua:33	init.lua:83
frame: 000048
system.lua:sleep	system.lua:197
init.lua:run	init.lua:609
main_states.lua:Update	main_states.lua:196
statemanager.lua:Update	statemanager.lua:118
sequencer.lua:Update	sequencer.lua:66
main.lua:155	main.lua:168
sapp_run	[builtin#171]
main.lua:0	main.lua:219
@0x7ff727ef4830	@0x7ff727ef4830
frame: 000049
dirtools.lua:run_popen	dirtools.lua:120
dirtools.lua:list_dir	dirtools.lua:488
init.lua:get_files	init.lua:52
init.lua:get_files	init.lua:69
init.lua:get_files	init.lua:69
init.lua:get_files	init.lua:69
init.lua:get_files	init.lua:69
init.lua:33	init.lua:83
xpcall	[builtin#21]
init.lua:401	init.lua:403
frame: 000049
dirtools.lua:run_popen	dirtools.lua:122
dirtools.lua:list_dir	dirtools.lua:488
init.lua:get_files	init.lua:52
init.lua:get_files	init.lua:69
init.lua:get_files	init.lua:69
init.lua:get_files	init.lua:69
init.lua:get_files	init.lua:69
init.lua:33	init.lua:83
xpcall	[builtin#21]
init.lua:401	init.lua:403
frame: 000049
dirtools.lua:run_popen	dirtools.lua:120
dirtools.lua:list_dir	dirtools.lua:496
init.lua:get_files	init.lua:52
init.lua:get_files	init.lua:69
init.lua:get_files	init.lua:69
init.lua:get_files	init.lua:69
init.lua:get_files	init.lua:69
init.lua:33	init.lua:83
xpcall	[builtin#21]
init.lua:401	init.lua:403
frame: 000049
dirtools.lua:run_popen	dirtools.lua:120
dirtools.lua:list_dir	dirtools.lua:488
init.lua:get_files	init.lua:52
init.lua:get_files	init.lua:69
init.lua:get_files	init.lua:69
init.lua:get_files	init.lua:69
init.lua:get_files	init.lua:69
init.lua:get_files	init.lua:69
init.lua:33	init.lua:83
xpcall	[builtin#21]
frame: 000049
dirtools.lua:run_popen	dirtools.lua:123
dirtools.lua:list_dir	dirtools.lua:488
init.lua:get_files	init.lua:52
init.lua:get_files	init.lua:69
init.lua:get_files	init.lua:69
init.lua:get_files	init.lua:69
init.lua:get_files	init.lua:69
init.lua:get_files	init.lua:69
init.lua:33	init.lua:83
xpcall	[builtin#21]
frame: 000049
dirtools.lua:run_popen	dirtools.lua:120
dirtools.lua:list_dir	dirtools.lua:496
init.lua:get_files	init.lua:52
init.lua:get_files	init.lua:69
init.lua:get_files	init.lua:69
init.lua:get_files	init.lua:69
init.lua:get_files	init.lua:69
init.lua:get_files	init.lua:69
init.lua:33	init.lua:83
xpcall	[builtin#21]
frame: 000049
system.lua:sleep	system.lua:197
init.lua:run	init.lua:609
main_states.lua:Update	main_states.lua:196
statemanager.lua:Update	statemanager.lua:118
sequencer.lua:Update	sequencer.lua:66
main.lua:155	main.lua:168
sapp_run	[builtin#171]
main.lua:0	main.lua:219
@0x7ff727ef4830	@0x7ff727ef4830
frame: 000050
dirtools.lua:run_popen	dirtools.lua:120
dirtools.lua:list_dir	dirtools.lua:488
init.lua:get_files	init.lua:52
init.lua:get_files	init.lua:69
init.lua:get_files	init.lua:69
init.lua:get_files	init.lua:69
init.lua:get_files	init.lua:69
init.lua:get_files	init.lua:69
init.lua:get_files	init.lua:69
init.lua:33	init.lua:83
frame: 000050
dirtools.lua:run_popen	dirtools.lua:122
dirtools.lua:list_dir	dirtools.lua:488
init.lua:get_files	init.lua:52
init.lua:get_files	init.lua:69
init.lua:get_files	init.lua:69
init.lua:get_files	init.lua:69
init.lua:get_files	init.lua:69
init.lua:get_files	init.lua:69
init.lua:get_files	init.lua:69
init.lua:33	init.lua:83
frame: 000050
dirtools.lua:run_popen	dirtools.lua:120
dirtools.lua:list_dir	dirtools.lua:496
init.lua:get_files	init.lua:52
init.lua:get_files	init.lua:69
init.lua:get_files	init.lua:69
init.lua:get_files	init.lua:69
init.lua:get_files	init.lua:69
init.lua:get_files	init.lua:69
init.lua:get_files	init.lua:69
init.lua:33	init.lua:83
frame: 000050
dirtools.lua:run_popen	dirtools.lua:122
dirtools.lua:list_dir	dirtools.lua:496
init.lua:get_files	init.lua:52
init.lua:get_files	init.lua:69
init.lua:get_files	init.lua:69
init.lua:get_files	init.lua:69
init.lua:get_files	init.lua:69
init.lua:get_files	init.lua:69
init.lua:get_files	init.lua:69
init.lua:33	init.lua:83
frame: 000050
dirtools.lua:run_popen	dirtools.lua:120
dirtools.lua:list_dir	dirtools.lua:488
init.lua:get_files	init.lua:52
init.lua:get_files	init.lua:69
init.lua:get_files	init.lua:69
init.lua:get_files	init.lua:69
init.lua:get_files	init.lua:69
init.lua:get_files	init.lua:69
init.lua:get_files	init.lua:69
init.lua:get_files	init.lua:69
frame: 000050
dirtools.lua:run_popen	dirtools.lua:122
dirtools.lua:list_dir	dirtools.lua:488
init.lua:get_files	init.lua:52
init.lua:get_files	init.lua:69
init.lua:get_files	init.lua:69
init.lua:get_files	init.lua:69
init.lua:get_files	init.lua:69
init.lua:get_files	init.lua:69
init.lua:get_files	init.lua:69
init.lua:get_files	init.lua:69
frame: 000050
dirtools.lua:run_popen	dirtools.lua:120
dirtools.lua:list_dir	dirtools.lua:496
init.lua:get_files	init.lua:52
init.lua:get_files	init.lua:69
init.lua:get_files	init.lua:69
init.lua:get_files	init.lua:69
init.lua:get_files	init.lua:69
init.lua:get_files	init.lua:69
init.lua:get_files	init.lua:69
init.lua:get_files	init.lua:69
frame: 000050
dirtools.lua:run_popen	dirtools.lua:122
dirtools.lua:list_dir	dirtools.lua:496
init.lua:get_files	init.lua:52
init.lua:get_files	init.lua:69
init.lua:get_files	init.lua:69
init.lua:get_files	init.lua:69
init.lua:get_files	init.lua:69
init.lua:get_files	init.lua:69
init.lua:get_files	init.lua:69
init.lua:get_files	init.lua:69
frame: 000050
system.lua:sleep	system.lua:197
init.lua:run	init.lua:609
main_states.lua:Update	main_states.lua:196
statemanager.lua:Update	statemanager.lua:118
sequencer.lua:Update	sequencer.lua:66
main.lua:155	main.lua:168
sapp_run	[builtin#171]
main.lua:0	main.lua:219
@0x7ff727ef4830	@0x7ff727ef4830
frame: 000051
dirtools.lua:run_popen	dirtools.lua:120
dirtools.lua:list_dir	dirtools.lua:488
init.lua:get_files	init.lua:52
init.lua:get_files	init.lua:69
init.lua:get_files	init.lua:69
init.lua:get_files	init.lua:69
init.lua:get_files	init.lua:69
init.lua:get_files	init.lua:69
init.lua:get_files	init.lua:69
init.lua:33	init.lua:83
frame: 000051
dirtools.lua:run_popen	dirtools.lua:123
dirtools.lua:list_dir	dirtools.lua:488
init.lua:get_files	init.lua:52
init.lua:get_files	init.lua:69
init.lua:get_files	init.lua:69
init.lua:get_files	init.lua:69
init.lua:get_files	init.lua:69
init.lua:get_files	init.lua:69
init.lua:get_files	init.lua:69
init.lua:33	init.lua:83
frame: 000051
dirtools.lua:run_popen	dirtools.lua:122
dirtools.lua:list_dir	dirtools.lua:496
init.lua:get_files	init.lua:52
init.lua:get_files	init.lua:69
init.lua:get_files	init.lua:69
init.lua:get_files	init.lua:69
init.lua:get_files	init.lua:69
init.lua:get_files	init.lua:69
init.lua:get_files	init.lua:69
init.lua:33	init.lua:83
frame: 000051
dirtools.lua:run_popen	dirtools.lua:120
dirtools.lua:list_dir	dirtools.lua:488
init.lua:get_files	init.lua:52
init.lua:get_files	init.lua:69
init.lua:get_files	init.lua:69
init.lua:get_files	init.lua:69
init.lua:get_files	init.lua:69
init.lua:get_files	init.lua:69
init.lua:get_files	init.lua:69
init.lua:get_files	init.lua:69
frame: 000051
dirtools.lua:run_popen	dirtools.lua:122
dirtools.lua:list_dir	dirtools.lua:488
init.lua:get_files	init.lua:52
init.lua:get_files	init.lua:69
init.lua:get_files	init.lua:69
init.lua:get_files	init.lua:69
init.lua:get_files	init.lua:69
init.lua:get_files	init.lua:69
init.lua:get_files	init.lua:69
init.lua:get_files	init.lua:69
frame: 000051
dirtools.lua:run_popen	dirtools.lua:120
dirtools.lua:list_dir	dirtools.lua:496
init.lua:get_files	init.lua:52
init.lua:get_files	init.lua:69
init.lua:get_files	init.lua:69
init.lua:get_files	init.lua:69
init.lua:get_files	init.lua:69
init.lua:get_files	init.lua:69
init.lua:get_files	init.lua:69
init.lua:get_files	init.lua:69
frame: 000051
dirtools.lua:run_popen	dirtools.lua:122
dirtools.lua:list_dir	dirtools.lua:496
init.lua:get_files	init.lua:52
init.lua:get_files	init.lua:69
init.lua:get_files	init.lua:69
init.lua:get_files	init.lua:69
init.lua:get_files	init.lua:69
init.lua:get_files	init.lua:69
init.lua:get_files	init.lua:69
init.lua:get_files	init.lua:69
frame: 000051
system.lua:sleep	system.lua:197
init.lua:run	init.lua:609
main_states.lua:Update	main_states.lua:196
statemanager.lua:Update	statemanager.lua:118
sequencer.lua:Update	sequencer.lua:66
main.lua:155	main.lua:168
sapp_run	[builtin#171]
main.lua:0	main.lua:219
@0x7ff727ef4830	@0x7ff727ef4830
frame: 000052
dirtools.lua:run_popen	dirtools.lua:120
dirtools.lua:list_dir	dirtools.lua:488
init.lua:get_files	init.lua:52
init.lua:get_files	init.lua:69
init.lua:get_files	init.lua:69
init.lua:get_files	init.lua:69
init.lua:get_files	init.lua:69
init.lua:get_files	init.lua:69
init.lua:get_files	init.lua:69
init.lua:get_files	init.lua:69
frame: 000052
dirtools.lua:run_popen	dirtools.lua:120
dirtools.lua:list_dir	dirtools.lua:496
init.lua:get_files	init.lua:52
init.lua:get_files	init.lua:69
init.lua:get_files	init.lua:69
init.lua:get_files	init.lua:69
init.lua:get_files	init.lua:69
init.lua:get_files	init.lua:69
init.lua:get_files	init.lua:69
init.lua:get_files	init.lua:69
frame: 000052
dirtools.lua:run_popen	dirtools.lua:122
dirtools.lua:list_dir	dirtools.lua:496
init.lua:get_files	init.lua:52
init.lua:get_files	init.lua:69
init.lua:get_files	init.lua:69
init.lua:get_files	init.lua:69
init.lua:get_files	init.lua:69
init.lua:get_files	init.lua:69
init.lua:get_files	init.lua:69
init.lua:get_files	init.lua:69
frame: 000052
dirtools.lua:run_popen	dirtools.lua:120
dirtools.lua:list_dir	dirtools.lua:488
init.lua:get_files	init.lua:52
init.lua:get_files	init.lua:69
init.lua:get_files	init.lua:69
init.lua:33	init.lua:83
xpcall	[builtin#21]
init.lua:401	init.lua:403
frame: 000052
dirtools.lua:run_popen	dirtools.lua:122
dirtools.lua:list_dir	dirtools.lua:488
init.lua:get_files	init.lua:52
init.lua:get_files	init.lua:69
init.lua:get_files	init.lua:69
init.lua:33	init.lua:83
xpcall	[builtin#21]
init.lua:401	init.lua:403
frame: 000052
dirtools.lua:run_popen	dirtools.lua:120
dirtools.lua:list_dir	dirtools.lua:496
init.lua:get_files	init.lua:52
init.lua:get_files	init.lua:69
init.lua:get_files	init.lua:69
init.lua:33	init.lua:83
xpcall	[builtin#21]
init.lua:401	init.lua:403
frame: 000052
dirtools.lua:run_popen	dirtools.lua:122
dirtools.lua:list_dir	dirtools.lua:496
init.lua:get_files	init.lua:52
init.lua:get_files	init.lua:69
init.lua:get_files	init.lua:69
init.lua:33	init.lua:83
xpcall	[builtin#21]
init.lua:401	init.lua:403
frame: 000052
main.lua:155	main.lua:178
sapp_run	[builtin#171]
main.lua:0	main.lua:219
@0x7ff727ef4830	@0x7ff727ef4830
frame: 000053
dirtools.lua:run_popen	dirtools.lua:120
dirtools.lua:list_dir	dirtools.lua:488
init.lua:get_files	init.lua:52
init.lua:get_files	init.lua:69
init.lua:get_files	init.lua:69
init.lua:get_files	init.lua:69
init.lua:33	init.lua:83
xpcall	[builtin#21]
init.lua:401	init.lua:403
frame: 000053
dirtools.lua:run_popen	dirtools.lua:122
dirtools.lua:list_dir	dirtools.lua:488
init.lua:get_files	init.lua:52
init.lua:get_files	init.lua:69
init.lua:get_files	init.lua:69
init.lua:get_files	init.lua:69
init.lua:33	init.lua:83
xpcall	[builtin#21]
init.lua:401	init.lua:403
frame: 000053
dirtools.lua:run_popen	dirtools.lua:120
dirtools.lua:list_dir	dirtools.lua:496
init.lua:get_files	init.lua:52
init.lua:get_files	init.lua:69
init.lua:get_files	init.lua:69
init.lua:get_files	init.lua:69
init.lua:33	init.lua:83
xpcall	[builtin#21]
init.lua:401	init.lua:403
frame: 000053
dirtools.lua:run_popen	dirtools.lua:122
dirtools.lua:list_dir	dirtools.lua:496
init.lua:get_files	init.lua:52
init.lua:get_files	init.lua:69
init.lua:get_files	init.lua:69
init.lua:get_files	init.lua:69
init.lua:33	init.lua:83
xpcall	[builtin#21]
init.lua:401	init.lua:403
frame: 000053
dirtools.lua:run_popen	dirtools.lua:120
dirtools.lua:list_dir	dirtools.lua:488
init.lua:get_files	init.lua:52
init.lua:get_files	init.lua:69
init.lua:get_files	init.lua:69
init.lua:get_files	init.lua:69
init.lua:33	init.lua:83
xpcall	[builtin#21]
init.lua:401	init.lua:403
frame: 000053
dirtools.lua:run_popen	dirtools.lua:122
dirtools.lua:list_dir	dirtools.lua:488
init.lua:get_files	init.lua:52
init.lua:get_files	init.lua:69
init.lua:get_files	init.lua:69
init.lua:get_files	init.lua:69
init.lua:33	init.lua:83
xpcall	[builtin#21]
init.lua:401	init.lua:403
frame: 000053
dirtools.lua:run_popen	dirtools.lua:120
dirtools.lua:list_dir	dirtools.lua:496
init.lua:get_files	init.lua:52
init.lua:get_files	init.lua:69
init.lua:get_files	init.lua:69
init.lua:get_files	init.lua:69
init.lua:33	init.lua:83
xpcall	[builtin#21]
init.lua:401	init.lua:403
frame: 000053
dirtools.lua:run_popen	dirtools.lua:122
dirtools.lua:list_dir	dirtools.lua:496
init.lua:get_files	init.lua:52
init.lua:get_files	init.lua:69
init.lua:get_files	init.lua:69
init.lua:get_files	init.lua:69
init.lua:33	init.lua:83
xpcall	[builtin#21]
init.lua:401	init.lua:403
frame: 000053
system.lua:sleep	system.lua:197
init.lua:run	init.lua:609
main_states.lua:Update	main_states.lua:196
statemanager.lua:Update	statemanager.lua:118
sequencer.lua:Update	sequencer.lua:66
main.lua:155	main.lua:168
sapp_run	[builtin#171]
main.lua:0	main.lua:219
@0x7ff727ef4830	@0x7ff727ef4830
frame: 000054
dirtools.lua:run_popen	dirtools.lua:120
dirtools.lua:list_dir	dirtools.lua:488
init.lua:get_files	init.lua:52
init.lua:get_files	init.lua:69
init.lua:get_files	init.lua:69
init.lua:get_files	init.lua:69
init.lua:33	init.lua:83
xpcall	[builtin#21]
init.lua:401	init.lua:403
frame: 000054
dirtools.lua:run_popen	dirtools.lua:122
dirtools.lua:list_dir	dirtools.lua:488
init.lua:get_files	init.lua:52
init.lua:get_files	init.lua:69
init.lua:get_files	init.lua:69
init.lua:get_files	init.lua:69
init.lua:33	init.lua:83
xpcall	[builtin#21]
init.lua:401	init.lua:403
frame: 000054
dirtools.lua:run_popen	dirtools.lua:120
dirtools.lua:list_dir	dirtools.lua:496
init.lua:get_files	init.lua:52
init.lua:get_files	init.lua:69
init.lua:get_files	init.lua:69
init.lua:get_files	init.lua:69
init.lua:33	init.lua:83
xpcall	[builtin#21]
init.lua:401	init.lua:403
frame: 000054
dirtools.lua:run_popen	dirtools.lua:122
dirtools.lua:list_dir	dirtools.lua:496
init.lua:get_files	init.lua:52
init.lua:get_files	init.lua:69
init.lua:get_files	init.lua:69
init.lua:get_files	init.lua:69
init.lua:33	init.lua:83
xpcall	[builtin#21]
init.lua:401	init.lua:403
frame: 000054
dirtools.lua:run_popen	dirtools.lua:120
dirtools.lua:list_dir	dirtools.lua:488
init.lua:get_files	init.lua:52
init.lua:get_files	init.lua:69
init.lua:get_files	init.lua:69
init.lua:get_files	init.lua:69
init.lua:33	init.lua:83
xpcall	[builtin#21]
init.lua:401	init.lua:403
frame: 000054
dirtools.lua:run_popen	dirtools.lua:122
dirtools.lua:list_dir	dirtools.lua:488
init.lua:get_files	init.lua:52
init.lua:get_files	init.lua:69
init.lua:get_files	init.lua:69
init.lua:get_files	init.lua:69
init.lua:33	init.lua:83
xpcall	[builtin#21]
init.lua:401	init.lua:403
frame: 000054
dirtools.lua:run_popen	dirtools.lua:120
dirtools.lua:list_dir	dirtools.lua:496
init.lua:get_files	init.lua:52
init.lua:get_files	init.lua:69
init.lua:get_files	init.lua:69
init.lua:get_files	init.lua:69
init.lua:33	init.lua:83
xpcall	[builtin#21]
init.lua:401	init.lua:403
frame: 000054
dirtools.lua:run_popen	dirtools.lua:122
dirtools.lua:list_dir	dirtools.lua:496
init.lua:get_files	init.lua:52
init.lua:get_files	init.lua:69
init.lua:get_files	init.lua:69
init.lua:get_files	init.lua:69
init.lua:33	init.lua:83
xpcall	[builtin#21]
init.lua:401	init.lua:403
frame: 000055
dirtools.lua:run_popen	dirtools.lua:120
dirtools.lua:list_dir	dirtools.lua:488
init.lua:get_files	init.lua:52
init.lua:get_files	init.lua:69
init.lua:get_files	init.lua:69
init.lua:33	init.lua:83
xpcall	[builtin#21]
init.lua:401	init.lua:403
frame: 000055
dirtools.lua:run_popen	dirtools.lua:122
dirtools.lua:list_dir	dirtools.lua:488
init.lua:get_files	init.lua:52
init.lua:get_files	init.lua:69
init.lua:get_files	init.lua:69
init.lua:33	init.lua:83
xpcall	[builtin#21]
init.lua:401	init.lua:403
frame: 000055
dirtools.lua:run_popen	dirtools.lua:120
dirtools.lua:list_dir	dirtools.lua:496
init.lua:get_files	init.lua:52
init.lua:get_files	init.lua:69
init.lua:get_files	init.lua:69
init.lua:33	init.lua:83
xpcall	[builtin#21]
init.lua:401	init.lua:403
frame: 000055
system.lua:sleep	system.lua:197
init.lua:run	init.lua:609
main_states.lua:Update	main_states.lua:196
statemanager.lua:Update	statemanager.lua:118
sequencer.lua:Update	sequencer.lua:66
main.lua:155	main.lua:168
sapp_run	[builtin#171]
main.lua:0	main.lua:219
@0x7ff727ef4830	@0x7ff727ef4830
frame: 000056
system.lua:sleep	system.lua:197
init.lua:run	init.lua:609
main_states.lua:Update	main_states.lua:196
statemanager.lua:Update	statemanager.lua:118
sequencer.lua:Update	sequencer.lua:66
main.lua:155	main.lua:168
sapp_run	[builtin#171]
main.lua:0	main.lua:219
@0x7ff727ef4830	@0x7ff727ef4830
frame: 000057
system.lua:sleep	system.lua:197
init.lua:run	init.lua:609
main_states.lua:Update	main_states.lua:196
statemanager.lua:Update	statemanager.lua:118
sequencer.lua:Update	sequencer.lua:66
main.lua:155	main.lua:168
sapp_run	[builtin#171]
main.lua:0	main.lua:219
@0x7ff727ef4830	@0x7ff727ef4830
frame: 000058
system.lua:sleep	system.lua:197
init.lua:run	init.lua:609
main_states.lua:Update	main_states.lua:196
statemanager.lua:Update	statemanager.lua:118
sequencer.lua:Update	sequencer.lua:66
main.lua:155	main.lua:168
sapp_run	[builtin#171]
main.lua:0	main.lua:219
@0x7ff727ef4830	@0x7ff727ef4830
frame: 000059
system.lua:sleep	system.lua:197
init.lua:run	init.lua:609
main_states.lua:Update	main_states.lua:196
statemanager.lua:Update	statemanager.lua:118
sequencer.lua:Update	sequencer.lua:66
main.lua:155	main.lua:168
sapp_run	[builtin#171]
main.lua:0	main.lua:219
@0x7ff727ef4830	@0x7ff727ef4830
frame: 000059
main.lua:155	main.lua:178
sapp_run	[builtin#171]
main.lua:0	main.lua:219
@0x7ff727ef4830	@0x7ff727ef4830
frame: 000060
system.lua:sleep	system.lua:197
init.lua:run	init.lua:609
main_states.lua:Update	main_states.lua:196
statemanager.lua:Update	statemanager.lua:118
sequencer.lua:Update	sequencer.lua:66
main.lua:155	main.lua:168
sapp_run	[builtin#171]
main.lua:0	main.lua:219
@0x7ff727ef4830	@0x7ff727ef4830
frame: 000061
system.lua:sleep	system.lua:197
init.lua:run	init.lua:609
main_states.lua:Update	main_states.lua:196
statemanager.lua:Update	statemanager.lua:118
sequencer.lua:Update	sequencer.lua:66
main.lua:155	main.lua:168
sapp_run	[builtin#171]
main.lua:0	main.lua:219
@0x7ff727ef4830	@0x7ff727ef4830
frame: 000062
system.lua:sleep	system.lua:197
init.lua:run	init.lua:609
main_states.lua:Update	main_states.lua:196
statemanager.lua:Update	statemanager.lua:118
sequencer.lua:Update	sequencer.lua:66
main.lua:155	main.lua:168
sapp_run	[builtin#171]
main.lua:0	main.lua:219
@0x7ff727ef4830	@0x7ff727ef4830
frame: 000063
system.lua:sleep	system.lua:197
init.lua:run	init.lua:609
main_states.lua:Update	main_states.lua:196
statemanager.lua:Update	statemanager.lua:118
sequencer.lua:Update	sequencer.lua:66
main.lua:155	main.lua:168
sapp_run	[builtin#171]
main.lua:0	main.lua:219
@0x7ff727ef4830	@0x7ff727ef4830
frame: 000064
system.lua:sleep	system.lua:197
init.lua:run	init.lua:609
main_states.lua:Update	main_states.lua:196
statemanager.lua:Update	statemanager.lua:118
sequencer.lua:Update	sequencer.lua:66
main.lua:155	main.lua:168
sapp_run	[builtin#171]
main.lua:0	main.lua:219
@0x7ff727ef4830	@0x7ff727ef4830
frame: 000064
main.lua:155	main.lua:178
sapp_run	[builtin#171]
main.lua:0	main.lua:219
@0x7ff727ef4830	@0x7ff727ef4830
frame: 000065
system.lua:sleep	system.lua:197
init.lua:run	init.lua:609
main_states.lua:Update	main_states.lua:196
statemanager.lua:Update	statemanager.lua:118
sequencer.lua:Update	sequencer.lua:66
main.lua:155	main.lua:168
sapp_run	[builtin#171]
main.lua:0	main.lua:219
@0x7ff727ef4830	@0x7ff727ef4830
frame: 000066
system.lua:sleep	system.lua:197
init.lua:run	init.lua:609
main_states.lua:Update	main_states.lua:196
statemanager.lua:Update	statemanager.lua:118
sequencer.lua:Update	sequencer.lua:66
main.lua:155	main.lua:168
sapp_run	[builtin#171]
main.lua:0	main.lua:219
@0x7ff727ef4830	@0x7ff727ef4830
frame: 000066
main.lua:155	main.lua:178
sapp_run	[builtin#171]
main.lua:0	main.lua:219
@0x7ff727ef4830	@0x7ff727ef4830
frame: 000067
system.lua:sleep	system.lua:197
init.lua:run	init.lua:609
main_states.lua:Update	main_states.lua:196
statemanager.lua:Update	statemanager.lua:118
sequencer.lua:Update	sequencer.lua:66
main.lua:155	main.lua:168
sapp_run	[builtin#171]
main.lua:0	main.lua:219
@0x7ff727ef4830	@0x7ff727ef4830
frame: 000068
system.lua:sleep	system.lua:197
init.lua:run	init.lua:609
main_states.lua:Update	main_states.lua:196
statemanager.lua:Update	statemanager.lua:118
sequencer.lua:Update	sequencer.lua:66
main.lua:155	main.lua:168
sapp_run	[builtin#171]
main.lua:0	main.lua:219
@0x7ff727ef4830	@0x7ff727ef4830
frame: 000069
system.lua:sleep	system.lua:197
init.lua:run	init.lua:609
main_states.lua:Update	main_states.lua:196
statemanager.lua:Update	statemanager.lua:118
sequencer.lua:Update	sequencer.lua:66
main.lua:155	main.lua:168
sapp_run	[builtin#171]
main.lua:0	main.lua:219
@0x7ff727ef4830	@0x7ff727ef4830
frame: 000070
system.lua:sleep	system.lua:197
init.lua:run	init.lua:609
main_states.lua:Update	main_states.lua:196
statemanager.lua:Update	statemanager.lua:118
sequencer.lua:Update	sequencer.lua:66
main.lua:155	main.lua:168
sapp_run	[builtin#171]
main.lua:0	main.lua:219
@0x7ff727ef4830	@0x7ff727ef4830
frame: 000071
system.lua:sleep	system.lua:197
init.lua:run	init.lua:609
main_states.lua:Update	main_states.lua:196
statemanager.lua:Update	statemanager.lua:118
sequencer.lua:Update	sequencer.lua:66
main.lua:155	main.lua:168
sapp_run	[builtin#171]
main.lua:0	main.lua:219
@0x7ff727ef4830	@0x7ff727ef4830
frame: 000072
system.lua:sleep	system.lua:197
init.lua:run	init.lua:609
main_states.lua:Update	main_states.lua:196
statemanager.lua:Update	statemanager.lua:118
sequencer.lua:Update	sequencer.lua:66
main.lua:155	main.lua:168
sapp_run	[builtin#171]
main.lua:0	main.lua:219
@0x7ff727ef4830	@0x7ff727ef4830
frame: 000072
main.lua:155	main.lua:178
sapp_run	[builtin#171]
main.lua:0	main.lua:219
@0x7ff727ef4830	@0x7ff727ef4830
frame: 000073
system.lua:sleep	system.lua:197
init.lua:run	init.lua:609
main_states.lua:Update	main_states.lua:196
statemanager.lua:Update	statemanager.lua:118
sequencer.lua:Update	sequencer.lua:66
main.lua:155	main.lua:168
sapp_run	[builtin#171]
main.lua:0	main.lua:219
@0x7ff727ef4830	@0x7ff727ef4830
frame: 000074
system.lua:sleep	system.lua:197
init.lua:run	init.lua:609
main_states.lua:Update	main_states.lua:196
statemanager.lua:Update	statemanager.lua:118
sequencer.lua:Update	sequencer.lua:66
main.lua:155	main.lua:168
sapp_run	[builtin#171]
main.lua:0	main.lua:219
@0x7ff727ef4830	@0x7ff727ef4830
frame: 000075
system.lua:sleep	system.lua:197
init.lua:run	init.lua:609
main_states.lua:Update	main_states.lua:196
statemanager.lua:Update	statemanager.lua:118
sequencer.lua:Update	sequencer.lua:66
main.lua:155	main.lua:168
sapp_run	[builtin#171]
main.lua:0	main.lua:219
@0x7ff727ef4830	@0x7ff727ef4830
frame: 000075
main.lua:155	main.lua:175
sapp_run	[builtin#171]
main.lua:0	main.lua:219
@0x7ff727ef4830	@0x7ff727ef4830
frame: 000076
system.lua:sleep	system.lua:197
init.lua:run	init.lua:609
main_states.lua:Update	main_states.lua:196
statemanager.lua:Update	statemanager.lua:118
sequencer.lua:Update	sequencer.lua:66
main.lua:155	main.lua:168
sapp_run	[builtin#171]
main.lua:0	main.lua:219
@0x7ff727ef4830	@0x7ff727ef4830
frame: 000077
system.lua:sleep	system.lua:197
init.lua:run	init.lua:609
main_states.lua:Update	main_states.lua:196
statemanager.lua:Update	statemanager.lua:118
sequencer.lua:Update	sequencer.lua:66
main.lua:155	main.lua:168
sapp_run	[builtin#171]
main.lua:0	main.lua:219
@0x7ff727ef4830	@0x7ff727ef4830
frame: 000078
system.lua:sleep	system.lua:197
init.lua:run	init.lua:609
main_states.lua:Update	main_states.lua:196
statemanager.lua:Update	statemanager.lua:118
sequencer.lua:Update	sequencer.lua:66
main.lua:155	main.lua:168
sapp_run	[builtin#171]
main.lua:0	main.lua:219
@0x7ff727ef4830	@0x7ff727ef4830
frame: 000079
system.lua:sleep	system.lua:197
init.lua:run	init.lua:609
main_states.lua:Update	main_states.lua:196
statemanager.lua:Update	statemanager.lua:118
sequencer.lua:Update	sequencer.lua:66
main.lua:155	main.lua:168
sapp_run	[builtin#171]
main.lua:0	main.lua:219
@0x7ff727ef4830	@0x7ff727ef4830
frame: 000079
main.lua:155	main.lua:173
sapp_run	[builtin#171]
main.lua:0	main.lua:219
@0x7ff727ef4830	@0x7ff727ef4830
frame: 000080
system.lua:sleep	system.lua:197
init.lua:run	init.lua:609
main_states.lua:Update	main_states.lua:196
statemanager.lua:Update	statemanager.lua:118
sequencer.lua:Update	sequencer.lua:66
main.lua:155	main.lua:168
sapp_run	[builtin#171]
main.lua:0	main.lua:219
@0x7ff727ef4830	@0x7ff727ef4830
frame: 000081
system.lua:sleep	system.lua:197
init.lua:run	init.lua:609
main_states.lua:Update	main_states.lua:196
statemanager.lua:Update	statemanager.lua:118
sequencer.lua:Update	sequencer.lua:66
main.lua:155	main.lua:168
sapp_run	[builtin#171]
main.lua:0	main.lua:219
@0x7ff727ef4830	@0x7ff727ef4830
frame: 000082
system.lua:sleep	system.lua:197
init.lua:run	init.lua:609
main_states.lua:Update	main_states.lua:196
statemanager.lua:Update	statemanager.lua:118
sequencer.lua:Update	sequencer.lua:66
main.lua:155	main.lua:168
sapp_run	[builtin#171]
main.lua:0	main.lua:219
@0x7ff727ef4830	@0x7ff727ef4830
frame: 000082
main.lua:155	main.lua:178
sapp_run	[builtin#171]
main.lua:0	main.lua:219
@0x7ff727ef4830	@0x7ff727ef4830
frame: 000083
system.lua:sleep	system.lua:197
init.lua:run	init.lua:609
main_states.lua:Update	main_states.lua:196
statemanager.lua:Update	statemanager.lua:118
sequencer.lua:Update	sequencer.lua:66
main.lua:155	main.lua:168
sapp_run	[builtin#171]
main.lua:0	main.lua:219
@0x7ff727ef4830	@0x7ff727ef4830
frame: 000084
system.lua:sleep	system.lua:197
init.lua:run	init.lua:609
main_states.lua:Update	main_states.lua:196
statemanager.lua:Update	statemanager.lua:118
sequencer.lua:Update	sequencer.lua:66
main.lua:155	main.lua:168
sapp_run	[builtin#171]
main.lua:0	main.lua:219
@0x7ff727ef4830	@0x7ff727ef4830
frame: 000085
system.lua:sleep	system.lua:197
init.lua:run	init.lua:609
main_states.lua:Update	main_states.lua:196
statemanager.lua:Update	statemanager.lua:118
sequencer.lua:Update	sequencer.lua:66
main.lua:155	main.lua:168
sapp_run	[builtin#171]
main.lua:0	main.lua:219
@0x7ff727ef4830	@0x7ff727ef4830
frame: 000086
system.lua:sleep	system.lua:197
init.lua:run	init.lua:609
main_states.lua:Update	main_states.lua:196
statemanager.lua:Update	statemanager.lua:118
sequencer.lua:Update	sequencer.lua:66
main.lua:155	main.lua:168
sapp_run	[builtin#171]
main.lua:0	main.lua:219
@0x7ff727ef4830	@0x7ff727ef4830
frame: 000087
system.lua:sleep	system.lua:197
init.lua:run	init.lua:609
main_states.lua:Update	main_states.lua:196
statemanager.lua:Update	statemanager.lua:118
sequencer.lua:Update	sequencer.lua:66
main.lua:155	main.lua:168
sapp_run	[builtin#171]
main.lua:0	main.lua:219
@0x7ff727ef4830	@0x7ff727ef4830
frame: 000088
system.lua:sleep	system.lua:197
init.lua:run	init.lua:609
main_states.lua:Update	main_states.lua:196
statemanager.lua:Update	statemanager.lua:118
sequencer.lua:Update	sequencer.lua:66
main.lua:155	main.lua:168
sapp_run	[builtin#171]
main.lua:0	main.lua:219
@0x7ff727ef4830	@0x7ff727ef4830
frame: 000089
system.lua:sleep	system.lua:197
init.lua:run	init.lua:609
main_states.lua:Update	main_states.lua:196
statemanager.lua:Update	statemanager.lua:118
sequencer.lua:Update	sequencer.lua:66
main.lua:155	main.lua:168
sapp_run	[builtin#171]
main.lua:0	main.lua:219
@0x7ff727ef4830	@0x7ff727ef4830
frame: 000090
system.lua:sleep	system.lua:197
init.lua:run	init.lua:609
main_states.lua:Update	main_states.lua:196
statemanager.lua:Update	statemanager.lua:118
sequencer.lua:Update	sequencer.lua:66
main.lua:155	main.lua:168
sapp_run	[builtin#171]
main.lua:0	main.lua:219
@0x7ff727ef4830	@0x7ff727ef4830
frame: 000091
system.lua:sleep	system.lua:197
init.lua:run	init.lua:609
main_states.lua:Update	main_states.lua:196
statemanager.lua:Update	statemanager.lua:118
sequencer.lua:Update	sequencer.lua:66
main.lua:155	main.lua:168
sapp_run	[builtin#171]
main.lua:0	main.lua:219
@0x7ff727ef4830	@0x7ff727ef4830
frame: 000091
main.lua:155	main.lua:178
sapp_run	[builtin#171]
main.lua:0	main.lua:219
@0x7ff727ef4830	@0x7ff727ef4830
frame: 000092
system.lua:sleep	system.lua:197
init.lua:run	init.lua:609
main_states.lua:Update	main_states.lua:196
statemanager.lua:Update	statemanager.lua:118
sequencer.lua:Update	sequencer.lua:66
main.lua:155	main.lua:168
sapp_run	[builtin#171]
main.lua:0	main.lua:219
@0x7ff727ef4830	@0x7ff727ef4830
frame: 000093
system.lua:sleep	system.lua:197
init.lua:run	init.lua:609
main_states.lua:Update	main_states.lua:196
statemanager.lua:Update	statemanager.lua:118
sequencer.lua:Update	sequencer.lua:66
main.lua:155	main.lua:168
sapp_run	[builtin#171]
main.lua:0	main.lua:219
@0x7ff727ef4830	@0x7ff727ef4830
frame: 000094
system.lua:sleep	system.lua:197
init.lua:run	init.lua:609
main_states.lua:Update	main_states.lua:196
statemanager.lua:Update	statemanager.lua:118
sequencer.lua:Update	sequencer.lua:66
main.lua:155	main.lua:168
sapp_run	[builtin#171]
main.lua:0	main.lua:219
@0x7ff727ef4830	@0x7ff727ef4830
frame: 000095
system.lua:sleep	system.lua:197
init.lua:run	init.lua:609
main_states.lua:Update	main_states.lua:196
statemanager.lua:Update	statemanager.lua:118
sequencer.lua:Update	sequencer.lua:66
main.lua:155	main.lua:168
sapp_run	[builtin#171]
main.lua:0	main.lua:219
@0x7ff727ef4830	@0x7ff727ef4830
frame: 000096
system.lua:sleep	system.lua:197
init.lua:run	init.lua:609
main_states.lua:Update	main_states.lua:196
statemanager.lua:Update	statemanager.lua:118
sequencer.lua:Update	sequencer.lua:66
main.lua:155	main.lua:168
sapp_run	[builtin#171]
main.lua:0	main.lua:219
@0x7ff727ef4830	@0x7ff727ef4830
frame: 000097
system.lua:sleep	system.lua:197
init.lua:run	init.lua:609
main_states.lua:Update	main_states.lua:196
statemanager.lua:Update	statemanager.lua:118
sequencer.lua:Update	sequencer.lua:66
main.lua:155	main.lua:168
sapp_run	[builtin#171]
main.lua:0	main.lua:219
@0x7ff727ef4830	@0x7ff727ef4830
frame: 000098
system.lua:sleep	system.lua:197
init.lua:run	init.lua:609
main_states.lua:Update	main_states.lua:196
statemanager.lua:Update	statemanager.lua:118
sequencer.lua:Update	sequencer.lua:66
main.lua:155	main.lua:168
sapp_run	[builtin#171]
main.lua:0	main.lua:219
@0x7ff727ef4830	@0x7ff727ef4830
frame: 000099
system.lua:sleep	system.lua:197
init.lua:run	init.lua:609
main_states.lua:Update	main_states.lua:196
statemanager.lua:Update	statemanager.lua:118
sequencer.lua:Update	sequencer.lua:66
main.lua:155	main.lua:168
sapp_run	[builtin#171]
main.lua:0	main.lua:219
@0x7ff727ef4830	@0x7ff727ef4830
frame: 000100
main.lua:147	main.lua:148
sapp_run	[builtin#171]
main.lua:0	main.lua:219
@0x7ff727ef4830	@0x7ff727ef4830
frame: 000100
system.lua:sleep	system.lua:197
init.lua:run	init.lua:609
main_states.lua:Update	main_states.lua:196
statemanager.lua:Update	statemanager.lua:118
sequencer.lua:Update	sequencer.lua:66
main.lua:155	main.lua:168
sapp_run	[builtin#171]
main.lua:0	main.lua:219
@0x7ff727ef4830	@0x7ff727ef4830
frame: 000100
main_states.lua:Render	main_states.lua:219
statemanager.lua:Render	statemanager.lua:141
sequencer.lua:Render	sequencer.lua:72
main.lua:155	main.lua:178
sapp_run	[builtin#171]
main.lua:0	main.lua:219
@0x7ff727ef4830	@0x7ff727ef4830
frame: 000101
system.lua:sleep	system.lua:197
init.lua:run	init.lua:609
main_states.lua:Update	main_states.lua:196
statemanager.lua:Update	statemanager.lua:118
sequencer.lua:Update	sequencer.lua:66
main.lua:155	main.lua:168
sapp_run	[builtin#171]
main.lua:0	main.lua:219
@0x7ff727ef4830	@0x7ff727ef4830
frame: 000101
common.lua:draw_text	common.lua:124
sidebar.lua:draw	sidebar.lua:230
node.lua:665	node.lua:673
node.lua:propagate	node.lua:81
node.lua:665	node.lua:679
node.lua:propagate	node.lua:81
node.lua:665	node.lua:679
node.lua:propagate	node.lua:81
node.lua:draw	node.lua:679
rootview.lua:draw	rootview.lua:570
frame: 000102
system.lua:sleep	system.lua:197
init.lua:run	init.lua:609
main_states.lua:Update	main_states.lua:196
statemanager.lua:Update	statemanager.lua:118
sequencer.lua:Update	sequencer.lua:66
main.lua:155	main.lua:168
sapp_run	[builtin#171]
main.lua:0	main.lua:219
@0x7ff727ef4830	@0x7ff727ef4830
frame: 000102
sidebar.lua:draw	sidebar.lua:206
node.lua:665	node.lua:673
node.lua:propagate	node.lua:81
node.lua:665	node.lua:679
node.lua:propagate	node.lua:81
node.lua:665	node.lua:679
node.lua:propagate	node.lua:81
node.lua:draw	node.lua:679
rootview.lua:draw	rootview.lua:570
autocomplete.lua:draw	autocomplete.lua:238
frame: 000103
system.lua:sleep	system.lua:197
init.lua:run	init.lua:609
main_states.lua:Update	main_states.lua:196
statemanager.lua:Update	statemanager.lua:118
sequencer.lua:Update	sequencer.lua:66
main.lua:155	main.lua:168
sapp_run	[builtin#171]
main.lua:0	main.lua:219
@0x7ff727ef4830	@0x7ff727ef4830
frame: 000103
nuklear.lua:draw_rect	nuklear.lua:54
renderer.lua:draw_rect	renderer.lua:289
node.lua:draw	node.lua:678
rootview.lua:draw	rootview.lua:570
autocomplete.lua:draw	autocomplete.lua:238
init.lua:render	init.lua:513
main_states.lua:custom	main_states.lua:208
main_states.lua:79	main_states.lua:85
pcall	[builtin#20]
main_states.lua:Update	main_states.lua:207
frame: 000104
system.lua:sleep	system.lua:197
init.lua:run	init.lua:609
main_states.lua:Update	main_states.lua:196
statemanager.lua:Update	statemanager.lua:118
sequencer.lua:Update	sequencer.lua:66
main.lua:155	main.lua:168
sapp_run	[builtin#171]
main.lua:0	main.lua:219
@0x7ff727ef4830	@0x7ff727ef4830
frame: 000105
system.lua:sleep	system.lua:197
init.lua:run	init.lua:609
main_states.lua:Update	main_states.lua:196
statemanager.lua:Update	statemanager.lua:118
sequencer.lua:Update	sequencer.lua:66
main.lua:155	main.lua:168
sapp_run	[builtin#171]
main.lua:0	main.lua:219
@0x7ff727ef4830	@0x7ff727ef4830
frame: 000106
system.lua:sleep	system.lua:197
init.lua:run	init.lua:609
main_states.lua:Update	main_states.lua:196
statemanager.lua:Update	statemanager.lua:118
sequencer.lua:Update	sequencer.lua:66
main.lua:155	main.lua:168
sapp_run	[builtin#171]
main.lua:0	main.lua:219
@0x7ff727ef4830	@0x7ff727ef4830
frame: 000107
system.lua:sleep	system.lua:197
init.lua:run	init.lua:609
main_states.lua:Update	main_states.lua:196
statemanager.lua:Update	statemanager.lua:118
sequencer.lua:Update	sequencer.lua:66
main.lua:155	main.lua:168
sapp_run	[builtin#171]
main.lua:0	main.lua:219
@0x7ff727ef4830	@0x7ff727ef4830
frame: 000108
system.lua:sleep	system.lua:197
init.lua:run	init.lua:609
main_states.lua:Update	main_states.lua:196
statemanager.lua:Update	statemanager.lua:118
sequencer.lua:Update	sequencer.lua:66
main.lua:155	main.lua:168
sapp_run	[builtin#171]
main.lua:0	main.lua:219
@0x7ff727ef4830	@0x7ff727ef4830
frame: 000109
system.lua:sleep	system.lua:197
init.lua:run	init.lua:609
main_states.lua:Update	main_states.lua:196
statemanager.lua:Update	statemanager.lua:118
sequencer.lua:Update	sequencer.lua:66
main.lua:155	main.lua:168
sapp_run	[builtin#171]
main.lua:0	main.lua:219
@0x7ff727ef4830	@0x7ff727ef4830
frame: 000110
system.lua:sleep	system.lua:197
init.lua:run	init.lua:609
main_states.lua:Update	main_states.lua:196
statemanager.lua:Update	statemanager.lua:118
sequencer.lua:Update	sequencer.lua:66
main.lua:155	main.lua:168
sapp_run	[builtin#171]
main.lua:0	main.lua:219
@0x7ff727ef4830	@0x7ff727ef4830
frame: 000111
system.lua:sleep	system.lua:197
init.lua:run	init.lua:609
main_states.lua:Update	main_states.lua:196
statemanager.lua:Update	statemanager.lua:118
sequencer.lua:Update	sequencer.lua:66
main.lua:155	main.lua:168
sapp_run	[builtin#171]
main.lua:0	main.lua:219
@0x7ff727ef4830	@0x7ff727ef4830
frame: 000111
main.lua:155	main.lua:178
sapp_run	[builtin#171]
main.lua:0	main.lua:219
@0x7ff727ef4830	@0x7ff727ef4830
frame: 000112
system.lua:sleep	system.lua:197
init.lua:run	init.lua:609
main_states.lua:Update	main_states.lua:196
statemanager.lua:Update	statemanager.lua:118
sequencer.lua:Update	sequencer.lua:66
main.lua:155	main.lua:168
sapp_run	[builtin#171]
main.lua:0	main.lua:219
@0x7ff727ef4830	@0x7ff727ef4830
frame: 000113
system.lua:sleep	system.lua:197
init.lua:run	init.lua:609
main_states.lua:Update	main_states.lua:196
statemanager.lua:Update	statemanager.lua:118
sequencer.lua:Update	sequencer.lua:66
main.lua:155	main.lua:168
sapp_run	[builtin#171]
main.lua:0	main.lua:219
@0x7ff727ef4830	@0x7ff727ef4830
frame: 000114
system.lua:sleep	system.lua:197
init.lua:run	init.lua:609
main_states.lua:Update	main_states.lua:196
statemanager.lua:Update	statemanager.lua:118
sequencer.lua:Update	sequencer.lua:66
main.lua:155	main.lua:168
sapp_run	[builtin#171]
main.lua:0	main.lua:219
@0x7ff727ef4830	@0x7ff727ef4830
frame: 000115
system.lua:sleep	system.lua:197
init.lua:run	init.lua:609
main_states.lua:Update	main_states.lua:196
statemanager.lua:Update	statemanager.lua:118
sequencer.lua:Update	sequencer.lua:66
main.lua:155	main.lua:168
sapp_run	[builtin#171]
main.lua:0	main.lua:219
@0x7ff727ef4830	@0x7ff727ef4830
frame: 000116
system.lua:sleep	system.lua:197
init.lua:run	init.lua:609
main_states.lua:Update	main_states.lua:196
statemanager.lua:Update	statemanager.lua:118
sequencer.lua:Update	sequencer.lua:66
main.lua:155	main.lua:168
sapp_run	[builtin#171]
main.lua:0	main.lua:219
@0x7ff727ef4830	@0x7ff727ef4830
frame: 000117
system.lua:sleep	system.lua:197
init.lua:run	init.lua:609
main_states.lua:Update	main_states.lua:196
statemanager.lua:Update	statemanager.lua:118
sequencer.lua:Update	sequencer.lua:66
main.lua:155	main.lua:168
sapp_run	[builtin#171]
main.lua:0	main.lua:219
@0x7ff727ef4830	@0x7ff727ef4830
frame: 000117
main.lua:155	main.lua:178
sapp_run	[builtin#171]
main.lua:0	main.lua:219
@0x7ff727ef4830	@0x7ff727ef4830
frame: 000118
system.lua:sleep	system.lua:197
init.lua:run	init.lua:609
main_states.lua:Update	main_states.lua:196
statemanager.lua:Update	statemanager.lua:118
sequencer.lua:Update	sequencer.lua:66
main.lua:155	main.lua:168
sapp_run	[builtin#171]
main.lua:0	main.lua:219
@0x7ff727ef4830	@0x7ff727ef4830
frame: 000119
main.lua:147	main.lua:148
sapp_run	[builtin#171]
main.lua:0	main.lua:219
@0x7ff727ef4830	@0x7ff727ef4830
frame: 000119
system.lua:sleep	system.lua:197
init.lua:run	init.lua:609
main_states.lua:Update	main_states.lua:196
statemanager.lua:Update	statemanager.lua:118
sequencer.lua:Update	sequencer.lua:66
main.lua:155	main.lua:168
sapp_run	[builtin#171]
main.lua:0	main.lua:219
@0x7ff727ef4830	@0x7ff727ef4830
frame: 000119
main_states.lua:custom	main_states.lua:208
main_states.lua:79	main_states.lua:85
pcall	[builtin#20]
main_states.lua:Update	main_states.lua:207
statemanager.lua:Update	statemanager.lua:118
sequencer.lua:Update	sequencer.lua:66
main.lua:155	main.lua:168
sapp_run	[builtin#171]
main.lua:0	main.lua:219
@0x7ff727ef4830	@0x7ff727ef4830
frame: 000120
system.lua:sleep	system.lua:197
init.lua:run	init.lua:609
main_states.lua:Update	main_states.lua:196
statemanager.lua:Update	statemanager.lua:118
sequencer.lua:Update	sequencer.lua:66
main.lua:155	main.lua:168
sapp_run	[builtin#171]
main.lua:0	main.lua:219
@0x7ff727ef4830	@0x7ff727ef4830
frame: 000121
system.lua:sleep	system.lua:197
init.lua:run	init.lua:609
main_states.lua:Update	main_states.lua:196
statemanager.lua:Update	statemanager.lua:118
sequencer.lua:Update	sequencer.lua:66
main.lua:155	main.lua:168
sapp_run	[builtin#171]
main.lua:0	main.lua:219
@0x7ff727ef4830	@0x7ff727ef4830
frame: 000122
main.lua:147	main.lua:148
sapp_run	[builtin#171]
main.lua:0	main.lua:219
@0x7ff727ef4830	@0x7ff727ef4830
frame: 000122
system.lua:sleep	system.lua:197
init.lua:run	init.lua:609
main_states.lua:Update	main_states.lua:196
statemanager.lua:Update	statemanager.lua:118
sequencer.lua:Update	sequencer.lua:66
main.lua:155	main.lua:168
sapp_run	[builtin#171]
main.lua:0	main.lua:219
@0x7ff727ef4830	@0x7ff727ef4830
frame: 000123
system.lua:sleep	system.lua:197
init.lua:run	init.lua:609
main_states.lua:Update	main_states.lua:196
statemanager.lua:Update	statemanager.lua:118
sequencer.lua:Update	sequencer.lua:66
main.lua:155	main.lua:168
sapp_run	[builtin#171]
main.lua:0	main.lua:219
@0x7ff727ef4830	@0x7ff727ef4830
frame: 000124
system.lua:sleep	system.lua:197
init.lua:run	init.lua:609
main_states.lua:Update	main_states.lua:196
statemanager.lua:Update	statemanager.lua:118
sequencer.lua:Update	sequencer.lua:66
main.lua:155	main.lua:168
sapp_run	[builtin#171]
main.lua:0	main.lua:219
@0x7ff727ef4830	@0x7ff727ef4830
frame: 000125
main.lua:147	main.lua:148
sapp_run	[builtin#171]
main.lua:0	main.lua:219
@0x7ff727ef4830	@0x7ff727ef4830
frame: 000125
system.lua:sleep	system.lua:197
init.lua:run	init.lua:609
main_states.lua:Update	main_states.lua:196
statemanager.lua:Update	statemanager.lua:118
sequencer.lua:Update	sequencer.lua:66
main.lua:155	main.lua:168
sapp_run	[builtin#171]
main.lua:0	main.lua:219
@0x7ff727ef4830	@0x7ff727ef4830
frame: 000126
system.lua:sleep	system.lua:197
init.lua:run	init.lua:609
main_states.lua:Update	main_states.lua:196
statemanager.lua:Update	statemanager.lua:118
sequencer.lua:Update	sequencer.lua:66
main.lua:155	main.lua:168
sapp_run	[builtin#171]
main.lua:0	main.lua:219
@0x7ff727ef4830	@0x7ff727ef4830
frame: 000127
system.lua:sleep	system.lua:197
init.lua:run	init.lua:609
main_states.lua:Update	main_states.lua:196
statemanager.lua:Update	statemanager.lua:118
sequencer.lua:Update	sequencer.lua:66
main.lua:155	main.lua:168
sapp_run	[builtin#171]
main.lua:0	main.lua:219
@0x7ff727ef4830	@0x7ff727ef4830
frame: 000127
main_states.lua:Render	main_states.lua:219
statemanager.lua:Render	statemanager.lua:141
sequencer.lua:Render	sequencer.lua:72
main.lua:155	main.lua:178
sapp_run	[builtin#171]
main.lua:0	main.lua:219
@0x7ff727ef4830	@0x7ff727ef4830
frame: 000128
system.lua:sleep	system.lua:197
init.lua:run	init.lua:609
main_states.lua:Update	main_states.lua:196
statemanager.lua:Update	statemanager.lua:118
sequencer.lua:Update	sequencer.lua:66
main.lua:155	main.lua:168
sapp_run	[builtin#171]
main.lua:0	main.lua:219
@0x7ff727ef4830	@0x7ff727ef4830
frame: 000129
main.lua:147	main.lua:148
sapp_run	[builtin#171]
main.lua:0	main.lua:219
@0x7ff727ef4830	@0x7ff727ef4830
frame: 000129
system.lua:sleep	system.lua:197
init.lua:run	init.lua:609
main_states.lua:Update	main_states.lua:196
statemanager.lua:Update	statemanager.lua:118
sequencer.lua:Update	sequencer.lua:66
main.lua:155	main.lua:168
sapp_run	[builtin#171]
main.lua:0	main.lua:219
@0x7ff727ef4830	@0x7ff727ef4830
frame: 000130
main.lua:147	main.lua:148
sapp_run	[builtin#171]
main.lua:0	main.lua:219
@0x7ff727ef4830	@0x7ff727ef4830
frame: 000130
system.lua:sleep	system.lua:197
init.lua:run	init.lua:609
main_states.lua:Update	main_states.lua:196
statemanager.lua:Update	statemanager.lua:118
sequencer.lua:Update	sequencer.lua:66
main.lua:155	main.lua:168
sapp_run	[builtin#171]
main.lua:0	main.lua:219
@0x7ff727ef4830	@0x7ff727ef4830
frame: 000130
renderer.lua:get_width	renderer.lua:240
common.lua:draw_text	common.lua:124
treeview.lua:draw	treeview.lua:251
node.lua:665	node.lua:673
node.lua:propagate	node.lua:81
node.lua:665	node.lua:679
node.lua:propagate	node.lua:82
node.lua:665	node.lua:679
node.lua:propagate	node.lua:82
node.lua:665	node.lua:679
frame: 000131
system.lua:sleep	system.lua:197
init.lua:run	init.lua:609
main_states.lua:Update	main_states.lua:196
statemanager.lua:Update	statemanager.lua:118
sequencer.lua:Update	sequencer.lua:66
main.lua:155	main.lua:168
sapp_run	[builtin#171]
main.lua:0	main.lua:219
@0x7ff727ef4830	@0x7ff727ef4830
frame: 000132
system.lua:sleep	system.lua:197
init.lua:run	init.lua:609
main_states.lua:Update	main_states.lua:196
statemanager.lua:Update	statemanager.lua:118
sequencer.lua:Update	sequencer.lua:66
main.lua:155	main.lua:168
sapp_run	[builtin#171]
main.lua:0	main.lua:219
@0x7ff727ef4830	@0x7ff727ef4830
frame: 000133
system.lua:sleep	system.lua:197
init.lua:run	init.lua:609
main_states.lua:Update	main_states.lua:196
statemanager.lua:Update	statemanager.lua:118
sequencer.lua:Update	sequencer.lua:66
main.lua:155	main.lua:168
sapp_run	[builtin#171]
main.lua:0	main.lua:219
@0x7ff727ef4830	@0x7ff727ef4830
frame: 000133
main.lua:155	main.lua:178
sapp_run	[builtin#171]
main.lua:0	main.lua:219
@0x7ff727ef4830	@0x7ff727ef4830
frame: 000134
system.lua:sleep	system.lua:197
init.lua:run	init.lua:609
main_states.lua:Update	main_states.lua:196
statemanager.lua:Update	statemanager.lua:118
sequencer.lua:Update	sequencer.lua:66
main.lua:155	main.lua:168
sapp_run	[builtin#171]
main.lua:0	main.lua:219
@0x7ff727ef4830	@0x7ff727ef4830
frame: 000134
main_states.lua:Render	main_states.lua:219
statemanager.lua:Render	statemanager.lua:141
sequencer.lua:Render	sequencer.lua:72
main.lua:155	main.lua:178
sapp_run	[builtin#171]
main.lua:0	main.lua:219
@0x7ff727ef4830	@0x7ff727ef4830
frame: 000135
system.lua:sleep	system.lua:197
init.lua:run	init.lua:609
main_states.lua:Update	main_states.lua:196
statemanager.lua:Update	statemanager.lua:118
sequencer.lua:Update	sequencer.lua:66
main.lua:155	main.lua:168
sapp_run	[builtin#171]
main.lua:0	main.lua:219
@0x7ff727ef4830	@0x7ff727ef4830
frame: 000136
main.lua:155	main.lua:158
sapp_run	[builtin#171]
main.lua:0	main.lua:219
@0x7ff727ef4830	@0x7ff727ef4830
frame: 000136
system.lua:sleep	system.lua:197
init.lua:run	init.lua:609
main_states.lua:Update	main_states.lua:196
statemanager.lua:Update	statemanager.lua:118
sequencer.lua:Update	sequencer.lua:66
main.lua:155	main.lua:168
sapp_run	[builtin#171]
main.lua:0	main.lua:219
@0x7ff727ef4830	@0x7ff727ef4830
frame: 000136
main_states.lua:Render	main_states.lua:219
statemanager.lua:Render	statemanager.lua:141
sequencer.lua:Render	sequencer.lua:72
main.lua:155	main.lua:178
sapp_run	[builtin#171]
main.lua:0	main.lua:219
@0x7ff727ef4830	@0x7ff727ef4830
frame: 000137
system.lua:sleep	system.lua:197
init.lua:run	init.lua:609
main_states.lua:Update	main_states.lua:196
statemanager.lua:Update	statemanager.lua:118
sequencer.lua:Update	sequencer.lua:66
main.lua:155	main.lua:168
sapp_run	[builtin#171]
main.lua:0	main.lua:219
@0x7ff727ef4830	@0x7ff727ef4830
frame: 000138
system.lua:sleep	system.lua:197
init.lua:run	init.lua:609
main_states.lua:Update	main_states.lua:196
statemanager.lua:Update	statemanager.lua:118
sequencer.lua:Update	sequencer.lua:66
main.lua:155	main.lua:168
sapp_run	[builtin#171]
main.lua:0	main.lua:219
@0x7ff727ef4830	@0x7ff727ef4830
frame: 000138
main_states.lua:Render	main_states.lua:219
statemanager.lua:Render	statemanager.lua:141
sequencer.lua:Render	sequencer.lua:72
main.lua:155	main.lua:178
sapp_run	[builtin#171]
main.lua:0	main.lua:219
@0x7ff727ef4830	@0x7ff727ef4830
frame: 000139
system.lua:sleep	system.lua:197
init.lua:run	init.lua:609
main_states.lua:Update	main_states.lua:196
statemanager.lua:Update	statemanager.lua:118
sequencer.lua:Update	sequencer.lua:66
main.lua:155	main.lua:168
sapp_run	[builtin#171]
main.lua:0	main.lua:219
@0x7ff727ef4830	@0x7ff727ef4830
frame: 000140
system.lua:sleep	system.lua:197
init.lua:run	init.lua:609
main_states.lua:Update	main_states.lua:196
statemanager.lua:Update	statemanager.lua:118
sequencer.lua:Update	sequencer.lua:66
main.lua:155	main.lua:168
sapp_run	[builtin#171]
main.lua:0	main.lua:219
@0x7ff727ef4830	@0x7ff727ef4830
frame: 000141
system.lua:sleep	system.lua:197
init.lua:run	init.lua:609
main_states.lua:Update	main_states.lua:196
statemanager.lua:Update	statemanager.lua:118
sequencer.lua:Update	sequencer.lua:66
main.lua:155	main.lua:168
sapp_run	[builtin#171]
main.lua:0	main.lua:219
@0x7ff727ef4830	@0x7ff727ef4830
frame: 000142
system.lua:sleep	system.lua:197
init.lua:run	init.lua:609
main_states.lua:Update	main_states.lua:196
statemanager.lua:Update	statemanager.lua:118
sequencer.lua:Update	sequencer.lua:66
main.lua:155	main.lua:168
sapp_run	[builtin#171]
main.lua:0	main.lua:219
@0x7ff727ef4830	@0x7ff727ef4830
frame: 000143
system.lua:sleep	system.lua:197
init.lua:run	init.lua:609
main_states.lua:Update	main_states.lua:196
statemanager.lua:Update	statemanager.lua:118
sequencer.lua:Update	sequencer.lua:66
main.lua:155	main.lua:168
sapp_run	[builtin#171]
main.lua:0	main.lua:219
@0x7ff727ef4830	@0x7ff727ef4830
frame: 000144
system.lua:sleep	system.lua:197
init.lua:run	init.lua:609
main_states.lua:Update	main_states.lua:196
statemanager.lua:Update	statemanager.lua:118
sequencer.lua:Update	sequencer.lua:66
main.lua:155	main.lua:168
sapp_run	[builtin#171]
main.lua:0	main.lua:219
@0x7ff727ef4830	@0x7ff727ef4830
frame: 000145
system.lua:sleep	system.lua:197
init.lua:run	init.lua:609
main_states.lua:Update	main_states.lua:196
statemanager.lua:Update	statemanager.lua:118
sequencer.lua:Update	sequencer.lua:66
main.lua:155	main.lua:168
sapp_run	[builtin#171]
main.lua:0	main.lua:219
@0x7ff727ef4830	@0x7ff727ef4830
frame: 000146
system.lua:sleep	system.lua:197
init.lua:run	init.lua:609
main_states.lua:Update	main_states.lua:196
statemanager.lua:Update	statemanager.lua:118
sequencer.lua:Update	sequencer.lua:66
main.lua:155	main.lua:168
sapp_run	[builtin#171]
main.lua:0	main.lua:219
@0x7ff727ef4830	@0x7ff727ef4830
frame: 000147
system.lua:sleep	system.lua:197
init.lua:run	init.lua:609
main_states.lua:Update	main_states.lua:196
statemanager.lua:Update	statemanager.lua:118
sequencer.lua:Update	sequencer.lua:66
main.lua:155	main.lua:168
sapp_run	[builtin#171]
main.lua:0	main.lua:219
@0x7ff727ef4830	@0x7ff727ef4830
frame: 000148
docview.lua:update	docview.lua:285
commandview.lua:update	commandview.lua:175
node.lua:update	node.lua:609
node.lua:update	node.lua:615
node.lua:update	node.lua:616
rootview.lua:update	rootview.lua:541
autocomplete.lua:update	autocomplete.lua:224
init.lua:step	init.lua:483
init.lua:run	init.lua:602
main_states.lua:Update	main_states.lua:196
frame: 000148
system.lua:sleep	system.lua:197
init.lua:run	init.lua:609
main_states.lua:Update	main_states.lua:196
statemanager.lua:Update	statemanager.lua:118
sequencer.lua:Update	sequencer.lua:66
main.lua:155	main.lua:168
sapp_run	[builtin#171]
main.lua:0	main.lua:219
@0x7ff727ef4830	@0x7ff727ef4830
frame: 000149
system.lua:sleep	system.lua:197
init.lua:run	init.lua:609
main_states.lua:Update	main_states.lua:196
statemanager.lua:Update	statemanager.lua:118
sequencer.lua:Update	sequencer.lua:66
main.lua:155	main.lua:168
sapp_run	[builtin#171]
main.lua:0	main.lua:219
@0x7ff727ef4830	@0x7ff727ef4830
frame: 000150
main.lua:155	main.lua:158
sapp_run	[builtin#171]
main.lua:0	main.lua:219
@0x7ff727ef4830	@0x7ff727ef4830
frame: 000150
system.lua:sleep	system.lua:197
init.lua:run	init.lua:609
main_states.lua:Update	main_states.lua:196
statemanager.lua:Update	statemanager.lua:118
sequencer.lua:Update	sequencer.lua:66
main.lua:155	main.lua:168
sapp_run	[builtin#171]
main.lua:0	main.lua:219
@0x7ff727ef4830	@0x7ff727ef4830
frame: 000151
system.lua:sleep	system.lua:197
init.lua:run	init.lua:609
main_states.lua:Update	main_states.lua:196
statemanager.lua:Update	statemanager.lua:118
sequencer.lua:Update	sequencer.lua:66
main.lua:155	main.lua:168
sapp_run	[builtin#171]
main.lua:0	main.lua:219
@0x7ff727ef4830	@0x7ff727ef4830
frame: 000152
system.lua:sleep	system.lua:197
init.lua:run	init.lua:609
main_states.lua:Update	main_states.lua:196
statemanager.lua:Update	statemanager.lua:118
sequencer.lua:Update	sequencer.lua:66
main.lua:155	main.lua:168
sapp_run	[builtin#171]
main.lua:0	main.lua:219
@0x7ff727ef4830	@0x7ff727ef4830
frame: 000152
main.lua:155	main.lua:178
sapp_run	[builtin#171]
main.lua:0	main.lua:219
@0x7ff727ef4830	@0x7ff727ef4830
frame: 000153
system.lua:sleep	system.lua:197
init.lua:run	init.lua:609
main_states.lua:Update	main_states.lua:196
statemanager.lua:Update	statemanager.lua:118
sequencer.lua:Update	sequencer.lua:66
main.lua:155	main.lua:168
sapp_run	[builtin#171]
main.lua:0	main.lua:219
@0x7ff727ef4830	@0x7ff727ef4830
frame: 000154
system.lua:sleep	system.lua:197
init.lua:run	init.lua:609
main_states.lua:Update	main_states.lua:196
statemanager.lua:Update	statemanager.lua:118
sequencer.lua:Update	sequencer.lua:66
main.lua:155	main.lua:168
sapp_run	[builtin#171]
main.lua:0	main.lua:219
@0x7ff727ef4830	@0x7ff727ef4830
frame: 000155
system.lua:sleep	system.lua:197
init.lua:run	init.lua:609
main_states.lua:Update	main_states.lua:196
statemanager.lua:Update	statemanager.lua:118
sequencer.lua:Update	sequencer.lua:66
main.lua:155	main.lua:168
sapp_run	[builtin#171]
main.lua:0	main.lua:219
@0x7ff727ef4830	@0x7ff727ef4830
frame: 000156
system.lua:sleep	system.lua:197
init.lua:run	init.lua:609
main_states.lua:Update	main_states.lua:196
statemanager.lua:Update	statemanager.lua:118
sequencer.lua:Update	sequencer.lua:66
main.lua:155	main.lua:168
sapp_run	[builtin#171]
main.lua:0	main.lua:219
@0x7ff727ef4830	@0x7ff727ef4830
frame: 000157
system.lua:sleep	system.lua:197
init.lua:run	init.lua:609
main_states.lua:Update	main_states.lua:196
statemanager.lua:Update	statemanager.lua:118
sequencer.lua:Update	sequencer.lua:66
main.lua:155	main.lua:168
sapp_run	[builtin#171]
main.lua:0	main.lua:219
@0x7ff727ef4830	@0x7ff727ef4830
frame: 000158
system.lua:sleep	system.lua:197
init.lua:run	init.lua:609
main_states.lua:Update	main_states.lua:196
statemanager.lua:Update	statemanager.lua:118
sequencer.lua:Update	sequencer.lua:66
main.lua:155	main.lua:168
sapp_run	[builtin#171]
main.lua:0	main.lua:219
@0x7ff727ef4830	@0x7ff727ef4830
frame: 000159
system.lua:sleep	system.lua:197
init.lua:run	init.lua:609
main_states.lua:Update	main_states.lua:196
statemanager.lua:Update	statemanager.lua:118
sequencer.lua:Update	sequencer.lua:66
main.lua:155	main.lua:168
sapp_run	[builtin#171]
main.lua:0	main.lua:219
@0x7ff727ef4830	@0x7ff727ef4830
frame: 000160
system.lua:sleep	system.lua:197
init.lua:run	init.lua:609
main_states.lua:Update	main_states.lua:196
statemanager.lua:Update	statemanager.lua:118
sequencer.lua:Update	sequencer.lua:66
main.lua:155	main.lua:168
sapp_run	[builtin#171]
main.lua:0	main.lua:219
@0x7ff727ef4830	@0x7ff727ef4830
frame: 000161
system.lua:sleep	system.lua:197
init.lua:run	init.lua:609
main_states.lua:Update	main_states.lua:196
statemanager.lua:Update	statemanager.lua:118
sequencer.lua:Update	sequencer.lua:66
main.lua:155	main.lua:168
sapp_run	[builtin#171]
main.lua:0	main.lua:219
@0x7ff727ef4830	@0x7ff727ef4830
frame: 000162
system.lua:sleep	system.lua:197
init.lua:run	init.lua:609
main_states.lua:Update	main_states.lua:196
statemanager.lua:Update	statemanager.lua:118
sequencer.lua:Update	sequencer.lua:66
main.lua:155	main.lua:168
sapp_run	[builtin#171]
main.lua:0	main.lua:219
@0x7ff727ef4830	@0x7ff727ef4830
frame: 000163
system.lua:sleep	system.lua:197
init.lua:run	init.lua:609
main_states.lua:Update	main_states.lua:196
statemanager.lua:Update	statemanager.lua:118
sequencer.lua:Update	sequencer.lua:66
main.lua:155	main.lua:168
sapp_run	[builtin#171]
main.lua:0	main.lua:219
@0x7ff727ef4830	@0x7ff727ef4830
frame: 000164
system.lua:sleep	system.lua:197
init.lua:run	init.lua:609
main_states.lua:Update	main_states.lua:196
statemanager.lua:Update	statemanager.lua:118
sequencer.lua:Update	sequencer.lua:66
main.lua:155	main.lua:168
sapp_run	[builtin#171]
main.lua:0	main.lua:219
@0x7ff727ef4830	@0x7ff727ef4830
frame: 000165
system.lua:sleep	system.lua:197
init.lua:run	init.lua:609
main_states.lua:Update	main_states.lua:196
statemanager.lua:Update	statemanager.lua:118
sequencer.lua:Update	sequencer.lua:66
main.lua:155	main.lua:168
sapp_run	[builtin#171]
main.lua:0	main.lua:219
@0x7ff727ef4830	@0x7ff727ef4830
frame: 000165
main_states.lua:Render	main_states.lua:219
statemanager.lua:Render	statemanager.lua:141
sequencer.lua:Render	sequencer.lua:72
main.lua:155	main.lua:178
sapp_run	[builtin#171]
main.lua:0	main.lua:219
@0x7ff727ef4830	@0x7ff727ef4830
frame: 000166
system.lua:sleep	system.lua:197
init.lua:run	init.lua:609
main_states.lua:Update	main_states.lua:196
statemanager.lua:Update	statemanager.lua:118
sequencer.lua:Update	sequencer.lua:66
main.lua:155	main.lua:168
sapp_run	[builtin#171]
main.lua:0	main.lua:219
@0x7ff727ef4830	@0x7ff727ef4830
frame: 000166
main_states.lua:Render	main_states.lua:219
statemanager.lua:Render	statemanager.lua:141
sequencer.lua:Render	sequencer.lua:72
main.lua:155	main.lua:178
sapp_run	[builtin#171]
main.lua:0	main.lua:219
@0x7ff727ef4830	@0x7ff727ef4830
frame: 000167
system.lua:sleep	system.lua:197
init.lua:run	init.lua:609
main_states.lua:Update	main_states.lua:196
statemanager.lua:Update	statemanager.lua:118
sequencer.lua:Update	sequencer.lua:66
main.lua:155	main.lua:168
sapp_run	[builtin#171]
main.lua:0	main.lua:219
@0x7ff727ef4830	@0x7ff727ef4830
frame: 000168
main.lua:147	main.lua:148
sapp_run	[builtin#171]
main.lua:0	main.lua:219
@0x7ff727ef4830	@0x7ff727ef4830
frame: 000168
system.lua:sleep	system.lua:197
init.lua:run	init.lua:609
main_states.lua:Update	main_states.lua:196
statemanager.lua:Update	statemanager.lua:118
sequencer.lua:Update	sequencer.lua:66
main.lua:155	main.lua:168
sapp_run	[builtin#171]
main.lua:0	main.lua:219
@0x7ff727ef4830	@0x7ff727ef4830
frame: 000168
main_states.lua:Render	main_states.lua:219
statemanager.lua:Render	statemanager.lua:141
sequencer.lua:Render	sequencer.lua:72
main.lua:155	main.lua:178
sapp_run	[builtin#171]
main.lua:0	main.lua:219
@0x7ff727ef4830	@0x7ff727ef4830
frame: 000169
system.lua:sleep	system.lua:197
init.lua:run	init.lua:609
main_states.lua:Update	main_states.lua:196
statemanager.lua:Update	statemanager.lua:118
sequencer.lua:Update	sequencer.lua:66
main.lua:155	main.lua:168
sapp_run	[builtin#171]
main.lua:0	main.lua:219
@0x7ff727ef4830	@0x7ff727ef4830
frame: 000169
main_states.lua:Render	main_states.lua:219
statemanager.lua:Render	statemanager.lua:141
sequencer.lua:Render	sequencer.lua:72
main.lua:155	main.lua:178
sapp_run	[builtin#171]
main.lua:0	main.lua:219
@0x7ff727ef4830	@0x7ff727ef4830
frame: 000170
system.lua:sleep	system.lua:197
init.lua:run	init.lua:609
main_states.lua:Update	main_states.lua:196
statemanager.lua:Update	statemanager.lua:118
sequencer.lua:Update	sequencer.lua:66
main.lua:155	main.lua:168
sapp_run	[builtin#171]
main.lua:0	main.lua:219
@0x7ff727ef4830	@0x7ff727ef4830
frame: 000171
system.lua:sleep	system.lua:197
init.lua:run	init.lua:609
main_states.lua:Update	main_states.lua:196
statemanager.lua:Update	statemanager.lua:118
sequencer.lua:Update	sequencer.lua:66
main.lua:155	main.lua:168
sapp_run	[builtin#171]
main.lua:0	main.lua:219
@0x7ff727ef4830	@0x7ff727ef4830
frame: 000172
system.lua:sleep	system.lua:197
init.lua:run	init.lua:609
main_states.lua:Update	main_states.lua:196
statemanager.lua:Update	statemanager.lua:118
sequencer.lua:Update	sequencer.lua:66
main.lua:155	main.lua:168
sapp_run	[builtin#171]
main.lua:0	main.lua:219
@0x7ff727ef4830	@0x7ff727ef4830
frame: 000173
system.lua:sleep	system.lua:197
init.lua:run	init.lua:609
main_states.lua:Update	main_states.lua:196
statemanager.lua:Update	statemanager.lua:118
sequencer.lua:Update	sequencer.lua:66
main.lua:155	main.lua:168
sapp_run	[builtin#171]
main.lua:0	main.lua:219
@0x7ff727ef4830	@0x7ff727ef4830
frame: 000173
main.lua:155	main.lua:178
sapp_run	[builtin#171]
main.lua:0	main.lua:219
@0x7ff727ef4830	@0x7ff727ef4830
frame: 000174
system.lua:sleep	system.lua:197
init.lua:run	init.lua:609
main_states.lua:Update	main_states.lua:196
statemanager.lua:Update	statemanager.lua:118
sequencer.lua:Update	sequencer.lua:66
main.lua:155	main.lua:168
sapp_run	[builtin#171]
main.lua:0	main.lua:219
@0x7ff727ef4830	@0x7ff727ef4830
frame: 000175
system.lua:sleep	system.lua:197
init.lua:run	init.lua:609
main_states.lua:Update	main_states.lua:196
statemanager.lua:Update	statemanager.lua:118
sequencer.lua:Update	sequencer.lua:66
main.lua:155	main.lua:168
sapp_run	[builtin#171]
main.lua:0	main.lua:219
@0x7ff727ef4830	@0x7ff727ef4830
frame: 000175
main_states.lua:Render	main_states.lua:219
statemanager.lua:Render	statemanager.lua:141
sequencer.lua:Render	sequencer.lua:72
main.lua:155	main.lua:178
sapp_run	[builtin#171]
main.lua:0	main.lua:219
@0x7ff727ef4830	@0x7ff727ef4830
frame: 000176
system.lua:sleep	system.lua:197
init.lua:run	init.lua:609
main_states.lua:Update	main_states.lua:196
statemanager.lua:Update	statemanager.lua:118
sequencer.lua:Update	sequencer.lua:66
main.lua:155	main.lua:168
sapp_run	[builtin#171]
main.lua:0	main.lua:219
@0x7ff727ef4830	@0x7ff727ef4830
frame: 000177
system.lua:sleep	system.lua:197
init.lua:run	init.lua:609
main_states.lua:Update	main_states.lua:196
statemanager.lua:Update	statemanager.lua:118
sequencer.lua:Update	sequencer.lua:66
main.lua:155	main.lua:168
sapp_run	[builtin#171]
main.lua:0	main.lua:219
@0x7ff727ef4830	@0x7ff727ef4830
frame: 000178
system.lua:sleep	system.lua:197
init.lua:run	init.lua:609
main_states.lua:Update	main_states.lua:196
statemanager.lua:Update	statemanager.lua:118
sequencer.lua:Update	sequencer.lua:66
main.lua:155	main.lua:168
sapp_run	[builtin#171]
main.lua:0	main.lua:219
@0x7ff727ef4830	@0x7ff727ef4830
frame: 000179
system.lua:sleep	system.lua:197
init.lua:run	init.lua:609
main_states.lua:Update	main_states.lua:196
statemanager.lua:Update	statemanager.lua:118
sequencer.lua:Update	sequencer.lua:66
main.lua:155	main.lua:168
sapp_run	[builtin#171]
main.lua:0	main.lua:219
@0x7ff727ef4830	@0x7ff727ef4830
frame: 000180
system.lua:sleep	system.lua:197
init.lua:run	init.lua:609
main_states.lua:Update	main_states.lua:196
statemanager.lua:Update	statemanager.lua:118
sequencer.lua:Update	sequencer.lua:66
main.lua:155	main.lua:168
sapp_run	[builtin#171]
main.lua:0	main.lua:219
@0x7ff727ef4830	@0x7ff727ef4830
frame: 000181
system.lua:sleep	system.lua:197
init.lua:run	init.lua:609
main_states.lua:Update	main_states.lua:196
statemanager.lua:Update	statemanager.lua:118
sequencer.lua:Update	sequencer.lua:66
main.lua:155	main.lua:168
sapp_run	[builtin#171]
main.lua:0	main.lua:219
@0x7ff727ef4830	@0x7ff727ef4830
frame: 000182
system.lua:sleep	system.lua:197
init.lua:run	init.lua:609
main_states.lua:Update	main_states.lua:196
statemanager.lua:Update	statemanager.lua:118
sequencer.lua:Update	sequencer.lua:66
main.lua:155	main.lua:168
sapp_run	[builtin#171]
main.lua:0	main.lua:219
@0x7ff727ef4830	@0x7ff727ef4830
frame: 000183
system.lua:sleep	system.lua:197
init.lua:run	init.lua:609
main_states.lua:Update	main_states.lua:196
statemanager.lua:Update	statemanager.lua:118
sequencer.lua:Update	sequencer.lua:66
main.lua:155	main.lua:168
sapp_run	[builtin#171]
main.lua:0	main.lua:219
@0x7ff727ef4830	@0x7ff727ef4830
frame: 000184
system.lua:sleep	system.lua:197
init.lua:run	init.lua:609
main_states.lua:Update	main_states.lua:196
statemanager.lua:Update	statemanager.lua:118
sequencer.lua:Update	sequencer.lua:66
main.lua:155	main.lua:168
sapp_run	[builtin#171]
main.lua:0	main.lua:219
@0x7ff727ef4830	@0x7ff727ef4830
frame: 000184
main.lua:155	main.lua:178
sapp_run	[builtin#171]
main.lua:0	main.lua:219
@0x7ff727ef4830	@0x7ff727ef4830
frame: 000185
system.lua:sleep	system.lua:197
init.lua:run	init.lua:609
main_states.lua:Update	main_states.lua:196
statemanager.lua:Update	statemanager.lua:118
sequencer.lua:Update	sequencer.lua:66
main.lua:155	main.lua:168
sapp_run	[builtin#171]
main.lua:0	main.lua:219
@0x7ff727ef4830	@0x7ff727ef4830
frame: 000186
system.lua:sleep	system.lua:197
init.lua:run	init.lua:609
main_states.lua:Update	main_states.lua:196
statemanager.lua:Update	statemanager.lua:118
sequencer.lua:Update	sequencer.lua:66
main.lua:155	main.lua:168
sapp_run	[builtin#171]
main.lua:0	main.lua:219
@0x7ff727ef4830	@0x7ff727ef4830
frame: 000187
init.lua:518	init.lua:527
frame: 000187
system.lua:sleep	system.lua:197
init.lua:run	init.lua:609
main_states.lua:Update	main_states.lua:196
statemanager.lua:Update	statemanager.lua:118
sequencer.lua:Update	sequencer.lua:66
main.lua:155	main.lua:168
sapp_run	[builtin#171]
main.lua:0	main.lua:219
@0x7ff727ef4830	@0x7ff727ef4830
frame: 000188
system.lua:sleep	system.lua:197
init.lua:run	init.lua:609
main_states.lua:Update	main_states.lua:196
statemanager.lua:Update	statemanager.lua:118
sequencer.lua:Update	sequencer.lua:66
main.lua:155	main.lua:168
sapp_run	[builtin#171]
main.lua:0	main.lua:219
@0x7ff727ef4830	@0x7ff727ef4830
frame: 000189
system.lua:sleep	system.lua:197
init.lua:run	init.lua:609
main_states.lua:Update	main_states.lua:196
statemanager.lua:Update	statemanager.lua:118
sequencer.lua:Update	sequencer.lua:66
main.lua:155	main.lua:168
sapp_run	[builtin#171]
main.lua:0	main.lua:219
@0x7ff727ef4830	@0x7ff727ef4830
frame: 000190
system.lua:sleep	system.lua:197
init.lua:run	init.lua:609
main_states.lua:Update	main_states.lua:196
statemanager.lua:Update	statemanager.lua:118
sequencer.lua:Update	sequencer.lua:66
main.lua:155	main.lua:168
sapp_run	[builtin#171]
main.lua:0	main.lua:219
@0x7ff727ef4830	@0x7ff727ef4830
frame: 000191
system.lua:sleep	system.lua:197
init.lua:run	init.lua:609
main_states.lua:Update	main_states.lua:196
statemanager.lua:Update	statemanager.lua:118
sequencer.lua:Update	sequencer.lua:66
main.lua:155	main.lua:168
sapp_run	[builtin#171]
main.lua:0	main.lua:219
@0x7ff727ef4830	@0x7ff727ef4830
frame: 000192
system.lua:sleep	system.lua:197
init.lua:run	init.lua:609
main_states.lua:Update	main_states.lua:196
statemanager.lua:Update	statemanager.lua:118
sequencer.lua:Update	sequencer.lua:66
main.lua:155	main.lua:168
sapp_run	[builtin#171]
main.lua:0	main.lua:219
@0x7ff727ef4830	@0x7ff727ef4830
frame: 000193
system.lua:sleep	system.lua:197
init.lua:run	init.lua:609
main_states.lua:Update	main_states.lua:196
statemanager.lua:Update	statemanager.lua:118
sequencer.lua:Update	sequencer.lua:66
main.lua:155	main.lua:168
sapp_run	[builtin#171]
main.lua:0	main.lua:219
@0x7ff727ef4830	@0x7ff727ef4830
frame: 000194
system.lua:sleep	system.lua:197
init.lua:run	init.lua:609
main_states.lua:Update	main_states.lua:196
statemanager.lua:Update	statemanager.lua:118
sequencer.lua:Update	sequencer.lua:66
main.lua:155	main.lua:168
sapp_run	[builtin#171]
main.lua:0	main.lua:219
@0x7ff727ef4830	@0x7ff727ef4830
frame: 000194
main.lua:155	main.lua:178
sapp_run	[builtin#171]
main.lua:0	main.lua:219
@0x7ff727ef4830	@0x7ff727ef4830
frame: 000195
system.lua:sleep	system.lua:197
init.lua:run	init.lua:609
main_states.lua:Update	main_states.lua:196
statemanager.lua:Update	statemanager.lua:118
sequencer.lua:Update	sequencer.lua:66
main.lua:155	main.lua:168
sapp_run	[builtin#171]
main.lua:0	main.lua:219
@0x7ff727ef4830	@0x7ff727ef4830
frame: 000196
system.lua:sleep	system.lua:197
init.lua:run	init.lua:609
main_states.lua:Update	main_states.lua:196
statemanager.lua:Update	statemanager.lua:118
sequencer.lua:Update	sequencer.lua:66
main.lua:155	main.lua:168
sapp_run	[builtin#171]
main.lua:0	main.lua:219
@0x7ff727ef4830	@0x7ff727ef4830
frame: 000197
system.lua:sleep	system.lua:197
init.lua:run	init.lua:609
main_states.lua:Update	main_states.lua:196
statemanager.lua:Update	statemanager.lua:118
sequencer.lua:Update	sequencer.lua:66
main.lua:155	main.lua:168
sapp_run	[builtin#171]
main.lua:0	main.lua:219
@0x7ff727ef4830	@0x7ff727ef4830
frame: 000198
system.lua:sleep	system.lua:197
init.lua:run	init.lua:609
main_states.lua:Update	main_states.lua:196
statemanager.lua:Update	statemanager.lua:118
sequencer.lua:Update	sequencer.lua:66
main.lua:155	main.lua:168
sapp_run	[builtin#171]
main.lua:0	main.lua:219
@0x7ff727ef4830	@0x7ff727ef4830
frame: 000199
system.lua:sleep	system.lua:197
init.lua:run	init.lua:609
main_states.lua:Update	main_states.lua:196
statemanager.lua:Update	statemanager.lua:118
sequencer.lua:Update	sequencer.lua:66
main.lua:155	main.lua:168
sapp_run	[builtin#171]
main.lua:0	main.lua:219
@0x7ff727ef4830	@0x7ff727ef4830
frame: 000200
system.lua:sleep	system.lua:197
init.lua:run	init.lua:609
main_states.lua:Update	main_states.lua:196
statemanager.lua:Update	statemanager.lua:118
sequencer.lua:Update	sequencer.lua:66
main.lua:155	main.lua:168
sapp_run	[builtin#171]
main.lua:0	main.lua:219
@0x7ff727ef4830	@0x7ff727ef4830
frame: 000201
system.lua:sleep	system.lua:197
init.lua:run	init.lua:609
main_states.lua:Update	main_states.lua:196
statemanager.lua:Update	statemanager.lua:118
sequencer.lua:Update	sequencer.lua:66
main.lua:155	main.lua:168
sapp_run	[builtin#171]
main.lua:0	main.lua:219
@0x7ff727ef4830	@0x7ff727ef4830
frame: 000202
system.lua:sleep	system.lua:197
init.lua:run	init.lua:609
main_states.lua:Update	main_states.lua:196
statemanager.lua:Update	statemanager.lua:118
sequencer.lua:Update	sequencer.lua:66
main.lua:155	main.lua:168
sapp_run	[builtin#171]
main.lua:0	main.lua:219
@0x7ff727ef4830	@0x7ff727ef4830
frame: 000203
system.lua:sleep	system.lua:197
init.lua:run	init.lua:609
main_states.lua:Update	main_states.lua:196
statemanager.lua:Update	statemanager.lua:118
sequencer.lua:Update	sequencer.lua:66
main.lua:155	main.lua:168
sapp_run	[builtin#171]
main.lua:0	main.lua:219
@0x7ff727ef4830	@0x7ff727ef4830
frame: 000204
system.lua:sleep	system.lua:197
init.lua:run	init.lua:609
main_states.lua:Update	main_states.lua:196
statemanager.lua:Update	statemanager.lua:118
sequencer.lua:Update	sequencer.lua:66
main.lua:155	main.lua:168
sapp_run	[builtin#171]
main.lua:0	main.lua:219
@0x7ff727ef4830	@0x7ff727ef4830
frame: 000205
system.lua:sleep	system.lua:197
init.lua:run	init.lua:609
main_states.lua:Update	main_states.lua:196
statemanager.lua:Update	statemanager.lua:118
sequencer.lua:Update	sequencer.lua:66
main.lua:155	main.lua:168
sapp_run	[builtin#171]
main.lua:0	main.lua:219
@0x7ff727ef4830	@0x7ff727ef4830
frame: 000206
system.lua:sleep	system.lua:197
init.lua:run	init.lua:609
main_states.lua:Update	main_states.lua:196
statemanager.lua:Update	statemanager.lua:118
sequencer.lua:Update	sequencer.lua:66
main.lua:155	main.lua:168
sapp_run	[builtin#171]
main.lua:0	main.lua:219
@0x7ff727ef4830	@0x7ff727ef4830
frame: 000207
system.lua:sleep	system.lua:197
init.lua:run	init.lua:609
main_states.lua:Update	main_states.lua:196
statemanager.lua:Update	statemanager.lua:118
sequencer.lua:Update	sequencer.lua:66
main.lua:155	main.lua:168
sapp_run	[builtin#171]
main.lua:0	main.lua:219
@0x7ff727ef4830	@0x7ff727ef4830
frame: 000208
system.lua:sleep	system.lua:197
init.lua:run	init.lua:609
main_states.lua:Update	main_states.lua:196
statemanager.lua:Update	statemanager.lua:118
sequencer.lua:Update	sequencer.lua:66
main.lua:155	main.lua:168
sapp_run	[builtin#171]
main.lua:0	main.lua:219
@0x7ff727ef4830	@0x7ff727ef4830
frame: 000209
system.lua:sleep	system.lua:197
init.lua:run	init.lua:609
main_states.lua:Update	main_states.lua:196
statemanager.lua:Update	statemanager.lua:118
sequencer.lua:Update	sequencer.lua:66
main.lua:155	main.lua:168
sapp_run	[builtin#171]
main.lua:0	main.lua:219
@0x7ff727ef4830	@0x7ff727ef4830
frame: 000210
system.lua:sleep	system.lua:197
init.lua:run	init.lua:609
main_states.lua:Update	main_states.lua:196
statemanager.lua:Update	statemanager.lua:118
sequencer.lua:Update	sequencer.lua:66
main.lua:155	main.lua:168
sapp_run	[builtin#171]
main.lua:0	main.lua:219
@0x7ff727ef4830	@0x7ff727ef4830
frame: 000210
main_states.lua:Render	main_states.lua:219
statemanager.lua:Render	statemanager.lua:141
sequencer.lua:Render	sequencer.lua:72
main.lua:155	main.lua:178
sapp_run	[builtin#171]
main.lua:0	main.lua:219
@0x7ff727ef4830	@0x7ff727ef4830
frame: 000211
system.lua:sleep	system.lua:197
init.lua:run	init.lua:609
main_states.lua:Update	main_states.lua:196
statemanager.lua:Update	statemanager.lua:118
sequencer.lua:Update	sequencer.lua:66
main.lua:155	main.lua:168
sapp_run	[builtin#171]
main.lua:0	main.lua:219
@0x7ff727ef4830	@0x7ff727ef4830
frame: 000212
system.lua:sleep	system.lua:197
init.lua:run	init.lua:609
main_states.lua:Update	main_states.lua:196
statemanager.lua:Update	statemanager.lua:118
sequencer.lua:Update	sequencer.lua:66
main.lua:155	main.lua:168
sapp_run	[builtin#171]
main.lua:0	main.lua:219
@0x7ff727ef4830	@0x7ff727ef4830
frame: 000213
system.lua:sleep	system.lua:197
init.lua:run	init.lua:609
main_states.lua:Update	main_states.lua:196
statemanager.lua:Update	statemanager.lua:118
sequencer.lua:Update	sequencer.lua:66
main.lua:155	main.lua:168
sapp_run	[builtin#171]
main.lua:0	main.lua:219
@0x7ff727ef4830	@0x7ff727ef4830
frame: 000213
common.lua:draw_text	common.lua:124
sidebar.lua:draw	sidebar.lua:230
node.lua:665	node.lua:673
node.lua:propagate	node.lua:81
node.lua:665	node.lua:679
node.lua:propagate	node.lua:81
node.lua:665	node.lua:679
node.lua:propagate	node.lua:81
node.lua:draw	node.lua:679
rootview.lua:draw	rootview.lua:570
frame: 000214
main.lua:147	main.lua:148
sapp_run	[builtin#171]
main.lua:0	main.lua:219
@0x7ff727ef4830	@0x7ff727ef4830
frame: 000214
system.lua:sleep	system.lua:197
init.lua:run	init.lua:609
main_states.lua:Update	main_states.lua:196
statemanager.lua:Update	statemanager.lua:118
sequencer.lua:Update	sequencer.lua:66
main.lua:155	main.lua:168
sapp_run	[builtin#171]
main.lua:0	main.lua:219
@0x7ff727ef4830	@0x7ff727ef4830
frame: 000214
main_states.lua:Render	main_states.lua:219
statemanager.lua:Render	statemanager.lua:141
sequencer.lua:Render	sequencer.lua:72
main.lua:155	main.lua:178
sapp_run	[builtin#171]
main.lua:0	main.lua:219
@0x7ff727ef4830	@0x7ff727ef4830
frame: 000215
system.lua:sleep	system.lua:197
init.lua:run	init.lua:609
main_states.lua:Update	main_states.lua:196
statemanager.lua:Update	statemanager.lua:118
sequencer.lua:Update	sequencer.lua:66
main.lua:155	main.lua:168
sapp_run	[builtin#171]
main.lua:0	main.lua:219
@0x7ff727ef4830	@0x7ff727ef4830
frame: 000215
nuklear.lua:draw_rect	nuklear.lua:56
renderer.lua:draw_rect	renderer.lua:289
node.lua:draw	node.lua:678
rootview.lua:draw	rootview.lua:570
autocomplete.lua:draw	autocomplete.lua:238
init.lua:render	init.lua:513
main_states.lua:custom	main_states.lua:208
main_states.lua:79	main_states.lua:85
pcall	[builtin#20]
main_states.lua:Update	main_states.lua:207
frame: 000216
system.lua:sleep	system.lua:197
init.lua:run	init.lua:609
main_states.lua:Update	main_states.lua:196
statemanager.lua:Update	statemanager.lua:118
sequencer.lua:Update	sequencer.lua:66
main.lua:155	main.lua:168
sapp_run	[builtin#171]
main.lua:0	main.lua:219
@0x7ff727ef4830	@0x7ff727ef4830
frame: 000217
system.lua:sleep	system.lua:197
init.lua:run	init.lua:609
main_states.lua:Update	main_states.lua:196
statemanager.lua:Update	statemanager.lua:118
sequencer.lua:Update	sequencer.lua:66
main.lua:155	main.lua:168
sapp_run	[builtin#171]
main.lua:0	main.lua:219
@0x7ff727ef4830	@0x7ff727ef4830
frame: 000218
system.lua:sleep	system.lua:197
init.lua:run	init.lua:609
main_states.lua:Update	main_states.lua:196
statemanager.lua:Update	statemanager.lua:118
sequencer.lua:Update	sequencer.lua:66
main.lua:155	main.lua:168
sapp_run	[builtin#171]
main.lua:0	main.lua:219
@0x7ff727ef4830	@0x7ff727ef4830
frame: 000218
main_states.lua:79	main_states.lua:82
pcall	[builtin#20]
main_states.lua:Update	main_states.lua:207
statemanager.lua:Update	statemanager.lua:118
sequencer.lua:Update	sequencer.lua:66
main.lua:155	main.lua:168
sapp_run	[builtin#171]
main.lua:0	main.lua:219
@0x7ff727ef4830	@0x7ff727ef4830
frame: 000219
system.lua:sleep	system.lua:197
init.lua:run	init.lua:609
main_states.lua:Update	main_states.lua:196
statemanager.lua:Update	statemanager.lua:118
sequencer.lua:Update	sequencer.lua:66
main.lua:155	main.lua:168
sapp_run	[builtin#171]
main.lua:0	main.lua:219
@0x7ff727ef4830	@0x7ff727ef4830
frame: 000220
system.lua:sleep	system.lua:197
init.lua:run	init.lua:609
main_states.lua:Update	main_states.lua:196
statemanager.lua:Update	statemanager.lua:118
sequencer.lua:Update	sequencer.lua:66
main.lua:155	main.lua:168
sapp_run	[builtin#171]
main.lua:0	main.lua:219
@0x7ff727ef4830	@0x7ff727ef4830
frame: 000220
sidebar.lua:each_item	sidebar.lua:145
sidebar.lua:draw	sidebar.lua:206
node.lua:665	node.lua:673
node.lua:propagate	node.lua:81
node.lua:665	node.lua:679
node.lua:propagate	node.lua:81
node.lua:665	node.lua:679
node.lua:propagate	node.lua:81
node.lua:draw	node.lua:679
rootview.lua:draw	rootview.lua:570
frame: 000221
system.lua:sleep	system.lua:197
init.lua:run	init.lua:609
main_states.lua:Update	main_states.lua:196
statemanager.lua:Update	statemanager.lua:118
sequencer.lua:Update	sequencer.lua:66
main.lua:155	main.lua:168
sapp_run	[builtin#171]
main.lua:0	main.lua:219
@0x7ff727ef4830	@0x7ff727ef4830
frame: 000222
system.lua:sleep	system.lua:197
init.lua:run	init.lua:609
main_states.lua:Update	main_states.lua:196
statemanager.lua:Update	statemanager.lua:118
sequencer.lua:Update	sequencer.lua:66
main.lua:155	main.lua:168
sapp_run	[builtin#171]
main.lua:0	main.lua:219
@0x7ff727ef4830	@0x7ff727ef4830
frame: 000222
init.lua:render	init.lua:512
main_states.lua:custom	main_states.lua:208
main_states.lua:79	main_states.lua:85
pcall	[builtin#20]
main_states.lua:Update	main_states.lua:207
statemanager.lua:Update	statemanager.lua:118
sequencer.lua:Update	sequencer.lua:66
main.lua:155	main.lua:168
sapp_run	[builtin#171]
main.lua:0	main.lua:219
frame: 000223
system.lua:sleep	system.lua:197
init.lua:run	init.lua:609
main_states.lua:Update	main_states.lua:196
statemanager.lua:Update	statemanager.lua:118
sequencer.lua:Update	sequencer.lua:66
main.lua:155	main.lua:168
sapp_run	[builtin#171]
main.lua:0	main.lua:219
@0x7ff727ef4830	@0x7ff727ef4830
frame: 000224
system.lua:sleep	system.lua:197
init.lua:run	init.lua:609
main_states.lua:Update	main_states.lua:196
statemanager.lua:Update	statemanager.lua:118
sequencer.lua:Update	sequencer.lua:66
main.lua:155	main.lua:168
sapp_run	[builtin#171]
main.lua:0	main.lua:219
@0x7ff727ef4830	@0x7ff727ef4830
frame: 000224
main.lua:155	main.lua:178
sapp_run	[builtin#171]
main.lua:0	main.lua:219
@0x7ff727ef4830	@0x7ff727ef4830
frame: 000225
system.lua:sleep	system.lua:197
init.lua:run	init.lua:609
main_states.lua:Update	main_states.lua:196
statemanager.lua:Update	statemanager.lua:118
sequencer.lua:Update	sequencer.lua:66
main.lua:155	main.lua:168
sapp_run	[builtin#171]
main.lua:0	main.lua:219
@0x7ff727ef4830	@0x7ff727ef4830
frame: 000226
system.lua:sleep	system.lua:197
init.lua:run	init.lua:609
main_states.lua:Update	main_states.lua:196
statemanager.lua:Update	statemanager.lua:118
sequencer.lua:Update	sequencer.lua:66
main.lua:155	main.lua:168
sapp_run	[builtin#171]
main.lua:0	main.lua:219
@0x7ff727ef4830	@0x7ff727ef4830
frame: 000226
main.lua:155	main.lua:178
sapp_run	[builtin#171]
main.lua:0	main.lua:219
@0x7ff727ef4830	@0x7ff727ef4830
frame: 000227
system.lua:sleep	system.lua:197
init.lua:run	init.lua:609
main_states.lua:Update	main_states.lua:196
statemanager.lua:Update	statemanager.lua:118
sequencer.lua:Update	sequencer.lua:66
main.lua:155	main.lua:168
sapp_run	[builtin#171]
main.lua:0	main.lua:219
@0x7ff727ef4830	@0x7ff727ef4830
frame: 000228
system.lua:sleep	system.lua:197
init.lua:run	init.lua:609
main_states.lua:Update	main_states.lua:196
statemanager.lua:Update	statemanager.lua:118
sequencer.lua:Update	sequencer.lua:66
main.lua:155	main.lua:168
sapp_run	[builtin#171]
main.lua:0	main.lua:219
@0x7ff727ef4830	@0x7ff727ef4830
frame: 000228
main.lua:155	main.lua:178
sapp_run	[builtin#171]
main.lua:0	main.lua:219
@0x7ff727ef4830	@0x7ff727ef4830
frame: 000229
system.lua:sleep	system.lua:197
init.lua:run	init.lua:609
main_states.lua:Update	main_states.lua:196
statemanager.lua:Update	statemanager.lua:118
sequencer.lua:Update	sequencer.lua:66
main.lua:155	main.lua:168
sapp_run	[builtin#171]
main.lua:0	main.lua:219
@0x7ff727ef4830	@0x7ff727ef4830
frame: 000230
system.lua:sleep	system.lua:197
init.lua:run	init.lua:609
main_states.lua:Update	main_states.lua:196
statemanager.lua:Update	statemanager.lua:118
sequencer.lua:Update	sequencer.lua:66
main.lua:155	main.lua:168
sapp_run	[builtin#171]
main.lua:0	main.lua:219
@0x7ff727ef4830	@0x7ff727ef4830
frame: 000230
main.lua:155	main.lua:178
sapp_run	[builtin#171]
main.lua:0	main.lua:219
@0x7ff727ef4830	@0x7ff727ef4830
frame: 000231
system.lua:sleep	system.lua:197
init.lua:run	init.lua:609
main_states.lua:Update	main_states.lua:196
statemanager.lua:Update	statemanager.lua:118
sequencer.lua:Update	sequencer.lua:66
main.lua:155	main.lua:168
sapp_run	[builtin#171]
main.lua:0	main.lua:219
@0x7ff727ef4830	@0x7ff727ef4830
frame: 000232
system.lua:sleep	system.lua:197
init.lua:run	init.lua:609
main_states.lua:Update	main_states.lua:196
statemanager.lua:Update	statemanager.lua:118
sequencer.lua:Update	sequencer.lua:66
main.lua:155	main.lua:168
sapp_run	[builtin#171]
main.lua:0	main.lua:219
@0x7ff727ef4830	@0x7ff727ef4830
frame: 000232
nuklear.lua:draw_text	nuklear.lua:80
docview.lua:draw_line_text	docview.lua:318
indentguide.lua:draw_line_text	indentguide.lua:44
docview.lua:draw_line_body	docview.lua:345
docview.lua:draw	docview.lua:396
node.lua:665	node.lua:673
node.lua:propagate	node.lua:82
node.lua:665	node.lua:679
node.lua:propagate	node.lua:81
node.lua:draw	node.lua:679
frame: 000233
system.lua:sleep	system.lua:197
init.lua:run	init.lua:609
main_states.lua:Update	main_states.lua:196
statemanager.lua:Update	statemanager.lua:118
sequencer.lua:Update	sequencer.lua:66
main.lua:155	main.lua:168
sapp_run	[builtin#171]
main.lua:0	main.lua:219
@0x7ff727ef4830	@0x7ff727ef4830
frame: 000233
renderer.lua:set_clip_rect	renderer.lua:282
init.lua:render	init.lua:512
main_states.lua:custom	main_states.lua:208
main_states.lua:79	main_states.lua:85
pcall	[builtin#20]
main_states.lua:Update	main_states.lua:207
statemanager.lua:Update	statemanager.lua:118
sequencer.lua:Update	sequencer.lua:66
main.lua:155	main.lua:168
sapp_run	[builtin#171]
frame: 000234
system.lua:sleep	system.lua:197
init.lua:run	init.lua:609
main_states.lua:Update	main_states.lua:196
statemanager.lua:Update	statemanager.lua:118
sequencer.lua:Update	sequencer.lua:66
main.lua:155	main.lua:168
sapp_run	[builtin#171]
main.lua:0	main.lua:219
@0x7ff727ef4830	@0x7ff727ef4830
frame: 000235
system.lua:sleep	system.lua:197
init.lua:run	init.lua:609
main_states.lua:Update	main_states.lua:196
statemanager.lua:Update	statemanager.lua:118
sequencer.lua:Update	sequencer.lua:66
main.lua:155	main.lua:168
sapp_run	[builtin#171]
main.lua:0	main.lua:219
@0x7ff727ef4830	@0x7ff727ef4830
frame: 000235
main_states.lua:Render	main_states.lua:219
statemanager.lua:Render	statemanager.lua:141
sequencer.lua:Render	sequencer.lua:72
main.lua:155	main.lua:178
sapp_run	[builtin#171]
main.lua:0	main.lua:219
@0x7ff727ef4830	@0x7ff727ef4830
frame: 000236
system.lua:sleep	system.lua:197
init.lua:run	init.lua:609
main_states.lua:Update	main_states.lua:196
statemanager.lua:Update	statemanager.lua:118
sequencer.lua:Update	sequencer.lua:66
main.lua:155	main.lua:168
sapp_run	[builtin#171]
main.lua:0	main.lua:219
@0x7ff727ef4830	@0x7ff727ef4830
frame: 000237
system.lua:sleep	system.lua:197
init.lua:run	init.lua:609
main_states.lua:Update	main_states.lua:196
statemanager.lua:Update	statemanager.lua:118
sequencer.lua:Update	sequencer.lua:66
main.lua:155	main.lua:168
sapp_run	[builtin#171]
main.lua:0	main.lua:219
@0x7ff727ef4830	@0x7ff727ef4830
frame: 000238
system.lua:sleep	system.lua:197
init.lua:run	init.lua:609
main_states.lua:Update	main_states.lua:196
statemanager.lua:Update	statemanager.lua:118
sequencer.lua:Update	sequencer.lua:66
main.lua:155	main.lua:168
sapp_run	[builtin#171]
main.lua:0	main.lua:219
@0x7ff727ef4830	@0x7ff727ef4830
frame: 000239
system.lua:sleep	system.lua:197
init.lua:run	init.lua:609
main_states.lua:Update	main_states.lua:196
statemanager.lua:Update	statemanager.lua:118
sequencer.lua:Update	sequencer.lua:66
main.lua:155	main.lua:168
sapp_run	[builtin#171]
main.lua:0	main.lua:219
@0x7ff727ef4830	@0x7ff727ef4830
frame: 000240
system.lua:sleep	system.lua:197
init.lua:run	init.lua:609
main_states.lua:Update	main_states.lua:196
statemanager.lua:Update	statemanager.lua:118
sequencer.lua:Update	sequencer.lua:66
main.lua:155	main.lua:168
sapp_run	[builtin#171]
main.lua:0	main.lua:219
@0x7ff727ef4830	@0x7ff727ef4830
frame: 000241
system.lua:sleep	system.lua:197
init.lua:run	init.lua:609
main_states.lua:Update	main_states.lua:196
statemanager.lua:Update	statemanager.lua:118
sequencer.lua:Update	sequencer.lua:66
main.lua:155	main.lua:168
sapp_run	[builtin#171]
main.lua:0	main.lua:219
@0x7ff727ef4830	@0x7ff727ef4830
frame: 000241
main.lua:155	main.lua:178
sapp_run	[builtin#171]
main.lua:0	main.lua:219
@0x7ff727ef4830	@0x7ff727ef4830
frame: 000242
system.lua:sleep	system.lua:197
init.lua:run	init.lua:609
main_states.lua:Update	main_states.lua:196
statemanager.lua:Update	statemanager.lua:118
sequencer.lua:Update	sequencer.lua:66
main.lua:155	main.lua:168
sapp_run	[builtin#171]
main.lua:0	main.lua:219
@0x7ff727ef4830	@0x7ff727ef4830
frame: 000243
system.lua:sleep	system.lua:197
init.lua:run	init.lua:609
main_states.lua:Update	main_states.lua:196
statemanager.lua:Update	statemanager.lua:118
sequencer.lua:Update	sequencer.lua:66
main.lua:155	main.lua:168
sapp_run	[builtin#171]
main.lua:0	main.lua:219
@0x7ff727ef4830	@0x7ff727ef4830
frame: 000244
system.lua:sleep	system.lua:197
init.lua:run	init.lua:609
main_states.lua:Update	main_states.lua:196
statemanager.lua:Update	statemanager.lua:118
sequencer.lua:Update	sequencer.lua:66
main.lua:155	main.lua:168
sapp_run	[builtin#171]
main.lua:0	main.lua:219
@0x7ff727ef4830	@0x7ff727ef4830
frame: 000245
system.lua:sleep	system.lua:197
init.lua:run	init.lua:609
main_states.lua:Update	main_states.lua:196
statemanager.lua:Update	statemanager.lua:118
sequencer.lua:Update	sequencer.lua:66
main.lua:155	main.lua:168
sapp_run	[builtin#171]
main.lua:0	main.lua:219
@0x7ff727ef4830	@0x7ff727ef4830
frame: 000246
system.lua:sleep	system.lua:197
init.lua:run	init.lua:609
main_states.lua:Update	main_states.lua:196
statemanager.lua:Update	statemanager.lua:118
sequencer.lua:Update	sequencer.lua:66
main.lua:155	main.lua:168
sapp_run	[builtin#171]
main.lua:0	main.lua:219
@0x7ff727ef4830	@0x7ff727ef4830
frame: 000247
system.lua:sleep	system.lua:197
init.lua:run	init.lua:609
main_states.lua:Update	main_states.lua:196
statemanager.lua:Update	statemanager.lua:118
sequencer.lua:Update	sequencer.lua:66
main.lua:155	main.lua:168
sapp_run	[builtin#171]
main.lua:0	main.lua:219
@0x7ff727ef4830	@0x7ff727ef4830
frame: 000248
system.lua:sleep	system.lua:197
init.lua:run	init.lua:609
main_states.lua:Update	main_states.lua:196
statemanager.lua:Update	statemanager.lua:118
sequencer.lua:Update	sequencer.lua:66
main.lua:155	main.lua:168
sapp_run	[builtin#171]
main.lua:0	main.lua:219
@0x7ff727ef4830	@0x7ff727ef4830
frame: 000249
system.lua:sleep	system.lua:197
init.lua:run	init.lua:609
main_states.lua:Update	main_states.lua:196
statemanager.lua:Update	statemanager.lua:118
sequencer.lua:Update	sequencer.lua:66
main.lua:155	main.lua:168
sapp_run	[builtin#171]
main.lua:0	main.lua:219
@0x7ff727ef4830	@0x7ff727ef4830
frame: 000250
system.lua:sleep	system.lua:197
init.lua:run	init.lua:609
main_states.lua:Update	main_states.lua:196
statemanager.lua:Update	statemanager.lua:118
sequencer.lua:Update	sequencer.lua:66
main.lua:155	main.lua:168
sapp_run	[builtin#171]
main.lua:0	main.lua:219
@0x7ff727ef4830	@0x7ff727ef4830
frame: 000250
main.lua:155	main.lua:178
sapp_run	[builtin#171]
main.lua:0	main.lua:219
@0x7ff727ef4830	@0x7ff727ef4830
frame: 000251
system.lua:sleep	system.lua:197
init.lua:run	init.lua:609
main_states.lua:Update	main_states.lua:196
statemanager.lua:Update	statemanager.lua:118
sequencer.lua:Update	sequencer.lua:66
main.lua:155	main.lua:168
sapp_run	[builtin#171]
main.lua:0	main.lua:219
@0x7ff727ef4830	@0x7ff727ef4830
frame: 000252
system.lua:sleep	system.lua:197
init.lua:run	init.lua:609
main_states.lua:Update	main_states.lua:196
statemanager.lua:Update	statemanager.lua:118
sequencer.lua:Update	sequencer.lua:66
main.lua:155	main.lua:168
sapp_run	[builtin#171]
main.lua:0	main.lua:219
@0x7ff727ef4830	@0x7ff727ef4830
frame: 000253
system.lua:sleep	system.lua:197
init.lua:run	init.lua:609
main_states.lua:Update	main_states.lua:196
statemanager.lua:Update	statemanager.lua:118
sequencer.lua:Update	sequencer.lua:66
main.lua:155	main.lua:168
sapp_run	[builtin#171]
main.lua:0	main.lua:219
@0x7ff727ef4830	@0x7ff727ef4830
frame: 000253
main.lua:155	main.lua:178
sapp_run	[builtin#171]
main.lua:0	main.lua:219
@0x7ff727ef4830	@0x7ff727ef4830
frame: 000254
system.lua:sleep	system.lua:197
init.lua:run	init.lua:609
main_states.lua:Update	main_states.lua:196
statemanager.lua:Update	statemanager.lua:118
sequencer.lua:Update	sequencer.lua:66
main.lua:155	main.lua:168
sapp_run	[builtin#171]
main.lua:0	main.lua:219
@0x7ff727ef4830	@0x7ff727ef4830
frame: 000255
system.lua:sleep	system.lua:197
init.lua:run	init.lua:609
main_states.lua:Update	main_states.lua:196
statemanager.lua:Update	statemanager.lua:118
sequencer.lua:Update	sequencer.lua:66
main.lua:155	main.lua:168
sapp_run	[builtin#171]
main.lua:0	main.lua:219
@0x7ff727ef4830	@0x7ff727ef4830
frame: 000256
system.lua:sleep	system.lua:197
init.lua:run	init.lua:609
main_states.lua:Update	main_states.lua:196
statemanager.lua:Update	statemanager.lua:118
sequencer.lua:Update	sequencer.lua:66
main.lua:155	main.lua:168
sapp_run	[builtin#171]
main.lua:0	main.lua:219
@0x7ff727ef4830	@0x7ff727ef4830
frame: 000257
system.lua:sleep	system.lua:197
init.lua:run	init.lua:609
main_states.lua:Update	main_states.lua:196
statemanager.lua:Update	statemanager.lua:118
sequencer.lua:Update	sequencer.lua:66
main.lua:155	main.lua:168
sapp_run	[builtin#171]
main.lua:0	main.lua:219
@0x7ff727ef4830	@0x7ff727ef4830
frame: 000257
main.lua:155	main.lua:178
sapp_run	[builtin#171]
main.lua:0	main.lua:219
@0x7ff727ef4830	@0x7ff727ef4830
frame: 000258
system.lua:sleep	system.lua:197
init.lua:run	init.lua:609
main_states.lua:Update	main_states.lua:196
statemanager.lua:Update	statemanager.lua:118
sequencer.lua:Update	sequencer.lua:66
main.lua:155	main.lua:168
sapp_run	[builtin#171]
main.lua:0	main.lua:219
@0x7ff727ef4830	@0x7ff727ef4830
frame: 000259
system.lua:sleep	system.lua:197
init.lua:run	init.lua:609
main_states.lua:Update	main_states.lua:196
statemanager.lua:Update	statemanager.lua:118
sequencer.lua:Update	sequencer.lua:66
main.lua:155	main.lua:168
sapp_run	[builtin#171]
main.lua:0	main.lua:219
@0x7ff727ef4830	@0x7ff727ef4830
frame: 000259
main.lua:155	main.lua:178
sapp_run	[builtin#171]
main.lua:0	main.lua:219
@0x7ff727ef4830	@0x7ff727ef4830
frame: 000260
system.lua:sleep	system.lua:197
init.lua:run	init.lua:609
main_states.lua:Update	main_states.lua:196
statemanager.lua:Update	statemanager.lua:118
sequencer.lua:Update	sequencer.lua:66
main.lua:155	main.lua:168
sapp_run	[builtin#171]
main.lua:0	main.lua:219
@0x7ff727ef4830	@0x7ff727ef4830
frame: 000260
main_states.lua:79	main_states.lua:82
pcall	[builtin#20]
main_states.lua:Update	main_states.lua:207
statemanager.lua:Update	statemanager.lua:118
sequencer.lua:Update	sequencer.lua:66
main.lua:155	main.lua:168
sapp_run	[builtin#171]
main.lua:0	main.lua:219
@0x7ff727ef4830	@0x7ff727ef4830
frame: 000261
system.lua:sleep	system.lua:197
init.lua:run	init.lua:609
main_states.lua:Update	main_states.lua:196
statemanager.lua:Update	statemanager.lua:118
sequencer.lua:Update	sequencer.lua:66
main.lua:155	main.lua:168
sapp_run	[builtin#171]
main.lua:0	main.lua:219
@0x7ff727ef4830	@0x7ff727ef4830
frame: 000262
system.lua:sleep	system.lua:197
init.lua:run	init.lua:609
main_states.lua:Update	main_states.lua:196
statemanager.lua:Update	statemanager.lua:118
sequencer.lua:Update	sequencer.lua:66
main.lua:155	main.lua:168
sapp_run	[builtin#171]
main.lua:0	main.lua:219
@0x7ff727ef4830	@0x7ff727ef4830
frame: 000263
system.lua:sleep	system.lua:197
init.lua:run	init.lua:609
main_states.lua:Update	main_states.lua:196
statemanager.lua:Update	statemanager.lua:118
sequencer.lua:Update	sequencer.lua:66
main.lua:155	main.lua:168
sapp_run	[builtin#171]
main.lua:0	main.lua:219
@0x7ff727ef4830	@0x7ff727ef4830
frame: 000264
system.lua:sleep	system.lua:197
init.lua:run	init.lua:609
main_states.lua:Update	main_states.lua:196
statemanager.lua:Update	statemanager.lua:118
sequencer.lua:Update	sequencer.lua:66
main.lua:155	main.lua:168
sapp_run	[builtin#171]
main.lua:0	main.lua:219
@0x7ff727ef4830	@0x7ff727ef4830
frame: 000265
system.lua:sleep	system.lua:197
init.lua:run	init.lua:609
main_states.lua:Update	main_states.lua:196
statemanager.lua:Update	statemanager.lua:118
sequencer.lua:Update	sequencer.lua:66
main.lua:155	main.lua:168
sapp_run	[builtin#171]
main.lua:0	main.lua:219
@0x7ff727ef4830	@0x7ff727ef4830
frame: 000266
system.lua:sleep	system.lua:197
init.lua:run	init.lua:609
main_states.lua:Update	main_states.lua:196
statemanager.lua:Update	statemanager.lua:118
sequencer.lua:Update	sequencer.lua:66
main.lua:155	main.lua:168
sapp_run	[builtin#171]
main.lua:0	main.lua:219
@0x7ff727ef4830	@0x7ff727ef4830
frame: 000266
sidebar.lua:draw	sidebar.lua:206
node.lua:665	node.lua:673
node.lua:propagate	node.lua:81
node.lua:665	node.lua:679
node.lua:propagate	node.lua:81
node.lua:665	node.lua:679
node.lua:propagate	node.lua:81
node.lua:draw	node.lua:679
rootview.lua:draw	rootview.lua:570
autocomplete.lua:draw	autocomplete.lua:238
frame: 000267
system.lua:sleep	system.lua:197
init.lua:run	init.lua:609
main_states.lua:Update	main_states.lua:196
statemanager.lua:Update	statemanager.lua:118
sequencer.lua:Update	sequencer.lua:66
main.lua:155	main.lua:168
sapp_run	[builtin#171]
main.lua:0	main.lua:219
@0x7ff727ef4830	@0x7ff727ef4830
frame: 000268
system.lua:sleep	system.lua:197
init.lua:run	init.lua:609
main_states.lua:Update	main_states.lua:196
statemanager.lua:Update	statemanager.lua:118
sequencer.lua:Update	sequencer.lua:66
main.lua:155	main.lua:168
sapp_run	[builtin#171]
main.lua:0	main.lua:219
@0x7ff727ef4830	@0x7ff727ef4830
frame: 000268
main_states.lua:79	main_states.lua:82
pcall	[builtin#20]
main_states.lua:Update	main_states.lua:207
statemanager.lua:Update	statemanager.lua:118
sequencer.lua:Update	sequencer.lua:66
main.lua:155	main.lua:168
sapp_run	[builtin#171]
main.lua:0	main.lua:219
@0x7ff727ef4830	@0x7ff727ef4830
frame: 000269
system.lua:sleep	system.lua:197
init.lua:run	init.lua:609
main_states.lua:Update	main_states.lua:196
statemanager.lua:Update	statemanager.lua:118
sequencer.lua:Update	sequencer.lua:66
main.lua:155	main.lua:168
sapp_run	[builtin#171]
main.lua:0	main.lua:219
@0x7ff727ef4830	@0x7ff727ef4830
frame: 000270
system.lua:sleep	system.lua:197
init.lua:run	init.lua:609
main_states.lua:Update	main_states.lua:196
statemanager.lua:Update	statemanager.lua:118
sequencer.lua:Update	sequencer.lua:66
main.lua:155	main.lua:168
sapp_run	[builtin#171]
main.lua:0	main.lua:219
@0x7ff727ef4830	@0x7ff727ef4830
frame: 000271
system.lua:sleep	system.lua:197
init.lua:run	init.lua:609
main_states.lua:Update	main_states.lua:196
statemanager.lua:Update	statemanager.lua:118
sequencer.lua:Update	sequencer.lua:66
main.lua:155	main.lua:168
sapp_run	[builtin#171]
main.lua:0	main.lua:219
@0x7ff727ef4830	@0x7ff727ef4830
frame: 000271
main_states.lua:Render	main_states.lua:219
statemanager.lua:Render	statemanager.lua:141
sequencer.lua:Render	sequencer.lua:72
main.lua:155	main.lua:178
sapp_run	[builtin#171]
main.lua:0	main.lua:219
@0x7ff727ef4830	@0x7ff727ef4830
frame: 000272
system.lua:sleep	system.lua:197
init.lua:run	init.lua:609
main_states.lua:Update	main_states.lua:196
statemanager.lua:Update	statemanager.lua:118
sequencer.lua:Update	sequencer.lua:66
main.lua:155	main.lua:168
sapp_run	[builtin#171]
main.lua:0	main.lua:219
@0x7ff727ef4830	@0x7ff727ef4830
frame: 000273
system.lua:sleep	system.lua:197
init.lua:run	init.lua:609
main_states.lua:Update	main_states.lua:196
statemanager.lua:Update	statemanager.lua:118
sequencer.lua:Update	sequencer.lua:66
main.lua:155	main.lua:168
sapp_run	[builtin#171]
main.lua:0	main.lua:219
@0x7ff727ef4830	@0x7ff727ef4830
frame: 000274
system.lua:sleep	system.lua:197
init.lua:run	init.lua:609
main_states.lua:Update	main_states.lua:196
statemanager.lua:Update	statemanager.lua:118
sequencer.lua:Update	sequencer.lua:66
main.lua:155	main.lua:168
sapp_run	[builtin#171]
main.lua:0	main.lua:219
@0x7ff727ef4830	@0x7ff727ef4830
frame: 000275
main.lua:147	main.lua:148
sapp_run	[builtin#171]
main.lua:0	main.lua:219
@0x7ff727ef4830	@0x7ff727ef4830
frame: 000275
system.lua:sleep	system.lua:197
init.lua:run	init.lua:609
main_states.lua:Update	main_states.lua:196
statemanager.lua:Update	statemanager.lua:118
sequencer.lua:Update	sequencer.lua:66
main.lua:155	main.lua:168
sapp_run	[builtin#171]
main.lua:0	main.lua:219
@0x7ff727ef4830	@0x7ff727ef4830
frame: 000276
system.lua:sleep	system.lua:197
init.lua:run	init.lua:609
main_states.lua:Update	main_states.lua:196
statemanager.lua:Update	statemanager.lua:118
sequencer.lua:Update	sequencer.lua:66
main.lua:155	main.lua:168
sapp_run	[builtin#171]
main.lua:0	main.lua:219
@0x7ff727ef4830	@0x7ff727ef4830
frame: 000277
system.lua:sleep	system.lua:197
init.lua:run	init.lua:609
main_states.lua:Update	main_states.lua:196
statemanager.lua:Update	statemanager.lua:118
sequencer.lua:Update	sequencer.lua:66
main.lua:155	main.lua:168
sapp_run	[builtin#171]
main.lua:0	main.lua:219
@0x7ff727ef4830	@0x7ff727ef4830
frame: 000278
system.lua:sleep	system.lua:197
init.lua:run	init.lua:609
main_states.lua:Update	main_states.lua:196
statemanager.lua:Update	statemanager.lua:118
sequencer.lua:Update	sequencer.lua:66
main.lua:155	main.lua:168
sapp_run	[builtin#171]
main.lua:0	main.lua:219
@0x7ff727ef4830	@0x7ff727ef4830
frame: 000279
main.lua:147	main.lua:148
sapp_run	[builtin#171]
main.lua:0	main.lua:219
@0x7ff727ef4830	@0x7ff727ef4830
frame: 000279
system.lua:sleep	system.lua:197
init.lua:run	init.lua:609
main_states.lua:Update	main_states.lua:196
statemanager.lua:Update	statemanager.lua:118
sequencer.lua:Update	sequencer.lua:66
main.lua:155	main.lua:168
sapp_run	[builtin#171]
main.lua:0	main.lua:219
@0x7ff727ef4830	@0x7ff727ef4830
frame: 000279
nuklear.lua:draw_text	nuklear.lua:71
common.lua:draw_text	common.lua:131
sidebar.lua:draw	sidebar.lua:230
node.lua:665	node.lua:673
node.lua:propagate	node.lua:81
node.lua:665	node.lua:679
node.lua:propagate	node.lua:81
node.lua:665	node.lua:679
node.lua:propagate	node.lua:81
node.lua:draw	node.lua:679
frame: 000280
main.lua:147	main.lua:148
sapp_run	[builtin#171]
main.lua:0	main.lua:219
@0x7ff727ef4830	@0x7ff727ef4830
frame: 000280
system.lua:sleep	system.lua:197
init.lua:run	init.lua:609
main_states.lua:Update	main_states.lua:196
statemanager.lua:Update	statemanager.lua:118
sequencer.lua:Update	sequencer.lua:66
main.lua:155	main.lua:168
sapp_run	[builtin#171]
main.lua:0	main.lua:219
@0x7ff727ef4830	@0x7ff727ef4830
frame: 000281
main.lua:155	main.lua:158
sapp_run	[builtin#171]
main.lua:0	main.lua:219
@0x7ff727ef4830	@0x7ff727ef4830
frame: 000281
system.lua:sleep	system.lua:197
init.lua:run	init.lua:609
main_states.lua:Update	main_states.lua:196
statemanager.lua:Update	statemanager.lua:118
sequencer.lua:Update	sequencer.lua:66
main.lua:155	main.lua:168
sapp_run	[builtin#171]
main.lua:0	main.lua:219
@0x7ff727ef4830	@0x7ff727ef4830
frame: 000282
main.lua:147	main.lua:148
sapp_run	[builtin#171]
main.lua:0	main.lua:219
@0x7ff727ef4830	@0x7ff727ef4830
frame: 000282
system.lua:sleep	system.lua:197
init.lua:run	init.lua:609
main_states.lua:Update	main_states.lua:196
statemanager.lua:Update	statemanager.lua:118
sequencer.lua:Update	sequencer.lua:66
main.lua:155	main.lua:168
sapp_run	[builtin#171]
main.lua:0	main.lua:219
@0x7ff727ef4830	@0x7ff727ef4830
frame: 000282
main_states.lua:Render	main_states.lua:219
statemanager.lua:Render	statemanager.lua:141
sequencer.lua:Render	sequencer.lua:72
main.lua:155	main.lua:178
sapp_run	[builtin#171]
main.lua:0	main.lua:219
@0x7ff727ef4830	@0x7ff727ef4830
frame: 000283
system.lua:sleep	system.lua:197
init.lua:run	init.lua:609
main_states.lua:Update	main_states.lua:196
statemanager.lua:Update	statemanager.lua:118
sequencer.lua:Update	sequencer.lua:66
main.lua:155	main.lua:168
sapp_run	[builtin#171]
main.lua:0	main.lua:219
@0x7ff727ef4830	@0x7ff727ef4830
frame: 000284
view.lua:update	view.lua:131
panelview.lua:update	panelview.lua:73
node.lua:update	node.lua:609
node.lua:update	node.lua:615
node.lua:update	node.lua:615
node.lua:update	node.lua:616
node.lua:update	node.lua:616
node.lua:update	node.lua:616
node.lua:update	node.lua:615
node.lua:update	node.lua:615
frame: 000284
system.lua:sleep	system.lua:197
init.lua:run	init.lua:609
main_states.lua:Update	main_states.lua:196
statemanager.lua:Update	statemanager.lua:118
sequencer.lua:Update	sequencer.lua:66
main.lua:155	main.lua:168
sapp_run	[builtin#171]
main.lua:0	main.lua:219
@0x7ff727ef4830	@0x7ff727ef4830
frame: 000284
main.lua:155	main.lua:178
sapp_run	[builtin#171]
main.lua:0	main.lua:219
@0x7ff727ef4830	@0x7ff727ef4830
frame: 000285
system.lua:sleep	system.lua:197
init.lua:run	init.lua:609
main_states.lua:Update	main_states.lua:196
statemanager.lua:Update	statemanager.lua:118
sequencer.lua:Update	sequencer.lua:66
main.lua:155	main.lua:168
sapp_run	[builtin#171]
main.lua:0	main.lua:219
@0x7ff727ef4830	@0x7ff727ef4830
frame: 000286
system.lua:sleep	system.lua:197
init.lua:run	init.lua:609
main_states.lua:Update	main_states.lua:196
statemanager.lua:Update	statemanager.lua:118
sequencer.lua:Update	sequencer.lua:66
main.lua:155	main.lua:168
sapp_run	[builtin#171]
main.lua:0	main.lua:219
@0x7ff727ef4830	@0x7ff727ef4830
frame: 000287
system.lua:sleep	system.lua:197
init.lua:run	init.lua:609
main_states.lua:Update	main_states.lua:196
statemanager.lua:Update	statemanager.lua:118
sequencer.lua:Update	sequencer.lua:66
main.lua:155	main.lua:168
sapp_run	[builtin#171]
main.lua:0	main.lua:219
@0x7ff727ef4830	@0x7ff727ef4830
frame: 000287
main_states.lua:Render	main_states.lua:219
statemanager.lua:Render	statemanager.lua:141
sequencer.lua:Render	sequencer.lua:72
main.lua:155	main.lua:178
sapp_run	[builtin#171]
main.lua:0	main.lua:219
@0x7ff727ef4830	@0x7ff727ef4830
frame: 000288
system.lua:sleep	system.lua:197
init.lua:run	init.lua:609
main_states.lua:Update	main_states.lua:196
statemanager.lua:Update	statemanager.lua:118
sequencer.lua:Update	sequencer.lua:66
main.lua:155	main.lua:168
sapp_run	[builtin#171]
main.lua:0	main.lua:219
@0x7ff727ef4830	@0x7ff727ef4830
frame: 000288
main_states.lua:Render	main_states.lua:219
statemanager.lua:Render	statemanager.lua:141
sequencer.lua:Render	sequencer.lua:72
main.lua:155	main.lua:178
sapp_run	[builtin#171]
main.lua:0	main.lua:219
@0x7ff727ef4830	@0x7ff727ef4830
frame: 000289
system.lua:sleep	system.lua:197
init.lua:run	init.lua:609
main_states.lua:Update	main_states.lua:196
statemanager.lua:Update	statemanager.lua:118
sequencer.lua:Update	sequencer.lua:66
main.lua:155	main.lua:168
sapp_run	[builtin#171]
main.lua:0	main.lua:219
@0x7ff727ef4830	@0x7ff727ef4830
frame: 000289
node.lua:draw	node.lua:679
rootview.lua:draw	rootview.lua:570
autocomplete.lua:draw	autocomplete.lua:238
init.lua:render	init.lua:513
main_states.lua:custom	main_states.lua:208
main_states.lua:79	main_states.lua:85
pcall	[builtin#20]
main_states.lua:Update	main_states.lua:207
statemanager.lua:Update	statemanager.lua:118
sequencer.lua:Update	sequencer.lua:66
frame: 000290
dirtools.lua:run_popen	dirtools.lua:120
dirtools.lua:list_dir	dirtools.lua:488
init.lua:get_files	init.lua:52
init.lua:33	init.lua:83
xpcall	[builtin#21]
init.lua:401	init.lua:403
frame: 000290
dirtools.lua:run_popen	dirtools.lua:122
dirtools.lua:list_dir	dirtools.lua:488
init.lua:get_files	init.lua:52
init.lua:33	init.lua:83
xpcall	[builtin#21]
init.lua:401	init.lua:403
frame: 000290
dirtools.lua:run_popen	dirtools.lua:120
dirtools.lua:list_dir	dirtools.lua:496
init.lua:get_files	init.lua:52
init.lua:33	init.lua:83
xpcall	[builtin#21]
init.lua:401	init.lua:403
frame: 000290
dirtools.lua:run_popen	dirtools.lua:122
dirtools.lua:list_dir	dirtools.lua:496
init.lua:get_files	init.lua:52
init.lua:33	init.lua:83
xpcall	[builtin#21]
init.lua:401	init.lua:403
frame: 000290
dirtools.lua:run_popen	dirtools.lua:122
dirtools.lua:list_dir	dirtools.lua:488
init.lua:get_files	init.lua:52
init.lua:get_files	init.lua:69
init.lua:33	init.lua:83
xpcall	[builtin#21]
init.lua:401	init.lua:403
frame: 000290
dirtools.lua:run_popen	dirtools.lua:120
dirtools.lua:list_dir	dirtools.lua:496
init.lua:get_files	init.lua:52
init.lua:get_files	init.lua:69
init.lua:33	init.lua:83
xpcall	[builtin#21]
init.lua:401	init.lua:403
frame: 000290
system.lua:sleep	system.lua:197
init.lua:run	init.lua:609
main_states.lua:Update	main_states.lua:196
statemanager.lua:Update	statemanager.lua:118
sequencer.lua:Update	sequencer.lua:66
main.lua:155	main.lua:168
sapp_run	[builtin#171]
main.lua:0	main.lua:219
@0x7ff727ef4830	@0x7ff727ef4830
frame: 000291
dirtools.lua:run_popen	dirtools.lua:122
dirtools.lua:list_dir	dirtools.lua:488
init.lua:get_files	init.lua:52
init.lua:get_files	init.lua:69
init.lua:33	init.lua:83
xpcall	[builtin#21]
init.lua:401	init.lua:403
frame: 000291
dirtools.lua:run_popen	dirtools.lua:122
dirtools.lua:list_dir	dirtools.lua:496
init.lua:get_files	init.lua:52
init.lua:get_files	init.lua:69
init.lua:33	init.lua:83
xpcall	[builtin#21]
init.lua:401	init.lua:403
frame: 000291
dirtools.lua:run_popen	dirtools.lua:122
dirtools.lua:list_dir	dirtools.lua:488
init.lua:get_files	init.lua:52
init.lua:get_files	init.lua:69
init.lua:get_files	init.lua:69
init.lua:33	init.lua:83
xpcall	[builtin#21]
init.lua:401	init.lua:403
frame: 000291
dirtools.lua:run_popen	dirtools.lua:120
dirtools.lua:list_dir	dirtools.lua:496
init.lua:get_files	init.lua:52
init.lua:get_files	init.lua:69
init.lua:get_files	init.lua:69
init.lua:33	init.lua:83
xpcall	[builtin#21]
init.lua:401	init.lua:403
frame: 000291
dirtools.lua:run_popen	dirtools.lua:122
dirtools.lua:list_dir	dirtools.lua:496
init.lua:get_files	init.lua:52
init.lua:get_files	init.lua:69
init.lua:get_files	init.lua:69
init.lua:33	init.lua:83
xpcall	[builtin#21]
init.lua:401	init.lua:403
frame: 000291
dirtools.lua:run_popen	dirtools.lua:120
dirtools.lua:list_dir	dirtools.lua:488
init.lua:get_files	init.lua:52
init.lua:get_files	init.lua:69
init.lua:get_files	init.lua:69
init.lua:33	init.lua:83
xpcall	[builtin#21]
init.lua:401	init.lua:403
frame: 000291
dirtools.lua:run_popen	dirtools.lua:122
dirtools.lua:list_dir	dirtools.lua:488
init.lua:get_files	init.lua:52
init.lua:get_files	init.lua:69
init.lua:get_files	init.lua:69
init.lua:33	init.lua:83
xpcall	[builtin#21]
init.lua:401	init.lua:403
frame: 000291
dirtools.lua:run_popen	dirtools.lua:122
dirtools.lua:list_dir	dirtools.lua:496
init.lua:get_files	init.lua:52
init.lua:get_files	init.lua:69
init.lua:get_files	init.lua:69
init.lua:33	init.lua:83
xpcall	[builtin#21]
init.lua:401	init.lua:403
frame: 000291
system.lua:sleep	system.lua:197
init.lua:run	init.lua:609
main_states.lua:Update	main_states.lua:196
statemanager.lua:Update	statemanager.lua:118
sequencer.lua:Update	sequencer.lua:66
main.lua:155	main.lua:168
sapp_run	[builtin#171]
main.lua:0	main.lua:219
@0x7ff727ef4830	@0x7ff727ef4830
frame: 000292
dirtools.lua:run_popen	dirtools.lua:122
dirtools.lua:list_dir	dirtools.lua:488
init.lua:get_files	init.lua:52
init.lua:get_files	init.lua:69
init.lua:get_files	init.lua:69
init.lua:get_files	init.lua:69
init.lua:33	init.lua:83
xpcall	[builtin#21]
init.lua:401	init.lua:403
frame: 000292
dirtools.lua:run_popen	dirtools.lua:122
dirtools.lua:list_dir	dirtools.lua:496
init.lua:get_files	init.lua:52
init.lua:get_files	init.lua:69
init.lua:get_files	init.lua:69
init.lua:get_files	init.lua:69
init.lua:33	init.lua:83
xpcall	[builtin#21]
init.lua:401	init.lua:403
frame: 000292
dirtools.lua:run_popen	dirtools.lua:120
dirtools.lua:list_dir	dirtools.lua:488
init.lua:get_files	init.lua:52
init.lua:get_files	init.lua:69
init.lua:get_files	init.lua:69
init.lua:get_files	init.lua:69
init.lua:33	init.lua:83
xpcall	[builtin#21]
init.lua:401	init.lua:403
frame: 000292
dirtools.lua:run_popen	dirtools.lua:122
dirtools.lua:list_dir	dirtools.lua:488
init.lua:get_files	init.lua:52
init.lua:get_files	init.lua:69
init.lua:get_files	init.lua:69
init.lua:get_files	init.lua:69
init.lua:33	init.lua:83
xpcall	[builtin#21]
init.lua:401	init.lua:403
frame: 000292
dirtools.lua:run_popen	dirtools.lua:122
dirtools.lua:list_dir	dirtools.lua:496
init.lua:get_files	init.lua:52
init.lua:get_files	init.lua:69
init.lua:get_files	init.lua:69
init.lua:get_files	init.lua:69
init.lua:33	init.lua:83
xpcall	[builtin#21]
init.lua:401	init.lua:403
frame: 000292
system.lua:sleep	system.lua:197
init.lua:run	init.lua:609
main_states.lua:Update	main_states.lua:196
statemanager.lua:Update	statemanager.lua:118
sequencer.lua:Update	sequencer.lua:66
main.lua:155	main.lua:168
sapp_run	[builtin#171]
main.lua:0	main.lua:219
@0x7ff727ef4830	@0x7ff727ef4830
frame: 000293
dirtools.lua:run_popen	dirtools.lua:122
dirtools.lua:list_dir	dirtools.lua:488
init.lua:get_files	init.lua:52
init.lua:get_files	init.lua:69
init.lua:get_files	init.lua:69
init.lua:33	init.lua:83
xpcall	[builtin#21]
init.lua:401	init.lua:403
frame: 000293
dirtools.lua:run_popen	dirtools.lua:120
dirtools.lua:list_dir	dirtools.lua:496
init.lua:get_files	init.lua:52
init.lua:get_files	init.lua:69
init.lua:get_files	init.lua:69
init.lua:33	init.lua:83
xpcall	[builtin#21]
init.lua:401	init.lua:403
frame: 000293
dirtools.lua:run_popen	dirtools.lua:122
dirtools.lua:list_dir	dirtools.lua:496
init.lua:get_files	init.lua:52
init.lua:get_files	init.lua:69
init.lua:get_files	init.lua:69
init.lua:33	init.lua:83
xpcall	[builtin#21]
init.lua:401	init.lua:403
frame: 000293
dirtools.lua:run_popen	dirtools.lua:122
dirtools.lua:list_dir	dirtools.lua:488
init.lua:get_files	init.lua:52
init.lua:get_files	init.lua:69
init.lua:get_files	init.lua:69
init.lua:33	init.lua:83
xpcall	[builtin#21]
init.lua:401	init.lua:403
frame: 000293
dirtools.lua:run_popen	dirtools.lua:120
dirtools.lua:list_dir	dirtools.lua:496
init.lua:get_files	init.lua:52
init.lua:get_files	init.lua:69
init.lua:get_files	init.lua:69
init.lua:33	init.lua:83
xpcall	[builtin#21]
init.lua:401	init.lua:403
frame: 000293
dirtools.lua:run_popen	dirtools.lua:122
dirtools.lua:list_dir	dirtools.lua:496
init.lua:get_files	init.lua:52
init.lua:get_files	init.lua:69
init.lua:get_files	init.lua:69
init.lua:33	init.lua:83
xpcall	[builtin#21]
init.lua:401	init.lua:403
frame: 000293
main_states.lua:Update	main_states.lua:196
statemanager.lua:Update	statemanager.lua:118
sequencer.lua:Update	sequencer.lua:66
main.lua:155	main.lua:168
sapp_run	[builtin#171]
main.lua:0	main.lua:219
@0x7ff727ef4830	@0x7ff727ef4830
frame: 000294
dirtools.lua:run_popen	dirtools.lua:122
dirtools.lua:list_dir	dirtools.lua:488
init.lua:get_files	init.lua:52
init.lua:get_files	init.lua:69
init.lua:get_files	init.lua:69
init.lua:33	init.lua:83
xpcall	[builtin#21]
init.lua:401	init.lua:403
frame: 000294
dirtools.lua:run_popen	dirtools.lua:122
dirtools.lua:list_dir	dirtools.lua:496
init.lua:get_files	init.lua:52
init.lua:get_files	init.lua:69
init.lua:get_files	init.lua:69
init.lua:33	init.lua:83
xpcall	[builtin#21]
init.lua:401	init.lua:403
frame: 000294
dirtools.lua:run_popen	dirtools.lua:123
dirtools.lua:list_dir	dirtools.lua:488
init.lua:get_files	init.lua:52
init.lua:get_files	init.lua:69
init.lua:get_files	init.lua:69
init.lua:get_files	init.lua:69
init.lua:33	init.lua:83
xpcall	[builtin#21]
init.lua:401	init.lua:403
frame: 000294
dirtools.lua:run_popen	dirtools.lua:122
dirtools.lua:list_dir	dirtools.lua:496
init.lua:get_files	init.lua:52
init.lua:get_files	init.lua:69
init.lua:get_files	init.lua:69
init.lua:get_files	init.lua:69
init.lua:33	init.lua:83
xpcall	[builtin#21]
init.lua:401	init.lua:403
frame: 000294
system.lua:sleep	system.lua:197
init.lua:run	init.lua:609
main_states.lua:Update	main_states.lua:196
statemanager.lua:Update	statemanager.lua:118
sequencer.lua:Update	sequencer.lua:66
main.lua:155	main.lua:168
sapp_run	[builtin#171]
main.lua:0	main.lua:219
@0x7ff727ef4830	@0x7ff727ef4830
frame: 000295
dirtools.lua:run_popen	dirtools.lua:122
dirtools.lua:list_dir	dirtools.lua:488
init.lua:get_files	init.lua:52
init.lua:get_files	init.lua:69
init.lua:get_files	init.lua:69
init.lua:get_files	init.lua:69
init.lua:33	init.lua:83
xpcall	[builtin#21]
init.lua:401	init.lua:403
frame: 000295
dirtools.lua:run_popen	dirtools.lua:122
dirtools.lua:list_dir	dirtools.lua:496
init.lua:get_files	init.lua:52
init.lua:get_files	init.lua:69
init.lua:get_files	init.lua:69
init.lua:get_files	init.lua:69
init.lua:33	init.lua:83
xpcall	[builtin#21]
init.lua:401	init.lua:403
frame: 000295
dirtools.lua:run_popen	dirtools.lua:120
dirtools.lua:list_dir	dirtools.lua:488
init.lua:get_files	init.lua:52
init.lua:get_files	init.lua:69
init.lua:get_files	init.lua:69
init.lua:get_files	init.lua:69
init.lua:33	init.lua:83
xpcall	[builtin#21]
init.lua:401	init.lua:403
frame: 000295
dirtools.lua:run_popen	dirtools.lua:122
dirtools.lua:list_dir	dirtools.lua:488
init.lua:get_files	init.lua:52
init.lua:get_files	init.lua:69
init.lua:get_files	init.lua:69
init.lua:get_files	init.lua:69
init.lua:33	init.lua:83
xpcall	[builtin#21]
init.lua:401	init.lua:403
frame: 000295
dirtools.lua:run_popen	dirtools.lua:122
dirtools.lua:list_dir	dirtools.lua:496
init.lua:get_files	init.lua:52
init.lua:get_files	init.lua:69
init.lua:get_files	init.lua:69
init.lua:get_files	init.lua:69
init.lua:33	init.lua:83
xpcall	[builtin#21]
init.lua:401	init.lua:403
frame: 000295
system.lua:sleep	system.lua:197
init.lua:run	init.lua:609
main_states.lua:Update	main_states.lua:196
statemanager.lua:Update	statemanager.lua:118
sequencer.lua:Update	sequencer.lua:66
main.lua:155	main.lua:168
sapp_run	[builtin#171]
main.lua:0	main.lua:219
@0x7ff727ef4830	@0x7ff727ef4830
frame: 000296
dirtools.lua:run_popen	dirtools.lua:122
dirtools.lua:list_dir	dirtools.lua:488
init.lua:get_files	init.lua:52
init.lua:get_files	init.lua:69
init.lua:33	init.lua:83
xpcall	[builtin#21]
init.lua:401	init.lua:403
frame: 000296
dirtools.lua:run_popen	dirtools.lua:120
dirtools.lua:list_dir	dirtools.lua:496
init.lua:get_files	init.lua:52
init.lua:get_files	init.lua:69
init.lua:33	init.lua:83
xpcall	[builtin#21]
init.lua:401	init.lua:403
frame: 000296
dirtools.lua:run_popen	dirtools.lua:122
dirtools.lua:list_dir	dirtools.lua:496
init.lua:get_files	init.lua:52
init.lua:get_files	init.lua:69
init.lua:33	init.lua:83
xpcall	[builtin#21]
init.lua:401	init.lua:403
frame: 000296
dirtools.lua:run_popen	dirtools.lua:122
dirtools.lua:list_dir	dirtools.lua:488
init.lua:get_files	init.lua:52
init.lua:get_files	init.lua:69
init.lua:get_files	init.lua:69
init.lua:33	init.lua:83
xpcall	[builtin#21]
init.lua:401	init.lua:403
frame: 000296
dirtools.lua:run_popen	dirtools.lua:122
dirtools.lua:list_dir	dirtools.lua:496
init.lua:get_files	init.lua:52
init.lua:get_files	init.lua:69
init.lua:get_files	init.lua:69
init.lua:33	init.lua:83
xpcall	[builtin#21]
init.lua:401	init.lua:403
frame: 000296
system.lua:sleep	system.lua:197
init.lua:run	init.lua:609
main_states.lua:Update	main_states.lua:196
statemanager.lua:Update	statemanager.lua:118
sequencer.lua:Update	sequencer.lua:66
main.lua:155	main.lua:168
sapp_run	[builtin#171]
main.lua:0	main.lua:219
@0x7ff727ef4830	@0x7ff727ef4830
frame: 000296
main_states.lua:Update	main_states.lua:201
statemanager.lua:Update	statemanager.lua:118
sequencer.lua:Update	sequencer.lua:66
main.lua:155	main.lua:168
sapp_run	[builtin#171]
main.lua:0	main.lua:219
@0x7ff727ef4830	@0x7ff727ef4830
frame: 000297
dirtools.lua:run_popen	dirtools.lua:122
dirtools.lua:list_dir	dirtools.lua:488
init.lua:get_files	init.lua:52
init.lua:get_files	init.lua:69
init.lua:get_files	init.lua:69
init.lua:get_files	init.lua:69
init.lua:33	init.lua:83
xpcall	[builtin#21]
init.lua:401	init.lua:403
frame: 000297
dirtools.lua:run_popen	dirtools.lua:122
dirtools.lua:list_dir	dirtools.lua:496
init.lua:get_files	init.lua:52
init.lua:get_files	init.lua:69
init.lua:get_files	init.lua:69
init.lua:get_files	init.lua:69
init.lua:33	init.lua:83
xpcall	[builtin#21]
init.lua:401	init.lua:403
frame: 000297
dirtools.lua:run_popen	dirtools.lua:120
dirtools.lua:list_dir	dirtools.lua:488
init.lua:get_files	init.lua:52
init.lua:get_files	init.lua:69
init.lua:get_files	init.lua:69
init.lua:get_files	init.lua:69
init.lua:33	init.lua:83
xpcall	[builtin#21]
init.lua:401	init.lua:403
frame: 000297
dirtools.lua:run_popen	dirtools.lua:122
dirtools.lua:list_dir	dirtools.lua:488
init.lua:get_files	init.lua:52
init.lua:get_files	init.lua:69
init.lua:get_files	init.lua:69
init.lua:get_files	init.lua:69
init.lua:33	init.lua:83
xpcall	[builtin#21]
init.lua:401	init.lua:403
frame: 000297
dirtools.lua:run_popen	dirtools.lua:122
dirtools.lua:list_dir	dirtools.lua:496
init.lua:get_files	init.lua:52
init.lua:get_files	init.lua:69
init.lua:get_files	init.lua:69
init.lua:get_files	init.lua:69
init.lua:33	init.lua:83
xpcall	[builtin#21]
init.lua:401	init.lua:403
frame: 000297
system.lua:sleep	system.lua:197
init.lua:run	init.lua:609
main_states.lua:Update	main_states.lua:196
statemanager.lua:Update	statemanager.lua:118
sequencer.lua:Update	sequencer.lua:66
main.lua:155	main.lua:168
sapp_run	[builtin#171]
main.lua:0	main.lua:219
@0x7ff727ef4830	@0x7ff727ef4830
frame: 000298
dirtools.lua:run_popen	dirtools.lua:122
dirtools.lua:list_dir	dirtools.lua:488
init.lua:get_files	init.lua:52
init.lua:get_files	init.lua:69
init.lua:get_files	init.lua:69
init.lua:33	init.lua:83
xpcall	[builtin#21]
init.lua:401	init.lua:403
frame: 000298
dirtools.lua:run_popen	dirtools.lua:120
dirtools.lua:list_dir	dirtools.lua:496
init.lua:get_files	init.lua:52
init.lua:get_files	init.lua:69
init.lua:get_files	init.lua:69
init.lua:33	init.lua:83
xpcall	[builtin#21]
init.lua:401	init.lua:403
frame: 000298
dirtools.lua:run_popen	dirtools.lua:122
dirtools.lua:list_dir	dirtools.lua:496
init.lua:get_files	init.lua:52
init.lua:get_files	init.lua:69
init.lua:get_files	init.lua:69
init.lua:33	init.lua:83
xpcall	[builtin#21]
init.lua:401	init.lua:403
frame: 000298
dirtools.lua:run_popen	dirtools.lua:122
dirtools.lua:list_dir	dirtools.lua:488
init.lua:get_files	init.lua:52
init.lua:get_files	init.lua:69
init.lua:get_files	init.lua:69
init.lua:33	init.lua:83
xpcall	[builtin#21]
init.lua:401	init.lua:403
frame: 000298
dirtools.lua:run_popen	dirtools.lua:123
dirtools.lua:list_dir	dirtools.lua:488
init.lua:get_files	init.lua:52
init.lua:get_files	init.lua:69
init.lua:get_files	init.lua:69
init.lua:33	init.lua:83
xpcall	[builtin#21]
init.lua:401	init.lua:403
frame: 000298
system.lua:sleep	system.lua:197
init.lua:run	init.lua:609
main_states.lua:Update	main_states.lua:196
statemanager.lua:Update	statemanager.lua:118
sequencer.lua:Update	sequencer.lua:66
main.lua:155	main.lua:168
sapp_run	[builtin#171]
main.lua:0	main.lua:219
@0x7ff727ef4830	@0x7ff727ef4830
frame: 000299
dirtools.lua:run_popen	dirtools.lua:120
dirtools.lua:list_dir	dirtools.lua:496
init.lua:get_files	init.lua:52
init.lua:get_files	init.lua:69
init.lua:get_files	init.lua:69
init.lua:33	init.lua:83
xpcall	[builtin#21]
init.lua:401	init.lua:403
frame: 000299
dirtools.lua:run_popen	dirtools.lua:122
dirtools.lua:list_dir	dirtools.lua:496
init.lua:get_files	init.lua:52
init.lua:get_files	init.lua:69
init.lua:get_files	init.lua:69
init.lua:33	init.lua:83
xpcall	[builtin#21]
init.lua:401	init.lua:403
frame: 000299
dirtools.lua:run_popen	dirtools.lua:120
dirtools.lua:list_dir	dirtools.lua:488
init.lua:get_files	init.lua:52
init.lua:get_files	init.lua:69
init.lua:get_files	init.lua:69
init.lua:33	init.lua:83
xpcall	[builtin#21]
init.lua:401	init.lua:403
frame: 000299
dirtools.lua:run_popen	dirtools.lua:122
dirtools.lua:list_dir	dirtools.lua:488
init.lua:get_files	init.lua:52
init.lua:get_files	init.lua:69
init.lua:get_files	init.lua:69
init.lua:33	init.lua:83
xpcall	[builtin#21]
init.lua:401	init.lua:403
frame: 000299
dirtools.lua:run_popen	dirtools.lua:123
dirtools.lua:list_dir	dirtools.lua:488
init.lua:get_files	init.lua:52
init.lua:get_files	init.lua:69
init.lua:get_files	init.lua:69
init.lua:33	init.lua:83
xpcall	[builtin#21]
init.lua:401	init.lua:403
frame: 000299
dirtools.lua:run_popen	dirtools.lua:122
dirtools.lua:list_dir	dirtools.lua:496
init.lua:get_files	init.lua:52
init.lua:get_files	init.lua:69
init.lua:get_files	init.lua:69
init.lua:33	init.lua:83
xpcall	[builtin#21]
init.lua:401	init.lua:403
frame: 000299
main.lua:155	main.lua:178
sapp_run	[builtin#171]
main.lua:0	main.lua:219
@0x7ff727ef4830	@0x7ff727ef4830
frame: 000300
dirtools.lua:run_popen	dirtools.lua:122
dirtools.lua:list_dir	dirtools.lua:488
init.lua:get_files	init.lua:52
init.lua:get_files	init.lua:69
init.lua:get_files	init.lua:69
init.lua:33	init.lua:83
xpcall	[builtin#21]
init.lua:401	init.lua:403
frame: 000300
dirtools.lua:run_popen	dirtools.lua:120
dirtools.lua:list_dir	dirtools.lua:496
init.lua:get_files	init.lua:52
init.lua:get_files	init.lua:69
init.lua:get_files	init.lua:69
init.lua:33	init.lua:83
xpcall	[builtin#21]
init.lua:401	init.lua:403
frame: 000300
dirtools.lua:run_popen	dirtools.lua:122
dirtools.lua:list_dir	dirtools.lua:488
init.lua:get_files	init.lua:52
init.lua:get_files	init.lua:69
init.lua:get_files	init.lua:69
init.lua:get_files	init.lua:69
init.lua:33	init.lua:83
xpcall	[builtin#21]
init.lua:401	init.lua:403
frame: 000300
dirtools.lua:run_popen	dirtools.lua:122
dirtools.lua:list_dir	dirtools.lua:496
init.lua:get_files	init.lua:52
init.lua:get_files	init.lua:69
init.lua:get_files	init.lua:69
init.lua:get_files	init.lua:69
init.lua:33	init.lua:83
xpcall	[builtin#21]
init.lua:401	init.lua:403
frame: 000300
system.lua:sleep	system.lua:197
init.lua:run	init.lua:609
main_states.lua:Update	main_states.lua:196
statemanager.lua:Update	statemanager.lua:118
sequencer.lua:Update	sequencer.lua:66
main.lua:155	main.lua:168
sapp_run	[builtin#171]
main.lua:0	main.lua:219
@0x7ff727ef4830	@0x7ff727ef4830
frame: 000301
dirtools.lua:run_popen	dirtools.lua:122
dirtools.lua:list_dir	dirtools.lua:488
init.lua:get_files	init.lua:52
init.lua:get_files	init.lua:69
init.lua:33	init.lua:83
xpcall	[builtin#21]
init.lua:401	init.lua:403
frame: 000301
dirtools.lua:run_popen	dirtools.lua:122
dirtools.lua:list_dir	dirtools.lua:496
init.lua:get_files	init.lua:52
init.lua:get_files	init.lua:69
init.lua:33	init.lua:83
xpcall	[builtin#21]
init.lua:401	init.lua:403
frame: 000301
dirtools.lua:run_popen	dirtools.lua:120
dirtools.lua:list_dir	dirtools.lua:488
init.lua:get_files	init.lua:52
init.lua:get_files	init.lua:69
init.lua:get_files	init.lua:69
init.lua:33	init.lua:83
xpcall	[builtin#21]
init.lua:401	init.lua:403
frame: 000301
dirtools.lua:run_popen	dirtools.lua:122
dirtools.lua:list_dir	dirtools.lua:488
init.lua:get_files	init.lua:52
init.lua:get_files	init.lua:69
init.lua:get_files	init.lua:69
init.lua:33	init.lua:83
xpcall	[builtin#21]
init.lua:401	init.lua:403
frame: 000301
dirtools.lua:run_popen	dirtools.lua:122
dirtools.lua:list_dir	dirtools.lua:496
init.lua:get_files	init.lua:52
init.lua:get_files	init.lua:69
init.lua:get_files	init.lua:69
init.lua:33	init.lua:83
xpcall	[builtin#21]
init.lua:401	init.lua:403
frame: 000301
dirtools.lua:get_file_info	dirtools.lua:664
init.lua:get_files	init.lua:58
init.lua:get_files	init.lua:69
init.lua:get_files	init.lua:69
init.lua:33	init.lua:83
xpcall	[builtin#21]
init.lua:401	init.lua:403
frame: 000301
system.lua:sleep	system.lua:197
init.lua:run	init.lua:609
main_states.lua:Update	main_states.lua:196
statemanager.lua:Update	statemanager.lua:118
sequencer.lua:Update	sequencer.lua:66
main.lua:155	main.lua:168
sapp_run	[builtin#171]
main.lua:0	main.lua:219
@0x7ff727ef4830	@0x7ff727ef4830
frame: 000302
dirtools.lua:run_popen	dirtools.lua:122
dirtools.lua:list_dir	dirtools.lua:488
init.lua:get_files	init.lua:52
init.lua:get_files	init.lua:69
init.lua:get_files	init.lua:69
init.lua:get_files	init.lua:69
init.lua:33	init.lua:83
xpcall	[builtin#21]
init.lua:401	init.lua:403
frame: 000302
dirtools.lua:run_popen	dirtools.lua:122
dirtools.lua:list_dir	dirtools.lua:496
init.lua:get_files	init.lua:52
init.lua:get_files	init.lua:69
init.lua:get_files	init.lua:69
init.lua:get_files	init.lua:69
init.lua:33	init.lua:83
xpcall	[builtin#21]
init.lua:401	init.lua:403
frame: 000302
dirtools.lua:run_popen	dirtools.lua:122
dirtools.lua:list_dir	dirtools.lua:488
init.lua:get_files	init.lua:52
init.lua:get_files	init.lua:69
init.lua:get_files	init.lua:69
init.lua:get_files	init.lua:69
init.lua:get_files	init.lua:69
init.lua:33	init.lua:83
xpcall	[builtin#21]
init.lua:401	init.lua:403
frame: 000302
dirtools.lua:run_popen	dirtools.lua:120
dirtools.lua:list_dir	dirtools.lua:496
init.lua:get_files	init.lua:52
init.lua:get_files	init.lua:69
init.lua:get_files	init.lua:69
init.lua:get_files	init.lua:69
init.lua:get_files	init.lua:69
init.lua:33	init.lua:83
xpcall	[builtin#21]
init.lua:401	init.lua:403
frame: 000302
dirtools.lua:run_popen	dirtools.lua:122
dirtools.lua:list_dir	dirtools.lua:496
init.lua:get_files	init.lua:52
init.lua:get_files	init.lua:69
init.lua:get_files	init.lua:69
init.lua:get_files	init.lua:69
init.lua:get_files	init.lua:69
init.lua:33	init.lua:83
xpcall	[builtin#21]
init.lua:401	init.lua:403
frame: 000302
dirtools.lua:run_popen	dirtools.lua:122
dirtools.lua:list_dir	dirtools.lua:488
init.lua:get_files	init.lua:52
init.lua:get_files	init.lua:69
init.lua:get_files	init.lua:69
init.lua:get_files	init.lua:69
init.lua:33	init.lua:83
xpcall	[builtin#21]
init.lua:401	init.lua:403
frame: 000302
dirtools.lua:run_popen	dirtools.lua:120
dirtools.lua:list_dir	dirtools.lua:496
init.lua:get_files	init.lua:52
init.lua:get_files	init.lua:69
init.lua:get_files	init.lua:69
init.lua:get_files	init.lua:69
init.lua:33	init.lua:83
xpcall	[builtin#21]
init.lua:401	init.lua:403
frame: 000302
dirtools.lua:run_popen	dirtools.lua:122
dirtools.lua:list_dir	dirtools.lua:496
init.lua:get_files	init.lua:52
init.lua:get_files	init.lua:69
init.lua:get_files	init.lua:69
init.lua:get_files	init.lua:69
init.lua:33	init.lua:83
xpcall	[builtin#21]
init.lua:401	init.lua:403
frame: 000302
main_states.lua:Update	main_states.lua:201
statemanager.lua:Update	statemanager.lua:118
sequencer.lua:Update	sequencer.lua:66
main.lua:155	main.lua:168
sapp_run	[builtin#171]
main.lua:0	main.lua:219
@0x7ff727ef4830	@0x7ff727ef4830
frame: 000303
dirtools.lua:run_popen	dirtools.lua:122
dirtools.lua:list_dir	dirtools.lua:488
init.lua:get_files	init.lua:52
init.lua:get_files	init.lua:69
init.lua:get_files	init.lua:69
init.lua:get_files	init.lua:69
init.lua:33	init.lua:83
xpcall	[builtin#21]
init.lua:401	init.lua:403
frame: 000303
dirtools.lua:run_popen	dirtools.lua:122
dirtools.lua:list_dir	dirtools.lua:496
init.lua:get_files	init.lua:52
init.lua:get_files	init.lua:69
init.lua:get_files	init.lua:69
init.lua:get_files	init.lua:69
init.lua:33	init.lua:83
xpcall	[builtin#21]
init.lua:401	init.lua:403
frame: 000303
dirtools.lua:run_popen	dirtools.lua:120
dirtools.lua:list_dir	dirtools.lua:488
init.lua:get_files	init.lua:52
init.lua:get_files	init.lua:69
init.lua:get_files	init.lua:69
init.lua:get_files	init.lua:69
init.lua:33	init.lua:83
xpcall	[builtin#21]
init.lua:401	init.lua:403
frame: 000303
dirtools.lua:run_popen	dirtools.lua:122
dirtools.lua:list_dir	dirtools.lua:488
init.lua:get_files	init.lua:52
init.lua:get_files	init.lua:69
init.lua:get_files	init.lua:69
init.lua:get_files	init.lua:69
init.lua:33	init.lua:83
xpcall	[builtin#21]
init.lua:401	init.lua:403
frame: 000303
dirtools.lua:run_popen	dirtools.lua:122
dirtools.lua:list_dir	dirtools.lua:496
init.lua:get_files	init.lua:52
init.lua:get_files	init.lua:69
init.lua:get_files	init.lua:69
init.lua:get_files	init.lua:69
init.lua:33	init.lua:83
xpcall	[builtin#21]
init.lua:401	init.lua:403
frame: 000303
dirtools.lua:run_popen	dirtools.lua:123
dirtools.lua:list_dir	dirtools.lua:496
init.lua:get_files	init.lua:52
init.lua:get_files	init.lua:69
init.lua:get_files	init.lua:69
init.lua:get_files	init.lua:69
init.lua:33	init.lua:83
xpcall	[builtin#21]
init.lua:401	init.lua:403
frame: 000303
main_states.lua:79	main_states.lua:82
pcall	[builtin#20]
main_states.lua:Update	main_states.lua:207
statemanager.lua:Update	statemanager.lua:118
sequencer.lua:Update	sequencer.lua:66
main.lua:155	main.lua:168
sapp_run	[builtin#171]
main.lua:0	main.lua:219
@0x7ff727ef4830	@0x7ff727ef4830
frame: 000304
dirtools.lua:run_popen	dirtools.lua:122
dirtools.lua:list_dir	dirtools.lua:488
init.lua:get_files	init.lua:52
init.lua:get_files	init.lua:69
init.lua:get_files	init.lua:69
init.lua:33	init.lua:83
xpcall	[builtin#21]
init.lua:401	init.lua:403
frame: 000304
dirtools.lua:run_popen	dirtools.lua:122
dirtools.lua:list_dir	dirtools.lua:496
init.lua:get_files	init.lua:52
init.lua:get_files	init.lua:69
init.lua:get_files	init.lua:69
init.lua:33	init.lua:83
xpcall	[builtin#21]
init.lua:401	init.lua:403
frame: 000304
dirtools.lua:run_popen	dirtools.lua:120
dirtools.lua:list_dir	dirtools.lua:488
init.lua:get_files	init.lua:52
init.lua:get_files	init.lua:69
init.lua:get_files	init.lua:69
init.lua:33	init.lua:83
xpcall	[builtin#21]
init.lua:401	init.lua:403
frame: 000304
dirtools.lua:run_popen	dirtools.lua:123
dirtools.lua:list_dir	dirtools.lua:488
init.lua:get_files	init.lua:52
init.lua:get_files	init.lua:69
init.lua:get_files	init.lua:69
init.lua:33	init.lua:83
xpcall	[builtin#21]
init.lua:401	init.lua:403
frame: 000304
dirtools.lua:run_popen	dirtools.lua:122
dirtools.lua:list_dir	dirtools.lua:496
init.lua:get_files	init.lua:52
init.lua:get_files	init.lua:69
init.lua:get_files	init.lua:69
init.lua:33	init.lua:83
xpcall	[builtin#21]
init.lua:401	init.lua:403
frame: 000304
init.lua:push_clip_rect	init.lua:327
node.lua:665	node.lua:672
node.lua:propagate	node.lua:81
node.lua:665	node.lua:679
node.lua:propagate	node.lua:81
node.lua:665	node.lua:679
node.lua:propagate	node.lua:81
node.lua:draw	node.lua:679
rootview.lua:draw	rootview.lua:570
autocomplete.lua:draw	autocomplete.lua:238
frame: 000305
dirtools.lua:run_popen	dirtools.lua:122
dirtools.lua:list_dir	dirtools.lua:488
init.lua:get_files	init.lua:52
init.lua:get_files	init.lua:69
init.lua:get_files	init.lua:69
init.lua:get_files	init.lua:69
init.lua:33	init.lua:83
xpcall	[builtin#21]
init.lua:401	init.lua:403
frame: 000305
dirtools.lua:run_popen	dirtools.lua:120
dirtools.lua:list_dir	dirtools.lua:496
init.lua:get_files	init.lua:52
init.lua:get_files	init.lua:69
init.lua:get_files	init.lua:69
init.lua:get_files	init.lua:69
init.lua:33	init.lua:83
xpcall	[builtin#21]
init.lua:401	init.lua:403
frame: 000305
dirtools.lua:run_popen	dirtools.lua:122
dirtools.lua:list_dir	dirtools.lua:496
init.lua:get_files	init.lua:52
init.lua:get_files	init.lua:69
init.lua:get_files	init.lua:69
init.lua:get_files	init.lua:69
init.lua:33	init.lua:83
xpcall	[builtin#21]
init.lua:401	init.lua:403
frame: 000305
dirtools.lua:run_popen	dirtools.lua:122
dirtools.lua:list_dir	dirtools.lua:488
init.lua:get_files	init.lua:52
init.lua:get_files	init.lua:69
init.lua:get_files	init.lua:69
init.lua:get_files	init.lua:69
init.lua:get_files	init.lua:69
init.lua:33	init.lua:83
xpcall	[builtin#21]
init.lua:401	init.lua:403
frame: 000305
dirtools.lua:run_popen	dirtools.lua:122
dirtools.lua:list_dir	dirtools.lua:496
init.lua:get_files	init.lua:52
init.lua:get_files	init.lua:69
init.lua:get_files	init.lua:69
init.lua:get_files	init.lua:69
init.lua:get_files	init.lua:69
init.lua:33	init.lua:83
xpcall	[builtin#21]
init.lua:401	init.lua:403
frame: 000305
system.lua:sleep	system.lua:197
init.lua:run	init.lua:609
main_states.lua:Update	main_states.lua:196
statemanager.lua:Update	statemanager.lua:118
sequencer.lua:Update	sequencer.lua:66
main.lua:155	main.lua:168
sapp_run	[builtin#171]
main.lua:0	main.lua:219
@0x7ff727ef4830	@0x7ff727ef4830
frame: 000306
dirtools.lua:run_popen	dirtools.lua:122
dirtools.lua:list_dir	dirtools.lua:488
init.lua:get_files	init.lua:52
init.lua:get_files	init.lua:69
init.lua:get_files	init.lua:69
init.lua:get_files	init.lua:69
init.lua:get_files	init.lua:69
init.lua:get_files	init.lua:69
init.lua:33	init.lua:83
xpcall	[builtin#21]
frame: 000306
dirtools.lua:run_popen	dirtools.lua:120
dirtools.lua:list_dir	dirtools.lua:496
init.lua:get_files	init.lua:52
init.lua:get_files	init.lua:69
init.lua:get_files	init.lua:69
init.lua:get_files	init.lua:69
init.lua:get_files	init.lua:69
init.lua:get_files	init.lua:69
init.lua:33	init.lua:83
xpcall	[builtin#21]
frame: 000306
dirtools.lua:run_popen	dirtools.lua:122
dirtools.lua:list_dir	dirtools.lua:496
init.lua:get_files	init.lua:52
init.lua:get_files	init.lua:69
init.lua:get_files	init.lua:69
init.lua:get_files	init.lua:69
init.lua:get_files	init.lua:69
init.lua:get_files	init.lua:69
init.lua:33	init.lua:83
xpcall	[builtin#21]
frame: 000306
dirtools.lua:run_popen	dirtools.lua:120
dirtools.lua:list_dir	dirtools.lua:488
init.lua:get_files	init.lua:52
init.lua:get_files	init.lua:69
init.lua:get_files	init.lua:69
init.lua:get_files	init.lua:69
init.lua:get_files	init.lua:69
init.lua:get_files	init.lua:69
init.lua:33	init.lua:83
xpcall	[builtin#21]
frame: 000306
dirtools.lua:run_popen	dirtools.lua:122
dirtools.lua:list_dir	dirtools.lua:488
init.lua:get_files	init.lua:52
init.lua:get_files	init.lua:69
init.lua:get_files	init.lua:69
init.lua:get_files	init.lua:69
init.lua:get_files	init.lua:69
init.lua:get_files	init.lua:69
init.lua:33	init.lua:83
xpcall	[builtin#21]
frame: 000306
dirtools.lua:run_popen	dirtools.lua:122
dirtools.lua:list_dir	dirtools.lua:496
init.lua:get_files	init.lua:52
init.lua:get_files	init.lua:69
init.lua:get_files	init.lua:69
init.lua:get_files	init.lua:69
init.lua:get_files	init.lua:69
init.lua:get_files	init.lua:69
init.lua:33	init.lua:83
xpcall	[builtin#21]
frame: 000306
system.lua:sleep	system.lua:197
init.lua:run	init.lua:609
main_states.lua:Update	main_states.lua:196
statemanager.lua:Update	statemanager.lua:118
sequencer.lua:Update	sequencer.lua:66
main.lua:155	main.lua:168
sapp_run	[builtin#171]
main.lua:0	main.lua:219
@0x7ff727ef4830	@0x7ff727ef4830
frame: 000307
dirtools.lua:run_popen	dirtools.lua:122
dirtools.lua:list_dir	dirtools.lua:488
init.lua:get_files	init.lua:52
init.lua:get_files	init.lua:69
init.lua:get_files	init.lua:69
init.lua:get_files	init.lua:69
init.lua:get_files	init.lua:69
init.lua:get_files	init.lua:69
init.lua:33	init.lua:83
xpcall	[builtin#21]
frame: 000307
dirtools.lua:run_popen	dirtools.lua:120
dirtools.lua:list_dir	dirtools.lua:496
init.lua:get_files	init.lua:52
init.lua:get_files	init.lua:69
init.lua:get_files	init.lua:69
init.lua:get_files	init.lua:69
init.lua:get_files	init.lua:69
init.lua:get_files	init.lua:69
init.lua:33	init.lua:83
xpcall	[builtin#21]
frame: 000307
dirtools.lua:run_popen	dirtools.lua:122
dirtools.lua:list_dir	dirtools.lua:496
init.lua:get_files	init.lua:52
init.lua:get_files	init.lua:69
init.lua:get_files	init.lua:69
init.lua:get_files	init.lua:69
init.lua:get_files	init.lua:69
init.lua:get_files	init.lua:69
init.lua:33	init.lua:83
xpcall	[builtin#21]
frame: 000307
dirtools.lua:run_popen	dirtools.lua:120
dirtools.lua:list_dir	dirtools.lua:488
init.lua:get_files	init.lua:52
init.lua:get_files	init.lua:69
init.lua:get_files	init.lua:69
init.lua:get_files	init.lua:69
init.lua:get_files	init.lua:69
init.lua:get_files	init.lua:69
init.lua:33	init.lua:83
xpcall	[builtin#21]
frame: 000307
dirtools.lua:run_popen	dirtools.lua:122
dirtools.lua:list_dir	dirtools.lua:496
init.lua:get_files	init.lua:52
init.lua:get_files	init.lua:69
init.lua:get_files	init.lua:69
init.lua:get_files	init.lua:69
init.lua:get_files	init.lua:69
init.lua:get_files	init.lua:69
init.lua:33	init.lua:83
xpcall	[builtin#21]
frame: 000307
system.lua:sleep	system.lua:197
init.lua:run	init.lua:609
main_states.lua:Update	main_states.lua:196
statemanager.lua:Update	statemanager.lua:118
sequencer.lua:Update	sequencer.lua:66
main.lua:155	main.lua:168
sapp_run	[builtin#171]
main.lua:0	main.lua:219
@0x7ff727ef4830	@0x7ff727ef4830
frame: 000308
dirtools.lua:run_popen	dirtools.lua:122
dirtools.lua:list_dir	dirtools.lua:488
init.lua:get_files	init.lua:52
init.lua:get_files	init.lua:69
init.lua:get_files	init.lua:69
init.lua:get_files	init.lua:69
init.lua:get_files	init.lua:69
init.lua:get_files	init.lua:69
init.lua:33	init.lua:83
xpcall	[builtin#21]
frame: 000308
dirtools.lua:run_popen	dirtools.lua:122
dirtools.lua:list_dir	dirtools.lua:496
init.lua:get_files	init.lua:52
init.lua:get_files	init.lua:69
init.lua:get_files	init.lua:69
init.lua:get_files	init.lua:69
init.lua:get_files	init.lua:69
init.lua:get_files	init.lua:69
init.lua:33	init.lua:83
xpcall	[builtin#21]
frame: 000308
dirtools.lua:run_popen	dirtools.lua:120
dirtools.lua:list_dir	dirtools.lua:488
init.lua:get_files	init.lua:52
init.lua:get_files	init.lua:69
init.lua:get_files	init.lua:69
init.lua:33	init.lua:83
xpcall	[builtin#21]
init.lua:401	init.lua:403
frame: 000308
dirtools.lua:run_popen	dirtools.lua:122
dirtools.lua:list_dir	dirtools.lua:488
init.lua:get_files	init.lua:52
init.lua:get_files	init.lua:69
init.lua:get_files	init.lua:69
init.lua:33	init.lua:83
xpcall	[builtin#21]
init.lua:401	init.lua:403
frame: 000308
dirtools.lua:run_popen	dirtools.lua:122
dirtools.lua:list_dir	dirtools.lua:496
init.lua:get_files	init.lua:52
init.lua:get_files	init.lua:69
init.lua:get_files	init.lua:69
init.lua:33	init.lua:83
xpcall	[builtin#21]
init.lua:401	init.lua:403
frame: 000308
node.lua:propagate	node.lua:81
node.lua:665	node.lua:679
node.lua:propagate	node.lua:81
node.lua:draw	node.lua:679
rootview.lua:draw	rootview.lua:570
autocomplete.lua:draw	autocomplete.lua:238
init.lua:render	init.lua:513
main_states.lua:custom	main_states.lua:208
main_states.lua:79	main_states.lua:85
pcall	[builtin#20]
frame: 000309
dirtools.lua:run_popen	dirtools.lua:120
dirtools.lua:list_dir	dirtools.lua:496
init.lua:get_files	init.lua:52
init.lua:get_files	init.lua:69
init.lua:get_files	init.lua:69
init.lua:33	init.lua:83
xpcall	[builtin#21]
init.lua:401	init.lua:403
frame: 000309
dirtools.lua:run_popen	dirtools.lua:122
dirtools.lua:list_dir	dirtools.lua:496
init.lua:get_files	init.lua:52
init.lua:get_files	init.lua:69
init.lua:get_files	init.lua:69
init.lua:33	init.lua:83
xpcall	[builtin#21]
init.lua:401	init.lua:403
frame: 000309
dirtools.lua:run_popen	dirtools.lua:122
dirtools.lua:list_dir	dirtools.lua:488
init.lua:get_files	init.lua:52
init.lua:get_files	init.lua:69
init.lua:get_files	init.lua:69
init.lua:33	init.lua:83
xpcall	[builtin#21]
init.lua:401	init.lua:403
frame: 000309
dirtools.lua:run_popen	dirtools.lua:120
dirtools.lua:list_dir	dirtools.lua:496
init.lua:get_files	init.lua:52
init.lua:get_files	init.lua:69
init.lua:get_files	init.lua:69
init.lua:33	init.lua:83
xpcall	[builtin#21]
init.lua:401	init.lua:403
frame: 000309
dirtools.lua:run_popen	dirtools.lua:122
dirtools.lua:list_dir	dirtools.lua:496
init.lua:get_files	init.lua:52
init.lua:get_files	init.lua:69
init.lua:get_files	init.lua:69
init.lua:33	init.lua:83
xpcall	[builtin#21]
init.lua:401	init.lua:403
frame: 000309
renderer.lua:get_width	renderer.lua:240
nuklear.lua:draw_text	nuklear.lua:67
common.lua:draw_text	common.lua:131
sidebar.lua:draw	sidebar.lua:230
node.lua:665	node.lua:673
node.lua:propagate	node.lua:81
node.lua:665	node.lua:679
node.lua:propagate	node.lua:81
node.lua:665	node.lua:679
node.lua:propagate	node.lua:81
frame: 000310
dirtools.lua:run_popen	dirtools.lua:122
dirtools.lua:list_dir	dirtools.lua:488
init.lua:get_files	init.lua:52
init.lua:get_files	init.lua:69
init.lua:get_files	init.lua:69
init.lua:get_files	init.lua:69
init.lua:33	init.lua:83
xpcall	[builtin#21]
init.lua:401	init.lua:403
frame: 000310
dirtools.lua:run_popen	dirtools.lua:120
dirtools.lua:list_dir	dirtools.lua:496
init.lua:get_files	init.lua:52
init.lua:get_files	init.lua:69
init.lua:get_files	init.lua:69
init.lua:get_files	init.lua:69
init.lua:33	init.lua:83
xpcall	[builtin#21]
init.lua:401	init.lua:403
frame: 000310
dirtools.lua:run_popen	dirtools.lua:122
dirtools.lua:list_dir	dirtools.lua:496
init.lua:get_files	init.lua:52
init.lua:get_files	init.lua:69
init.lua:get_files	init.lua:69
init.lua:get_files	init.lua:69
init.lua:33	init.lua:83
xpcall	[builtin#21]
init.lua:401	init.lua:403
frame: 000310
dirtools.lua:run_popen	dirtools.lua:120
dirtools.lua:list_dir	dirtools.lua:488
init.lua:get_files	init.lua:52
init.lua:get_files	init.lua:69
init.lua:get_files	init.lua:69
init.lua:33	init.lua:83
xpcall	[builtin#21]
init.lua:401	init.lua:403
frame: 000310
dirtools.lua:run_popen	dirtools.lua:122
dirtools.lua:list_dir	dirtools.lua:488
init.lua:get_files	init.lua:52
init.lua:get_files	init.lua:69
init.lua:get_files	init.lua:69
init.lua:33	init.lua:83
xpcall	[builtin#21]
init.lua:401	init.lua:403
frame: 000310
dirtools.lua:run_popen	dirtools.lua:122
dirtools.lua:list_dir	dirtools.lua:496
init.lua:get_files	init.lua:52
init.lua:get_files	init.lua:69
init.lua:get_files	init.lua:69
init.lua:33	init.lua:83
xpcall	[builtin#21]
init.lua:401	init.lua:403
frame: 000310
system.lua:sleep	system.lua:197
init.lua:run	init.lua:609
main_states.lua:Update	main_states.lua:196
statemanager.lua:Update	statemanager.lua:118
sequencer.lua:Update	sequencer.lua:66
main.lua:155	main.lua:168
sapp_run	[builtin#171]
main.lua:0	main.lua:219
@0x7ff727ef4830	@0x7ff727ef4830
frame: 000310
sidebar.lua:get_cached	sidebar.lua:115
sidebar.lua:128	sidebar.lua:138
frame: 000311
dirtools.lua:run_popen	dirtools.lua:122
dirtools.lua:list_dir	dirtools.lua:488
init.lua:get_files	init.lua:52
init.lua:get_files	init.lua:69
init.lua:get_files	init.lua:69
init.lua:get_files	init.lua:69
init.lua:33	init.lua:83
xpcall	[builtin#21]
init.lua:401	init.lua:403
frame: 000311
dirtools.lua:run_popen	dirtools.lua:122
dirtools.lua:list_dir	dirtools.lua:496
init.lua:get_files	init.lua:52
init.lua:get_files	init.lua:69
init.lua:get_files	init.lua:69
init.lua:get_files	init.lua:69
init.lua:33	init.lua:83
xpcall	[builtin#21]
init.lua:401	init.lua:403
frame: 000311
dirtools.lua:run_popen	dirtools.lua:122
dirtools.lua:list_dir	dirtools.lua:488
init.lua:get_files	init.lua:52
init.lua:get_files	init.lua:69
init.lua:get_files	init.lua:69
init.lua:get_files	init.lua:69
init.lua:33	init.lua:83
xpcall	[builtin#21]
init.lua:401	init.lua:403
frame: 000311
dirtools.lua:run_popen	dirtools.lua:122
dirtools.lua:list_dir	dirtools.lua:496
init.lua:get_files	init.lua:52
init.lua:get_files	init.lua:69
init.lua:get_files	init.lua:69
init.lua:get_files	init.lua:69
init.lua:33	init.lua:83
xpcall	[builtin#21]
init.lua:401	init.lua:403
frame: 000311
system.lua:sleep	system.lua:197
init.lua:run	init.lua:609
main_states.lua:Update	main_states.lua:196
statemanager.lua:Update	statemanager.lua:118
sequencer.lua:Update	sequencer.lua:66
main.lua:155	main.lua:168
sapp_run	[builtin#171]
main.lua:0	main.lua:219
@0x7ff727ef4830	@0x7ff727ef4830
frame: 000312
dirtools.lua:run_popen	dirtools.lua:122
dirtools.lua:list_dir	dirtools.lua:488
init.lua:get_files	init.lua:52
init.lua:get_files	init.lua:69
init.lua:get_files	init.lua:69
init.lua:get_files	init.lua:69
init.lua:33	init.lua:83
xpcall	[builtin#21]
init.lua:401	init.lua:403
frame: 000312
dirtools.lua:run_popen	dirtools.lua:122
dirtools.lua:list_dir	dirtools.lua:496
init.lua:get_files	init.lua:52
init.lua:get_files	init.lua:69
init.lua:get_files	init.lua:69
init.lua:get_files	init.lua:69
init.lua:33	init.lua:83
xpcall	[builtin#21]
init.lua:401	init.lua:403
frame: 000312
dirtools.lua:run_popen	dirtools.lua:120
dirtools.lua:list_dir	dirtools.lua:488
init.lua:get_files	init.lua:52
init.lua:get_files	init.lua:69
init.lua:33	init.lua:83
xpcall	[builtin#21]
init.lua:401	init.lua:403
frame: 000312
dirtools.lua:run_popen	dirtools.lua:122
dirtools.lua:list_dir	dirtools.lua:488
init.lua:get_files	init.lua:52
init.lua:get_files	init.lua:69
init.lua:33	init.lua:83
xpcall	[builtin#21]
init.lua:401	init.lua:403
frame: 000312
dirtools.lua:run_popen	dirtools.lua:122
dirtools.lua:list_dir	dirtools.lua:496
init.lua:get_files	init.lua:52
init.lua:get_files	init.lua:69
init.lua:33	init.lua:83
xpcall	[builtin#21]
init.lua:401	init.lua:403
frame: 000312
system.lua:sleep	system.lua:197
init.lua:run	init.lua:609
main_states.lua:Update	main_states.lua:196
statemanager.lua:Update	statemanager.lua:118
sequencer.lua:Update	sequencer.lua:66
main.lua:155	main.lua:168
sapp_run	[builtin#171]
main.lua:0	main.lua:219
@0x7ff727ef4830	@0x7ff727ef4830
frame: 000313
dirtools.lua:run_popen	dirtools.lua:122
dirtools.lua:list_dir	dirtools.lua:488
init.lua:get_files	init.lua:52
init.lua:get_files	init.lua:69
init.lua:get_files	init.lua:69
init.lua:33	init.lua:83
xpcall	[builtin#21]
init.lua:401	init.lua:403
frame: 000313
dirtools.lua:run_popen	dirtools.lua:122
dirtools.lua:list_dir	dirtools.lua:496
init.lua:get_files	init.lua:52
init.lua:get_files	init.lua:69
init.lua:get_files	init.lua:69
init.lua:33	init.lua:83
xpcall	[builtin#21]
init.lua:401	init.lua:403
frame: 000313
dirtools.lua:run_popen	dirtools.lua:120
dirtools.lua:list_dir	dirtools.lua:488
init.lua:get_files	init.lua:52
init.lua:get_files	init.lua:69
init.lua:get_files	init.lua:69
init.lua:33	init.lua:83
xpcall	[builtin#21]
init.lua:401	init.lua:403
frame: 000313
dirtools.lua:run_popen	dirtools.lua:122
dirtools.lua:list_dir	dirtools.lua:488
init.lua:get_files	init.lua:52
init.lua:get_files	init.lua:69
init.lua:get_files	init.lua:69
init.lua:33	init.lua:83
xpcall	[builtin#21]
init.lua:401	init.lua:403
frame: 000313
dirtools.lua:run_popen	dirtools.lua:120
dirtools.lua:list_dir	dirtools.lua:496
init.lua:get_files	init.lua:52
init.lua:get_files	init.lua:69
init.lua:get_files	init.lua:69
init.lua:33	init.lua:83
xpcall	[builtin#21]
init.lua:401	init.lua:403
frame: 000313
dirtools.lua:run_popen	dirtools.lua:122
dirtools.lua:list_dir	dirtools.lua:496
init.lua:get_files	init.lua:52
init.lua:get_files	init.lua:69
init.lua:get_files	init.lua:69
init.lua:33	init.lua:83
xpcall	[builtin#21]
init.lua:401	init.lua:403
frame: 000314
dirtools.lua:run_popen	dirtools.lua:122
dirtools.lua:list_dir	dirtools.lua:488
init.lua:get_files	init.lua:52
init.lua:get_files	init.lua:69
init.lua:33	init.lua:83
xpcall	[builtin#21]
init.lua:401	init.lua:403
frame: 000314
dirtools.lua:run_popen	dirtools.lua:122
dirtools.lua:list_dir	dirtools.lua:496
init.lua:get_files	init.lua:52
init.lua:get_files	init.lua:69
init.lua:33	init.lua:83
xpcall	[builtin#21]
init.lua:401	init.lua:403
frame: 000314
dirtools.lua:run_popen	dirtools.lua:120
dirtools.lua:list_dir	dirtools.lua:488
init.lua:get_files	init.lua:52
init.lua:get_files	init.lua:69
init.lua:33	init.lua:83
xpcall	[builtin#21]
init.lua:401	init.lua:403
frame: 000314
dirtools.lua:run_popen	dirtools.lua:122
dirtools.lua:list_dir	dirtools.lua:488
init.lua:get_files	init.lua:52
init.lua:get_files	init.lua:69
init.lua:33	init.lua:83
xpcall	[builtin#21]
init.lua:401	init.lua:403
frame: 000314
dirtools.lua:run_popen	dirtools.lua:122
dirtools.lua:list_dir	dirtools.lua:496
init.lua:get_files	init.lua:52
init.lua:get_files	init.lua:69
init.lua:33	init.lua:83
xpcall	[builtin#21]
init.lua:401	init.lua:403
frame: 000315
dirtools.lua:run_popen	dirtools.lua:122
dirtools.lua:list_dir	dirtools.lua:488
init.lua:get_files	init.lua:52
init.lua:get_files	init.lua:69
init.lua:33	init.lua:83
xpcall	[builtin#21]
init.lua:401	init.lua:403
frame: 000315
dirtools.lua:run_popen	dirtools.lua:122
dirtools.lua:list_dir	dirtools.lua:496
init.lua:get_files	init.lua:52
init.lua:get_files	init.lua:69
init.lua:33	init.lua:83
xpcall	[builtin#21]
init.lua:401	init.lua:403
frame: 000315
dirtools.lua:run_popen	dirtools.lua:122
dirtools.lua:list_dir	dirtools.lua:488
init.lua:get_files	init.lua:52
init.lua:get_files	init.lua:69
init.lua:get_files	init.lua:69
init.lua:33	init.lua:83
xpcall	[builtin#21]
init.lua:401	init.lua:403
frame: 000315
dirtools.lua:run_popen	dirtools.lua:123
dirtools.lua:list_dir	dirtools.lua:496
init.lua:get_files	init.lua:52
init.lua:get_files	init.lua:69
init.lua:get_files	init.lua:69
init.lua:33	init.lua:83
xpcall	[builtin#21]
init.lua:401	init.lua:403
frame: 000315
system.lua:sleep	system.lua:197
init.lua:run	init.lua:609
main_states.lua:Update	main_states.lua:196
statemanager.lua:Update	statemanager.lua:118
sequencer.lua:Update	sequencer.lua:66
main.lua:155	main.lua:168
sapp_run	[builtin#171]
main.lua:0	main.lua:219
@0x7ff727ef4830	@0x7ff727ef4830
frame: 000316
dirtools.lua:run_popen	dirtools.lua:122
dirtools.lua:list_dir	dirtools.lua:488
init.lua:get_files	init.lua:52
init.lua:get_files	init.lua:69
init.lua:get_files	init.lua:69
init.lua:get_files	init.lua:69
init.lua:33	init.lua:83
xpcall	[builtin#21]
init.lua:401	init.lua:403
frame: 000316
dirtools.lua:run_popen	dirtools.lua:122
dirtools.lua:list_dir	dirtools.lua:496
init.lua:get_files	init.lua:52
init.lua:get_files	init.lua:69
init.lua:get_files	init.lua:69
init.lua:get_files	init.lua:69
init.lua:33	init.lua:83
xpcall	[builtin#21]
init.lua:401	init.lua:403
frame: 000316
dirtools.lua:run_popen	dirtools.lua:120
dirtools.lua:list_dir	dirtools.lua:488
init.lua:get_files	init.lua:52
init.lua:get_files	init.lua:69
init.lua:get_files	init.lua:69
init.lua:get_files	init.lua:69
init.lua:get_files	init.lua:69
init.lua:33	init.lua:83
xpcall	[builtin#21]
init.lua:401	init.lua:403
frame: 000316
dirtools.lua:run_popen	dirtools.lua:122
dirtools.lua:list_dir	dirtools.lua:488
init.lua:get_files	init.lua:52
init.lua:get_files	init.lua:69
init.lua:get_files	init.lua:69
init.lua:get_files	init.lua:69
init.lua:get_files	init.lua:69
init.lua:33	init.lua:83
xpcall	[builtin#21]
init.lua:401	init.lua:403
frame: 000316
dirtools.lua:run_popen	dirtools.lua:122
dirtools.lua:list_dir	dirtools.lua:496
init.lua:get_files	init.lua:52
init.lua:get_files	init.lua:69
init.lua:get_files	init.lua:69
init.lua:get_files	init.lua:69
init.lua:get_files	init.lua:69
init.lua:33	init.lua:83
xpcall	[builtin#21]
init.lua:401	init.lua:403
frame: 000316
system.lua:sleep	system.lua:197
init.lua:run	init.lua:609
main_states.lua:Update	main_states.lua:196
statemanager.lua:Update	statemanager.lua:118
sequencer.lua:Update	sequencer.lua:66
main.lua:155	main.lua:168
sapp_run	[builtin#171]
main.lua:0	main.lua:219
@0x7ff727ef4830	@0x7ff727ef4830
frame: 000317
dirtools.lua:run_popen	dirtools.lua:122
dirtools.lua:list_dir	dirtools.lua:488
init.lua:get_files	init.lua:52
init.lua:get_files	init.lua:69
init.lua:get_files	init.lua:69
init.lua:get_files	init.lua:69
init.lua:get_files	init.lua:69
init.lua:33	init.lua:83
xpcall	[builtin#21]
init.lua:401	init.lua:403
frame: 000317
dirtools.lua:run_popen	dirtools.lua:122
dirtools.lua:list_dir	dirtools.lua:496
init.lua:get_files	init.lua:52
init.lua:get_files	init.lua:69
init.lua:get_files	init.lua:69
init.lua:get_files	init.lua:69
init.lua:get_files	init.lua:69
init.lua:33	init.lua:83
xpcall	[builtin#21]
init.lua:401	init.lua:403
frame: 000317
dirtools.lua:run_popen	dirtools.lua:120
dirtools.lua:list_dir	dirtools.lua:488
init.lua:get_files	init.lua:52
init.lua:get_files	init.lua:69
init.lua:get_files	init.lua:69
init.lua:get_files	init.lua:69
init.lua:get_files	init.lua:69
init.lua:33	init.lua:83
xpcall	[builtin#21]
init.lua:401	init.lua:403
frame: 000317
dirtools.lua:run_popen	dirtools.lua:122
dirtools.lua:list_dir	dirtools.lua:496
init.lua:get_files	init.lua:52
init.lua:get_files	init.lua:69
init.lua:get_files	init.lua:69
init.lua:get_files	init.lua:69
init.lua:get_files	init.lua:69
init.lua:33	init.lua:83
xpcall	[builtin#21]
init.lua:401	init.lua:403
frame: 000317
system.lua:sleep	system.lua:197
init.lua:run	init.lua:609
main_states.lua:Update	main_states.lua:196
statemanager.lua:Update	statemanager.lua:118
sequencer.lua:Update	sequencer.lua:66
main.lua:155	main.lua:168
sapp_run	[builtin#171]
main.lua:0	main.lua:219
@0x7ff727ef4830	@0x7ff727ef4830
frame: 000318
dirtools.lua:run_popen	dirtools.lua:122
dirtools.lua:list_dir	dirtools.lua:488
init.lua:get_files	init.lua:52
init.lua:get_files	init.lua:69
init.lua:get_files	init.lua:69
init.lua:get_files	init.lua:69
init.lua:33	init.lua:83
xpcall	[builtin#21]
init.lua:401	init.lua:403
frame: 000318
dirtools.lua:run_popen	dirtools.lua:122
dirtools.lua:list_dir	dirtools.lua:496
init.lua:get_files	init.lua:52
init.lua:get_files	init.lua:69
init.lua:get_files	init.lua:69
init.lua:get_files	init.lua:69
init.lua:33	init.lua:83
xpcall	[builtin#21]
init.lua:401	init.lua:403
frame: 000318
dirtools.lua:run_popen	dirtools.lua:120
dirtools.lua:list_dir	dirtools.lua:488
init.lua:get_files	init.lua:52
init.lua:get_files	init.lua:69
init.lua:get_files	init.lua:69
init.lua:get_files	init.lua:69
init.lua:get_files	init.lua:69
init.lua:33	init.lua:83
xpcall	[builtin#21]
init.lua:401	init.lua:403
frame: 000318
dirtools.lua:run_popen	dirtools.lua:122
dirtools.lua:list_dir	dirtools.lua:488
init.lua:get_files	init.lua:52
init.lua:get_files	init.lua:69
init.lua:get_files	init.lua:69
init.lua:get_files	init.lua:69
init.lua:get_files	init.lua:69
init.lua:33	init.lua:83
xpcall	[builtin#21]
init.lua:401	init.lua:403
frame: 000318
dirtools.lua:run_popen	dirtools.lua:120
dirtools.lua:list_dir	dirtools.lua:496
init.lua:get_files	init.lua:52
init.lua:get_files	init.lua:69
init.lua:get_files	init.lua:69
init.lua:get_files	init.lua:69
init.lua:get_files	init.lua:69
init.lua:33	init.lua:83
xpcall	[builtin#21]
init.lua:401	init.lua:403
frame: 000318
dirtools.lua:run_popen	dirtools.lua:122
dirtools.lua:list_dir	dirtools.lua:496
init.lua:get_files	init.lua:52
init.lua:get_files	init.lua:69
init.lua:get_files	init.lua:69
init.lua:get_files	init.lua:69
init.lua:get_files	init.lua:69
init.lua:33	init.lua:83
xpcall	[builtin#21]
init.lua:401	init.lua:403
frame: 000318
system.lua:sleep	system.lua:197
init.lua:run	init.lua:609
main_states.lua:Update	main_states.lua:196
statemanager.lua:Update	statemanager.lua:118
sequencer.lua:Update	sequencer.lua:66
main.lua:155	main.lua:168
sapp_run	[builtin#171]
main.lua:0	main.lua:219
@0x7ff727ef4830	@0x7ff727ef4830
frame: 000319
dirtools.lua:run_popen	dirtools.lua:122
dirtools.lua:list_dir	dirtools.lua:488
init.lua:get_files	init.lua:52
init.lua:get_files	init.lua:69
init.lua:get_files	init.lua:69
init.lua:33	init.lua:83
xpcall	[builtin#21]
init.lua:401	init.lua:403
frame: 000319
dirtools.lua:run_popen	dirtools.lua:122
dirtools.lua:list_dir	dirtools.lua:496
init.lua:get_files	init.lua:52
init.lua:get_files	init.lua:69
init.lua:get_files	init.lua:69
init.lua:33	init.lua:83
xpcall	[builtin#21]
init.lua:401	init.lua:403
frame: 000319
dirtools.lua:run_popen	dirtools.lua:120
dirtools.lua:list_dir	dirtools.lua:488
init.lua:get_files	init.lua:52
init.lua:get_files	init.lua:69
init.lua:get_files	init.lua:69
init.lua:get_files	init.lua:69
init.lua:33	init.lua:83
xpcall	[builtin#21]
init.lua:401	init.lua:403
frame: 000319
dirtools.lua:run_popen	dirtools.lua:122
dirtools.lua:list_dir	dirtools.lua:488
init.lua:get_files	init.lua:52
init.lua:get_files	init.lua:69
init.lua:get_files	init.lua:69
init.lua:get_files	init.lua:69
init.lua:33	init.lua:83
xpcall	[builtin#21]
init.lua:401	init.lua:403
frame: 000319
dirtools.lua:run_popen	dirtools.lua:122
dirtools.lua:list_dir	dirtools.lua:496
init.lua:get_files	init.lua:52
init.lua:get_files	init.lua:69
init.lua:get_files	init.lua:69
init.lua:get_files	init.lua:69
init.lua:33	init.lua:83
xpcall	[builtin#21]
init.lua:401	init.lua:403
frame: 000319
dirtools.lua:get_file_info	dirtools.lua:659
init.lua:get_files	init.lua:58
init.lua:get_files	init.lua:69
init.lua:get_files	init.lua:69
init.lua:get_files	init.lua:69
init.lua:33	init.lua:83
xpcall	[builtin#21]
init.lua:401	init.lua:403
frame: 000320
dirtools.lua:run_popen	dirtools.lua:122
dirtools.lua:list_dir	dirtools.lua:488
init.lua:get_files	init.lua:52
init.lua:get_files	init.lua:69
init.lua:get_files	init.lua:69
init.lua:33	init.lua:83
xpcall	[builtin#21]
init.lua:401	init.lua:403
frame: 000320
dirtools.lua:run_popen	dirtools.lua:122
dirtools.lua:list_dir	dirtools.lua:496
init.lua:get_files	init.lua:52
init.lua:get_files	init.lua:69
init.lua:get_files	init.lua:69
init.lua:33	init.lua:83
xpcall	[builtin#21]
init.lua:401	init.lua:403
frame: 000320
dirtools.lua:run_popen	dirtools.lua:120
dirtools.lua:list_dir	dirtools.lua:488
init.lua:get_files	init.lua:52
init.lua:get_files	init.lua:69
init.lua:get_files	init.lua:69
init.lua:33	init.lua:83
xpcall	[builtin#21]
init.lua:401	init.lua:403
frame: 000320
dirtools.lua:run_popen	dirtools.lua:122
dirtools.lua:list_dir	dirtools.lua:496
init.lua:get_files	init.lua:52
init.lua:get_files	init.lua:69
init.lua:get_files	init.lua:69
init.lua:33	init.lua:83
xpcall	[builtin#21]
init.lua:401	init.lua:403
frame: 000320
system.lua:sleep	system.lua:197
init.lua:run	init.lua:609
main_states.lua:Update	main_states.lua:196
statemanager.lua:Update	statemanager.lua:118
sequencer.lua:Update	sequencer.lua:66
main.lua:155	main.lua:168
sapp_run	[builtin#171]
main.lua:0	main.lua:219
@0x7ff727ef4830	@0x7ff727ef4830
frame: 000321
dirtools.lua:run_popen	dirtools.lua:122
dirtools.lua:list_dir	dirtools.lua:488
init.lua:get_files	init.lua:52
init.lua:get_files	init.lua:69
init.lua:get_files	init.lua:69
init.lua:33	init.lua:83
xpcall	[builtin#21]
init.lua:401	init.lua:403
frame: 000321
dirtools.lua:run_popen	dirtools.lua:123
dirtools.lua:list_dir	dirtools.lua:488
init.lua:get_files	init.lua:52
init.lua:get_files	init.lua:69
init.lua:get_files	init.lua:69
init.lua:33	init.lua:83
xpcall	[builtin#21]
init.lua:401	init.lua:403
frame: 000321
dirtools.lua:run_popen	dirtools.lua:122
dirtools.lua:list_dir	dirtools.lua:488
init.lua:get_files	init.lua:52
init.lua:get_files	init.lua:69
init.lua:get_files	init.lua:69
init.lua:get_files	init.lua:69
init.lua:33	init.lua:83
xpcall	[builtin#21]
init.lua:401	init.lua:403
frame: 000321
dirtools.lua:run_popen	dirtools.lua:120
dirtools.lua:list_dir	dirtools.lua:496
init.lua:get_files	init.lua:52
init.lua:get_files	init.lua:69
init.lua:get_files	init.lua:69
init.lua:get_files	init.lua:69
init.lua:33	init.lua:83
xpcall	[builtin#21]
init.lua:401	init.lua:403
frame: 000321
dirtools.lua:run_popen	dirtools.lua:122
dirtools.lua:list_dir	dirtools.lua:496
init.lua:get_files	init.lua:52
init.lua:get_files	init.lua:69
init.lua:get_files	init.lua:69
init.lua:get_files	init.lua:69
init.lua:33	init.lua:83
xpcall	[builtin#21]
init.lua:401	init.lua:403
frame: 000321
system.lua:sleep	system.lua:197
init.lua:run	init.lua:609
main_states.lua:Update	main_states.lua:196
statemanager.lua:Update	statemanager.lua:118
sequencer.lua:Update	sequencer.lua:66
main.lua:155	main.lua:168
sapp_run	[builtin#171]
main.lua:0	main.lua:219
@0x7ff727ef4830	@0x7ff727ef4830
frame: 000322
dirtools.lua:run_popen	dirtools.lua:122
dirtools.lua:list_dir	dirtools.lua:488
init.lua:get_files	init.lua:52
init.lua:get_files	init.lua:69
init.lua:33	init.lua:83
xpcall	[builtin#21]
init.lua:401	init.lua:403
frame: 000322
dirtools.lua:run_popen	dirtools.lua:122
dirtools.lua:list_dir	dirtools.lua:496
init.lua:get_files	init.lua:52
init.lua:get_files	init.lua:69
init.lua:33	init.lua:83
xpcall	[builtin#21]
init.lua:401	init.lua:403
frame: 000322
dirtools.lua:run_popen	dirtools.lua:120
dirtools.lua:list_dir	dirtools.lua:488
init.lua:get_files	init.lua:52
init.lua:get_files	init.lua:69
init.lua:33	init.lua:83
xpcall	[builtin#21]
init.lua:401	init.lua:403
frame: 000322
dirtools.lua:run_popen	dirtools.lua:122
dirtools.lua:list_dir	dirtools.lua:488
init.lua:get_files	init.lua:52
init.lua:get_files	init.lua:69
init.lua:33	init.lua:83
xpcall	[builtin#21]
init.lua:401	init.lua:403
frame: 000322
dirtools.lua:run_popen	dirtools.lua:122
dirtools.lua:list_dir	dirtools.lua:496
init.lua:get_files	init.lua:52
init.lua:get_files	init.lua:69
init.lua:33	init.lua:83
xpcall	[builtin#21]
init.lua:401	init.lua:403
frame: 000322
dirtools.lua:list_dir	dirtools.lua:500
init.lua:get_files	init.lua:52
init.lua:get_files	init.lua:69
init.lua:33	init.lua:83
xpcall	[builtin#21]
init.lua:401	init.lua:403
frame: 000322
system.lua:sleep	system.lua:197
init.lua:run	init.lua:609
main_states.lua:Update	main_states.lua:196
statemanager.lua:Update	statemanager.lua:118
sequencer.lua:Update	sequencer.lua:66
main.lua:155	main.lua:168
sapp_run	[builtin#171]
main.lua:0	main.lua:219
@0x7ff727ef4830	@0x7ff727ef4830
frame: 000323
dirtools.lua:run_popen	dirtools.lua:122
dirtools.lua:list_dir	dirtools.lua:488
init.lua:get_files	init.lua:52
init.lua:get_files	init.lua:69
init.lua:get_files	init.lua:69
init.lua:33	init.lua:83
xpcall	[builtin#21]
init.lua:401	init.lua:403
frame: 000323
dirtools.lua:run_popen	dirtools.lua:120
dirtools.lua:list_dir	dirtools.lua:496
init.lua:get_files	init.lua:52
init.lua:get_files	init.lua:69
init.lua:get_files	init.lua:69
init.lua:33	init.lua:83
xpcall	[builtin#21]
init.lua:401	init.lua:403
frame: 000323
dirtools.lua:run_popen	dirtools.lua:122
dirtools.lua:list_dir	dirtools.lua:496
init.lua:get_files	init.lua:52
init.lua:get_files	init.lua:69
init.lua:get_files	init.lua:69
init.lua:33	init.lua:83
xpcall	[builtin#21]
init.lua:401	init.lua:403
frame: 000323
dirtools.lua:run_popen	dirtools.lua:122
dirtools.lua:list_dir	dirtools.lua:488
init.lua:get_files	init.lua:52
init.lua:get_files	init.lua:69
init.lua:33	init.lua:83
xpcall	[builtin#21]
init.lua:401	init.lua:403
frame: 000323
dirtools.lua:run_popen	dirtools.lua:123
dirtools.lua:list_dir	dirtools.lua:488
init.lua:get_files	init.lua:52
init.lua:get_files	init.lua:69
init.lua:33	init.lua:83
xpcall	[builtin#21]
init.lua:401	init.lua:403
frame: 000323
main_states.lua:Update	main_states.lua:203
statemanager.lua:Update	statemanager.lua:118
sequencer.lua:Update	sequencer.lua:66
main.lua:155	main.lua:168
sapp_run	[builtin#171]
main.lua:0	main.lua:219
@0x7ff727ef4830	@0x7ff727ef4830
frame: 000324
dirtools.lua:run_popen	dirtools.lua:120
dirtools.lua:list_dir	dirtools.lua:496
init.lua:get_files	init.lua:52
init.lua:get_files	init.lua:69
init.lua:get_files	init.lua:69
init.lua:33	init.lua:83
xpcall	[builtin#21]
init.lua:401	init.lua:403
frame: 000324
dirtools.lua:run_popen	dirtools.lua:122
dirtools.lua:list_dir	dirtools.lua:496
init.lua:get_files	init.lua:52
init.lua:get_files	init.lua:69
init.lua:get_files	init.lua:69
init.lua:33	init.lua:83
xpcall	[builtin#21]
init.lua:401	init.lua:403
frame: 000324
dirtools.lua:run_popen	dirtools.lua:122
dirtools.lua:list_dir	dirtools.lua:488
init.lua:get_files	init.lua:52
init.lua:get_files	init.lua:69
init.lua:get_files	init.lua:69
init.lua:33	init.lua:83
xpcall	[builtin#21]
init.lua:401	init.lua:403
frame: 000324
dirtools.lua:run_popen	dirtools.lua:122
dirtools.lua:list_dir	dirtools.lua:496
init.lua:get_files	init.lua:52
init.lua:get_files	init.lua:69
init.lua:get_files	init.lua:69
init.lua:33	init.lua:83
xpcall	[builtin#21]
init.lua:401	init.lua:403
frame: 000324
main_states.lua:Update	main_states.lua:204
statemanager.lua:Update	statemanager.lua:118
sequencer.lua:Update	sequencer.lua:66
main.lua:155	main.lua:168
sapp_run	[builtin#171]
main.lua:0	main.lua:219
@0x7ff727ef4830	@0x7ff727ef4830
frame: 000325
dirtools.lua:run_popen	dirtools.lua:122
dirtools.lua:list_dir	dirtools.lua:488
init.lua:get_files	init.lua:52
init.lua:get_files	init.lua:69
init.lua:get_files	init.lua:69
init.lua:get_files	init.lua:69
init.lua:33	init.lua:83
xpcall	[builtin#21]
init.lua:401	init.lua:403
frame: 000325
dirtools.lua:run_popen	dirtools.lua:120
dirtools.lua:list_dir	dirtools.lua:496
init.lua:get_files	init.lua:52
init.lua:get_files	init.lua:69
init.lua:get_files	init.lua:69
init.lua:get_files	init.lua:69
init.lua:33	init.lua:83
xpcall	[builtin#21]
init.lua:401	init.lua:403
frame: 000325
dirtools.lua:run_popen	dirtools.lua:122
dirtools.lua:list_dir	dirtools.lua:496
init.lua:get_files	init.lua:52
init.lua:get_files	init.lua:69
init.lua:get_files	init.lua:69
init.lua:get_files	init.lua:69
init.lua:33	init.lua:83
xpcall	[builtin#21]
init.lua:401	init.lua:403
frame: 000325
dirtools.lua:run_popen	dirtools.lua:122
dirtools.lua:list_dir	dirtools.lua:488
init.lua:get_files	init.lua:52
init.lua:get_files	init.lua:69
init.lua:get_files	init.lua:69
init.lua:get_files	init.lua:69
init.lua:33	init.lua:83
xpcall	[builtin#21]
init.lua:401	init.lua:403
frame: 000325
dirtools.lua:run_popen	dirtools.lua:122
dirtools.lua:list_dir	dirtools.lua:496
init.lua:get_files	init.lua:52
init.lua:get_files	init.lua:69
init.lua:get_files	init.lua:69
init.lua:get_files	init.lua:69
init.lua:33	init.lua:83
xpcall	[builtin#21]
init.lua:401	init.lua:403
frame: 000325
system.lua:sleep	system.lua:197
init.lua:run	init.lua:609
main_states.lua:Update	main_states.lua:196
statemanager.lua:Update	statemanager.lua:118
sequencer.lua:Update	sequencer.lua:66
main.lua:155	main.lua:168
sapp_run	[builtin#171]
main.lua:0	main.lua:219
@0x7ff727ef4830	@0x7ff727ef4830
frame: 000326
dirtools.lua:run_popen	dirtools.lua:120
dirtools.lua:list_dir	dirtools.lua:496
init.lua:get_files	init.lua:52
init.lua:get_files	init.lua:69
init.lua:get_files	init.lua:69
init.lua:get_files	init.lua:69
init.lua:get_files	init.lua:69
init.lua:33	init.lua:83
xpcall	[builtin#21]
init.lua:401	init.lua:403
frame: 000326
dirtools.lua:run_popen	dirtools.lua:122
dirtools.lua:list_dir	dirtools.lua:496
init.lua:get_files	init.lua:52
init.lua:get_files	init.lua:69
init.lua:get_files	init.lua:69
init.lua:get_files	init.lua:69
init.lua:get_files	init.lua:69
init.lua:33	init.lua:83
xpcall	[builtin#21]
init.lua:401	init.lua:403
frame: 000326
dirtools.lua:run_popen	dirtools.lua:122
dirtools.lua:list_dir	dirtools.lua:488
init.lua:get_files	init.lua:52
init.lua:get_files	init.lua:69
init.lua:get_files	init.lua:69
init.lua:get_files	init.lua:69
init.lua:get_files	init.lua:69
init.lua:get_files	init.lua:69
init.lua:33	init.lua:83
xpcall	[builtin#21]
frame: 000326
dirtools.lua:run_popen	dirtools.lua:120
dirtools.lua:list_dir	dirtools.lua:496
init.lua:get_files	init.lua:52
init.lua:get_files	init.lua:69
init.lua:get_files	init.lua:69
init.lua:get_files	init.lua:69
init.lua:get_files	init.lua:69
init.lua:get_files	init.lua:69
init.lua:33	init.lua:83
xpcall	[builtin#21]
frame: 000326
dirtools.lua:run_popen	dirtools.lua:122
dirtools.lua:list_dir	dirtools.lua:496
init.lua:get_files	init.lua:52
init.lua:get_files	init.lua:69
init.lua:get_files	init.lua:69
init.lua:get_files	init.lua:69
init.lua:get_files	init.lua:69
init.lua:get_files	init.lua:69
init.lua:33	init.lua:83
xpcall	[builtin#21]
frame: 000326
main.lua:155	main.lua:178
sapp_run	[builtin#171]
main.lua:0	main.lua:219
@0x7ff727ef4830	@0x7ff727ef4830
frame: 000327
dirtools.lua:run_popen	dirtools.lua:122
dirtools.lua:list_dir	dirtools.lua:488
init.lua:get_files	init.lua:52
init.lua:get_files	init.lua:69
init.lua:get_files	init.lua:69
init.lua:get_files	init.lua:69
init.lua:get_files	init.lua:69
init.lua:get_files	init.lua:69
init.lua:33	init.lua:83
xpcall	[builtin#21]
frame: 000327
dirtools.lua:run_popen	dirtools.lua:120
dirtools.lua:list_dir	dirtools.lua:496
init.lua:get_files	init.lua:52
init.lua:get_files	init.lua:69
init.lua:get_files	init.lua:69
init.lua:get_files	init.lua:69
init.lua:get_files	init.lua:69
init.lua:get_files	init.lua:69
init.lua:33	init.lua:83
xpcall	[builtin#21]
frame: 000327
dirtools.lua:run_popen	dirtools.lua:122
dirtools.lua:list_dir	dirtools.lua:496
init.lua:get_files	init.lua:52
init.lua:get_files	init.lua:69
init.lua:get_files	init.lua:69
init.lua:get_files	init.lua:69
init.lua:get_files	init.lua:69
init.lua:get_files	init.lua:69
init.lua:33	init.lua:83
xpcall	[builtin#21]
frame: 000327
dirtools.lua:run_popen	dirtools.lua:122
dirtools.lua:list_dir	dirtools.lua:488
init.lua:get_files	init.lua:52
init.lua:get_files	init.lua:69
init.lua:get_files	init.lua:69
init.lua:get_files	init.lua:69
init.lua:get_files	init.lua:69
init.lua:get_files	init.lua:69
init.lua:33	init.lua:83
xpcall	[builtin#21]
frame: 000327
dirtools.lua:run_popen	dirtools.lua:123
dirtools.lua:list_dir	dirtools.lua:488
init.lua:get_files	init.lua:52
init.lua:get_files	init.lua:69
init.lua:get_files	init.lua:69
init.lua:get_files	init.lua:69
init.lua:get_files	init.lua:69
init.lua:get_files	init.lua:69
init.lua:33	init.lua:83
xpcall	[builtin#21]
frame: 000327
system.lua:sleep	system.lua:197
init.lua:run	init.lua:609
main_states.lua:Update	main_states.lua:196
statemanager.lua:Update	statemanager.lua:118
sequencer.lua:Update	sequencer.lua:66
main.lua:155	main.lua:168
sapp_run	[builtin#171]
main.lua:0	main.lua:219
@0x7ff727ef4830	@0x7ff727ef4830
frame: 000327
main.lua:155	main.lua:178
sapp_run	[builtin#171]
main.lua:0	main.lua:219
@0x7ff727ef4830	@0x7ff727ef4830
frame: 000328
dirtools.lua:run_popen	dirtools.lua:120
dirtools.lua:list_dir	dirtools.lua:496
init.lua:get_files	init.lua:52
init.lua:get_files	init.lua:69
init.lua:get_files	init.lua:69
init.lua:33	init.lua:83
xpcall	[builtin#21]
init.lua:401	init.lua:403
frame: 000328
dirtools.lua:run_popen	dirtools.lua:122
dirtools.lua:list_dir	dirtools.lua:488
init.lua:get_files	init.lua:52
init.lua:get_files	init.lua:69
init.lua:get_files	init.lua:69
init.lua:get_files	init.lua:69
init.lua:33	init.lua:83
xpcall	[builtin#21]
init.lua:401	init.lua:403
frame: 000328
dirtools.lua:run_popen	dirtools.lua:123
dirtools.lua:list_dir	dirtools.lua:488
init.lua:get_files	init.lua:52
init.lua:get_files	init.lua:69
init.lua:get_files	init.lua:69
init.lua:get_files	init.lua:69
init.lua:33	init.lua:83
xpcall	[builtin#21]
init.lua:401	init.lua:403
frame: 000328
system.lua:sleep	system.lua:197
init.lua:run	init.lua:609
main_states.lua:Update	main_states.lua:196
statemanager.lua:Update	statemanager.lua:118
sequencer.lua:Update	sequencer.lua:66
main.lua:155	main.lua:168
sapp_run	[builtin#171]
main.lua:0	main.lua:219
@0x7ff727ef4830	@0x7ff727ef4830
frame: 000329
dirtools.lua:run_popen	dirtools.lua:122
dirtools.lua:list_dir	dirtools.lua:488
init.lua:get_files	init.lua:52
init.lua:get_files	init.lua:69
init.lua:get_files	init.lua:69
init.lua:get_files	init.lua:69
init.lua:get_files	init.lua:69
init.lua:33	init.lua:83
xpcall	[builtin#21]
init.lua:401	init.lua:403
frame: 000329
dirtools.lua:run_popen	dirtools.lua:122
dirtools.lua:list_dir	dirtools.lua:496
init.lua:get_files	init.lua:52
init.lua:get_files	init.lua:69
init.lua:get_files	init.lua:69
init.lua:get_files	init.lua:69
init.lua:get_files	init.lua:69
init.lua:33	init.lua:83
xpcall	[builtin#21]
init.lua:401	init.lua:403
frame: 000329
init.lua:get_files	init.lua:57
init.lua:get_files	init.lua:69
init.lua:get_files	init.lua:69
init.lua:get_files	init.lua:69
init.lua:get_files	init.lua:69
init.lua:33	init.lua:83
xpcall	[builtin#21]
init.lua:401	init.lua:403
frame: 000329
dirtools.lua:run_popen	dirtools.lua:122
dirtools.lua:list_dir	dirtools.lua:488
init.lua:get_files	init.lua:52
init.lua:get_files	init.lua:69
init.lua:get_files	init.lua:69
init.lua:get_files	init.lua:69
init.lua:get_files	init.lua:69
init.lua:get_files	init.lua:69
init.lua:33	init.lua:83
xpcall	[builtin#21]
frame: 000329
dirtools.lua:run_popen	dirtools.lua:120
dirtools.lua:list_dir	dirtools.lua:496
init.lua:get_files	init.lua:52
init.lua:get_files	init.lua:69
init.lua:get_files	init.lua:69
init.lua:get_files	init.lua:69
init.lua:get_files	init.lua:69
init.lua:get_files	init.lua:69
init.lua:33	init.lua:83
xpcall	[builtin#21]
frame: 000329
dirtools.lua:run_popen	dirtools.lua:122
dirtools.lua:list_dir	dirtools.lua:496
init.lua:get_files	init.lua:52
init.lua:get_files	init.lua:69
init.lua:get_files	init.lua:69
init.lua:get_files	init.lua:69
init.lua:get_files	init.lua:69
init.lua:get_files	init.lua:69
init.lua:33	init.lua:83
xpcall	[builtin#21]
frame: 000329
main.lua:155	main.lua:178
sapp_run	[builtin#171]
main.lua:0	main.lua:219
@0x7ff727ef4830	@0x7ff727ef4830
frame: 000330
dirtools.lua:run_popen	dirtools.lua:120
dirtools.lua:list_dir	dirtools.lua:496
init.lua:get_files	init.lua:52
init.lua:get_files	init.lua:69
init.lua:get_files	init.lua:69
init.lua:get_files	init.lua:69
init.lua:get_files	init.lua:69
init.lua:33	init.lua:83
xpcall	[builtin#21]
init.lua:401	init.lua:403
frame: 000330
dirtools.lua:run_popen	dirtools.lua:122
dirtools.lua:list_dir	dirtools.lua:496
init.lua:get_files	init.lua:52
init.lua:get_files	init.lua:69
init.lua:get_files	init.lua:69
init.lua:get_files	init.lua:69
init.lua:get_files	init.lua:69
init.lua:33	init.lua:83
xpcall	[builtin#21]
init.lua:401	init.lua:403
frame: 000330
dirtools.lua:run_popen	dirtools.lua:122
dirtools.lua:list_dir	dirtools.lua:488
init.lua:get_files	init.lua:52
init.lua:get_files	init.lua:69
init.lua:get_files	init.lua:69
init.lua:get_files	init.lua:69
init.lua:get_files	init.lua:69
init.lua:get_files	init.lua:69
init.lua:33	init.lua:83
xpcall	[builtin#21]
frame: 000330
dirtools.lua:run_popen	dirtools.lua:122
dirtools.lua:list_dir	dirtools.lua:496
init.lua:get_files	init.lua:52
init.lua:get_files	init.lua:69
init.lua:get_files	init.lua:69
init.lua:get_files	init.lua:69
init.lua:get_files	init.lua:69
init.lua:get_files	init.lua:69
init.lua:33	init.lua:83
xpcall	[builtin#21]
frame: 000330
system.lua:sleep	system.lua:197
init.lua:run	init.lua:609
main_states.lua:Update	main_states.lua:196
statemanager.lua:Update	statemanager.lua:118
sequencer.lua:Update	sequencer.lua:66
main.lua:155	main.lua:168
sapp_run	[builtin#171]
main.lua:0	main.lua:219
@0x7ff727ef4830	@0x7ff727ef4830
frame: 000331
dirtools.lua:run_popen	dirtools.lua:122
dirtools.lua:list_dir	dirtools.lua:488
init.lua:get_files	init.lua:52
init.lua:get_files	init.lua:69
init.lua:get_files	init.lua:69
init.lua:get_files	init.lua:69
init.lua:get_files	init.lua:69
init.lua:get_files	init.lua:69
init.lua:get_files	init.lua:69
init.lua:33	init.lua:83
frame: 000331
dirtools.lua:run_popen	dirtools.lua:120
dirtools.lua:list_dir	dirtools.lua:496
init.lua:get_files	init.lua:52
init.lua:get_files	init.lua:69
init.lua:get_files	init.lua:69
init.lua:get_files	init.lua:69
init.lua:get_files	init.lua:69
init.lua:get_files	init.lua:69
init.lua:get_files	init.lua:69
init.lua:33	init.lua:83
frame: 000331
dirtools.lua:run_popen	dirtools.lua:122
dirtools.lua:list_dir	dirtools.lua:496
init.lua:get_files	init.lua:52
init.lua:get_files	init.lua:69
init.lua:get_files	init.lua:69
init.lua:get_files	init.lua:69
init.lua:get_files	init.lua:69
init.lua:get_files	init.lua:69
init.lua:get_files	init.lua:69
init.lua:33	init.lua:83
frame: 000331
dirtools.lua:run_popen	dirtools.lua:122
dirtools.lua:list_dir	dirtools.lua:488
init.lua:get_files	init.lua:52
init.lua:get_files	init.lua:69
init.lua:get_files	init.lua:69
init.lua:get_files	init.lua:69
init.lua:get_files	init.lua:69
init.lua:33	init.lua:83
xpcall	[builtin#21]
init.lua:401	init.lua:403
frame: 000331
dirtools.lua:run_popen	dirtools.lua:120
dirtools.lua:list_dir	dirtools.lua:496
init.lua:get_files	init.lua:52
init.lua:get_files	init.lua:69
init.lua:get_files	init.lua:69
init.lua:get_files	init.lua:69
init.lua:get_files	init.lua:69
init.lua:33	init.lua:83
xpcall	[builtin#21]
init.lua:401	init.lua:403
frame: 000331
main_states.lua:Update	main_states.lua:204
statemanager.lua:Update	statemanager.lua:118
sequencer.lua:Update	sequencer.lua:66
main.lua:155	main.lua:168
sapp_run	[builtin#171]
main.lua:0	main.lua:219
@0x7ff727ef4830	@0x7ff727ef4830
frame: 000332
dirtools.lua:run_popen	dirtools.lua:122
dirtools.lua:list_dir	dirtools.lua:488
init.lua:get_files	init.lua:52
init.lua:get_files	init.lua:69
init.lua:get_files	init.lua:69
init.lua:get_files	init.lua:69
init.lua:get_files	init.lua:69
init.lua:get_files	init.lua:69
init.lua:33	init.lua:83
xpcall	[builtin#21]
frame: 000332
dirtools.lua:run_popen	dirtools.lua:120
dirtools.lua:list_dir	dirtools.lua:496
init.lua:get_files	init.lua:52
init.lua:get_files	init.lua:69
init.lua:get_files	init.lua:69
init.lua:get_files	init.lua:69
init.lua:get_files	init.lua:69
init.lua:get_files	init.lua:69
init.lua:33	init.lua:83
xpcall	[builtin#21]
frame: 000332
dirtools.lua:run_popen	dirtools.lua:120
dirtools.lua:list_dir	dirtools.lua:488
init.lua:get_files	init.lua:52
init.lua:get_files	init.lua:69
init.lua:get_files	init.lua:69
init.lua:get_files	init.lua:69
init.lua:get_files	init.lua:69
init.lua:get_files	init.lua:69
init.lua:get_files	init.lua:69
init.lua:33	init.lua:83
frame: 000332
dirtools.lua:run_popen	dirtools.lua:122
dirtools.lua:list_dir	dirtools.lua:488
init.lua:get_files	init.lua:52
init.lua:get_files	init.lua:69
init.lua:get_files	init.lua:69
init.lua:get_files	init.lua:69
init.lua:get_files	init.lua:69
init.lua:get_files	init.lua:69
init.lua:get_files	init.lua:69
init.lua:33	init.lua:83
frame: 000332
dirtools.lua:run_popen	dirtools.lua:122
dirtools.lua:list_dir	dirtools.lua:496
init.lua:get_files	init.lua:52
init.lua:get_files	init.lua:69
init.lua:get_files	init.lua:69
init.lua:get_files	init.lua:69
init.lua:get_files	init.lua:69
init.lua:get_files	init.lua:69
init.lua:get_files	init.lua:69
init.lua:33	init.lua:83
frame: 000332
system.lua:sleep	system.lua:197
init.lua:run	init.lua:609
main_states.lua:Update	main_states.lua:196
statemanager.lua:Update	statemanager.lua:118
sequencer.lua:Update	sequencer.lua:66
main.lua:155	main.lua:168
sapp_run	[builtin#171]
main.lua:0	main.lua:219
@0x7ff727ef4830	@0x7ff727ef4830
frame: 000333
dirtools.lua:run_popen	dirtools.lua:120
dirtools.lua:list_dir	dirtools.lua:488
init.lua:get_files	init.lua:52
init.lua:get_files	init.lua:69
init.lua:get_files	init.lua:69
init.lua:get_files	init.lua:69
init.lua:get_files	init.lua:69
init.lua:get_files	init.lua:69
init.lua:get_files	init.lua:69
init.lua:get_files	init.lua:69
frame: 000333
dirtools.lua:run_popen	dirtools.lua:122
dirtools.lua:list_dir	dirtools.lua:488
init.lua:get_files	init.lua:52
init.lua:get_files	init.lua:69
init.lua:get_files	init.lua:69
init.lua:get_files	init.lua:69
init.lua:get_files	init.lua:69
init.lua:get_files	init.lua:69
init.lua:get_files	init.lua:69
init.lua:get_files	init.lua:69
frame: 000333
dirtools.lua:run_popen	dirtools.lua:122
dirtools.lua:list_dir	dirtools.lua:496
init.lua:get_files	init.lua:52
init.lua:get_files	init.lua:69
init.lua:get_files	init.lua:69
init.lua:get_files	init.lua:69
init.lua:get_files	init.lua:69
init.lua:get_files	init.lua:69
init.lua:get_files	init.lua:69
init.lua:get_files	init.lua:69
frame: 000333
dirtools.lua:run_popen	dirtools.lua:120
dirtools.lua:list_dir	dirtools.lua:488
init.lua:get_files	init.lua:52
init.lua:get_files	init.lua:69
init.lua:get_files	init.lua:69
init.lua:get_files	init.lua:69
init.lua:get_files	init.lua:69
init.lua:get_files	init.lua:69
init.lua:get_files	init.lua:69
init.lua:33	init.lua:83
frame: 000333
dirtools.lua:run_popen	dirtools.lua:122
dirtools.lua:list_dir	dirtools.lua:488
init.lua:get_files	init.lua:52
init.lua:get_files	init.lua:69
init.lua:get_files	init.lua:69
init.lua:get_files	init.lua:69
init.lua:get_files	init.lua:69
init.lua:get_files	init.lua:69
init.lua:get_files	init.lua:69
init.lua:33	init.lua:83
frame: 000333
dirtools.lua:run_popen	dirtools.lua:122
dirtools.lua:list_dir	dirtools.lua:496
init.lua:get_files	init.lua:52
init.lua:get_files	init.lua:69
init.lua:get_files	init.lua:69
init.lua:get_files	init.lua:69
init.lua:get_files	init.lua:69
init.lua:get_files	init.lua:69
init.lua:get_files	init.lua:69
init.lua:33	init.lua:83
frame: 000333
system.lua:sleep	system.lua:197
init.lua:run	init.lua:609
main_states.lua:Update	main_states.lua:196
statemanager.lua:Update	statemanager.lua:118
sequencer.lua:Update	sequencer.lua:66
main.lua:155	main.lua:168
sapp_run	[builtin#171]
main.lua:0	main.lua:219
@0x7ff727ef4830	@0x7ff727ef4830
frame: 000334
dirtools.lua:run_popen	dirtools.lua:122
dirtools.lua:list_dir	dirtools.lua:488
init.lua:get_files	init.lua:52
init.lua:get_files	init.lua:69
init.lua:get_files	init.lua:69
init.lua:get_files	init.lua:69
init.lua:get_files	init.lua:69
init.lua:get_files	init.lua:69
init.lua:get_files	init.lua:69
init.lua:get_files	init.lua:69
frame: 000334
dirtools.lua:run_popen	dirtools.lua:120
dirtools.lua:list_dir	dirtools.lua:496
init.lua:get_files	init.lua:52
init.lua:get_files	init.lua:69
init.lua:get_files	init.lua:69
init.lua:get_files	init.lua:69
init.lua:get_files	init.lua:69
init.lua:get_files	init.lua:69
init.lua:get_files	init.lua:69
init.lua:get_files	init.lua:69
frame: 000334
dirtools.lua:run_popen	dirtools.lua:122
dirtools.lua:list_dir	dirtools.lua:496
init.lua:get_files	init.lua:52
init.lua:get_files	init.lua:69
init.lua:get_files	init.lua:69
init.lua:get_files	init.lua:69
init.lua:get_files	init.lua:69
init.lua:get_files	init.lua:69
init.lua:get_files	init.lua:69
init.lua:get_files	init.lua:69
frame: 000334
dirtools.lua:run_popen	dirtools.lua:122
dirtools.lua:list_dir	dirtools.lua:488
init.lua:get_files	init.lua:52
init.lua:get_files	init.lua:69
init.lua:get_files	init.lua:69
init.lua:get_files	init.lua:69
init.lua:get_files	init.lua:69
init.lua:get_files	init.lua:69
init.lua:get_files	init.lua:69
init.lua:get_files	init.lua:69
frame: 000334
dirtools.lua:run_popen	dirtools.lua:120
dirtools.lua:list_dir	dirtools.lua:496
init.lua:get_files	init.lua:52
init.lua:get_files	init.lua:69
init.lua:get_files	init.lua:69
init.lua:get_files	init.lua:69
init.lua:get_files	init.lua:69
init.lua:get_files	init.lua:69
init.lua:get_files	init.lua:69
init.lua:get_files	init.lua:69
frame: 000334
dirtools.lua:run_popen	dirtools.lua:122
dirtools.lua:list_dir	dirtools.lua:496
init.lua:get_files	init.lua:52
init.lua:get_files	init.lua:69
init.lua:get_files	init.lua:69
init.lua:get_files	init.lua:69
init.lua:get_files	init.lua:69
init.lua:get_files	init.lua:69
init.lua:get_files	init.lua:69
init.lua:get_files	init.lua:69
frame: 000334
main_states.lua:Update	main_states.lua:196
statemanager.lua:Update	statemanager.lua:118
sequencer.lua:Update	sequencer.lua:66
main.lua:155	main.lua:168
sapp_run	[builtin#171]
main.lua:0	main.lua:219
@0x7ff727ef4830	@0x7ff727ef4830
frame: 000335
dirtools.lua:run_popen	dirtools.lua:122
dirtools.lua:list_dir	dirtools.lua:488
init.lua:get_files	init.lua:52
init.lua:get_files	init.lua:69
init.lua:get_files	init.lua:69
init.lua:33	init.lua:83
xpcall	[builtin#21]
init.lua:401	init.lua:403
frame: 000335
dirtools.lua:run_popen	dirtools.lua:120
dirtools.lua:list_dir	dirtools.lua:496
init.lua:get_files	init.lua:52
init.lua:get_files	init.lua:69
init.lua:get_files	init.lua:69
init.lua:33	init.lua:83
xpcall	[builtin#21]
init.lua:401	init.lua:403
frame: 000335
dirtools.lua:run_popen	dirtools.lua:122
dirtools.lua:list_dir	dirtools.lua:496
init.lua:get_files	init.lua:52
init.lua:get_files	init.lua:69
init.lua:get_files	init.lua:69
init.lua:33	init.lua:83
xpcall	[builtin#21]
init.lua:401	init.lua:403
frame: 000335
dirtools.lua:run_popen	dirtools.lua:122
dirtools.lua:list_dir	dirtools.lua:488
init.lua:get_files	init.lua:52
init.lua:get_files	init.lua:69
init.lua:get_files	init.lua:69
init.lua:get_files	init.lua:69
init.lua:33	init.lua:83
xpcall	[builtin#21]
init.lua:401	init.lua:403
frame: 000335
dirtools.lua:run_popen	dirtools.lua:122
dirtools.lua:list_dir	dirtools.lua:496
init.lua:get_files	init.lua:52
init.lua:get_files	init.lua:69
init.lua:get_files	init.lua:69
init.lua:get_files	init.lua:69
init.lua:33	init.lua:83
xpcall	[builtin#21]
init.lua:401	init.lua:403
frame: 000335
system.lua:sleep	system.lua:197
init.lua:run	init.lua:609
main_states.lua:Update	main_states.lua:196
statemanager.lua:Update	statemanager.lua:118
sequencer.lua:Update	sequencer.lua:66
main.lua:155	main.lua:168
sapp_run	[builtin#171]
main.lua:0	main.lua:219
@0x7ff727ef4830	@0x7ff727ef4830
frame: 000336
dirtools.lua:run_popen	dirtools.lua:120
dirtools.lua:list_dir	dirtools.lua:496
init.lua:get_files	init.lua:52
init.lua:get_files	init.lua:69
init.lua:get_files	init.lua:69
init.lua:get_files	init.lua:69
init.lua:33	init.lua:83
xpcall	[builtin#21]
init.lua:401	init.lua:403
frame: 000336
dirtools.lua:run_popen	dirtools.lua:122
dirtools.lua:list_dir	dirtools.lua:496
init.lua:get_files	init.lua:52
init.lua:get_files	init.lua:69
init.lua:get_files	init.lua:69
init.lua:get_files	init.lua:69
init.lua:33	init.lua:83
xpcall	[builtin#21]
init.lua:401	init.lua:403
frame: 000336
dirtools.lua:run_popen	dirtools.lua:122
dirtools.lua:list_dir	dirtools.lua:488
init.lua:get_files	init.lua:52
init.lua:get_files	init.lua:69
init.lua:get_files	init.lua:69
init.lua:get_files	init.lua:69
init.lua:33	init.lua:83
xpcall	[builtin#21]
init.lua:401	init.lua:403
frame: 000336
dirtools.lua:run_popen	dirtools.lua:122
dirtools.lua:list_dir	dirtools.lua:496
init.lua:get_files	init.lua:52
init.lua:get_files	init.lua:69
init.lua:get_files	init.lua:69
init.lua:get_files	init.lua:69
init.lua:33	init.lua:83
xpcall	[builtin#21]
init.lua:401	init.lua:403
frame: 000336
system.lua:events_clear	system.lua:78
init.lua:run	init.lua:610
main_states.lua:Update	main_states.lua:196
statemanager.lua:Update	statemanager.lua:118
sequencer.lua:Update	sequencer.lua:66
main.lua:155	main.lua:168
sapp_run	[builtin#171]
main.lua:0	main.lua:219
@0x7ff727ef4830	@0x7ff727ef4830
frame: 000337
dirtools.lua:run_popen	dirtools.lua:122
dirtools.lua:list_dir	dirtools.lua:488
init.lua:get_files	init.lua:52
init.lua:get_files	init.lua:69
init.lua:get_files	init.lua:69
init.lua:get_files	init.lua:69
init.lua:33	init.lua:83
xpcall	[builtin#21]
init.lua:401	init.lua:403
frame: 000337
dirtools.lua:run_popen	dirtools.lua:120
dirtools.lua:list_dir	dirtools.lua:496
init.lua:get_files	init.lua:52
init.lua:get_files	init.lua:69
init.lua:get_files	init.lua:69
init.lua:get_files	init.lua:69
init.lua:33	init.lua:83
xpcall	[builtin#21]
init.lua:401	init.lua:403
frame: 000337
dirtools.lua:run_popen	dirtools.lua:122
dirtools.lua:list_dir	dirtools.lua:496
init.lua:get_files	init.lua:52
init.lua:get_files	init.lua:69
init.lua:get_files	init.lua:69
init.lua:get_files	init.lua:69
init.lua:33	init.lua:83
xpcall	[builtin#21]
init.lua:401	init.lua:403
frame: 000337
dirtools.lua:run_popen	dirtools.lua:122
dirtools.lua:list_dir	dirtools.lua:488
init.lua:get_files	init.lua:52
init.lua:get_files	init.lua:69
init.lua:get_files	init.lua:69
init.lua:33	init.lua:83
xpcall	[builtin#21]
init.lua:401	init.lua:403
frame: 000337
dirtools.lua:run_popen	dirtools.lua:120
dirtools.lua:list_dir	dirtools.lua:496
init.lua:get_files	init.lua:52
init.lua:get_files	init.lua:69
init.lua:get_files	init.lua:69
init.lua:33	init.lua:83
xpcall	[builtin#21]
init.lua:401	init.lua:403
frame: 000337
dirtools.lua:run_popen	dirtools.lua:122
dirtools.lua:list_dir	dirtools.lua:496
init.lua:get_files	init.lua:52
init.lua:get_files	init.lua:69
init.lua:get_files	init.lua:69
init.lua:33	init.lua:83
xpcall	[builtin#21]
init.lua:401	init.lua:403
frame: 000337
system.lua:sleep	system.lua:197
init.lua:run	init.lua:609
main_states.lua:Update	main_states.lua:196
statemanager.lua:Update	statemanager.lua:118
sequencer.lua:Update	sequencer.lua:66
main.lua:155	main.lua:168
sapp_run	[builtin#171]
main.lua:0	main.lua:219
@0x7ff727ef4830	@0x7ff727ef4830
frame: 000338
system.lua:sleep	system.lua:197
init.lua:run	init.lua:609
main_states.lua:Update	main_states.lua:196
statemanager.lua:Update	statemanager.lua:118
sequencer.lua:Update	sequencer.lua:66
main.lua:155	main.lua:168
sapp_run	[builtin#171]
main.lua:0	main.lua:219
@0x7ff727ef4830	@0x7ff727ef4830
frame: 000339
system.lua:sleep	system.lua:197
init.lua:run	init.lua:609
main_states.lua:Update	main_states.lua:196
statemanager.lua:Update	statemanager.lua:118
sequencer.lua:Update	sequencer.lua:66
main.lua:155	main.lua:168
sapp_run	[builtin#171]
main.lua:0	main.lua:219
@0x7ff727ef4830	@0x7ff727ef4830
frame: 000340
system.lua:sleep	system.lua:197
init.lua:run	init.lua:609
main_states.lua:Update	main_states.lua:196
statemanager.lua:Update	statemanager.lua:118
sequencer.lua:Update	sequencer.lua:66
main.lua:155	main.lua:168
sapp_run	[builtin#171]
main.lua:0	main.lua:219
@0x7ff727ef4830	@0x7ff727ef4830
frame: 000341
system.lua:sleep	system.lua:197
init.lua:run	init.lua:609
main_states.lua:Update	main_states.lua:196
statemanager.lua:Update	statemanager.lua:118
sequencer.lua:Update	sequencer.lua:66
main.lua:155	main.lua:168
sapp_run	[builtin#171]
main.lua:0	main.lua:219
@0x7ff727ef4830	@0x7ff727ef4830
frame: 000342
system.lua:sleep	system.lua:197
init.lua:run	init.lua:609
main_states.lua:Update	main_states.lua:196
statemanager.lua:Update	statemanager.lua:118
sequencer.lua:Update	sequencer.lua:66
main.lua:155	main.lua:168
sapp_run	[builtin#171]
main.lua:0	main.lua:219
@0x7ff727ef4830	@0x7ff727ef4830
frame: 000343
system.lua:sleep	system.lua:197
init.lua:run	init.lua:609
main_states.lua:Update	main_states.lua:196
statemanager.lua:Update	statemanager.lua:118
sequencer.lua:Update	sequencer.lua:66
main.lua:155	main.lua:168
sapp_run	[builtin#171]
main.lua:0	main.lua:219
@0x7ff727ef4830	@0x7ff727ef4830
frame: 000344
system.lua:sleep	system.lua:197
init.lua:run	init.lua:609
main_states.lua:Update	main_states.lua:196
statemanager.lua:Update	statemanager.lua:118
sequencer.lua:Update	sequencer.lua:66
main.lua:155	main.lua:168
sapp_run	[builtin#171]
main.lua:0	main.lua:219
@0x7ff727ef4830	@0x7ff727ef4830
frame: 000345
system.lua:sleep	system.lua:197
init.lua:run	init.lua:609
main_states.lua:Update	main_states.lua:196
statemanager.lua:Update	statemanager.lua:118
sequencer.lua:Update	sequencer.lua:66
main.lua:155	main.lua:168
sapp_run	[builtin#171]
main.lua:0	main.lua:219
@0x7ff727ef4830	@0x7ff727ef4830
frame: 000345
main.lua:155	main.lua:178
sapp_run	[builtin#171]
main.lua:0	main.lua:219
@0x7ff727ef4830	@0x7ff727ef4830
frame: 000346
system.lua:sleep	system.lua:197
init.lua:run	init.lua:609
main_states.lua:Update	main_states.lua:196
statemanager.lua:Update	statemanager.lua:118
sequencer.lua:Update	sequencer.lua:66
main.lua:155	main.lua:168
sapp_run	[builtin#171]
main.lua:0	main.lua:219
@0x7ff727ef4830	@0x7ff727ef4830
frame: 000347
system.lua:sleep	system.lua:197
init.lua:run	init.lua:609
main_states.lua:Update	main_states.lua:196
statemanager.lua:Update	statemanager.lua:118
sequencer.lua:Update	sequencer.lua:66
main.lua:155	main.lua:168
sapp_run	[builtin#171]
main.lua:0	main.lua:219
@0x7ff727ef4830	@0x7ff727ef4830
frame: 000348
system.lua:sleep	system.lua:197
init.lua:run	init.lua:609
main_states.lua:Update	main_states.lua:196
statemanager.lua:Update	statemanager.lua:118
sequencer.lua:Update	sequencer.lua:66
main.lua:155	main.lua:168
sapp_run	[builtin#171]
main.lua:0	main.lua:219
@0x7ff727ef4830	@0x7ff727ef4830
frame: 000348
main_states.lua:Render	main_states.lua:219
statemanager.lua:Render	statemanager.lua:141
sequencer.lua:Render	sequencer.lua:72
main.lua:155	main.lua:178
sapp_run	[builtin#171]
main.lua:0	main.lua:219
@0x7ff727ef4830	@0x7ff727ef4830
frame: 000349
system.lua:sleep	system.lua:197
init.lua:run	init.lua:609
main_states.lua:Update	main_states.lua:196
statemanager.lua:Update	statemanager.lua:118
sequencer.lua:Update	sequencer.lua:66
main.lua:155	main.lua:168
sapp_run	[builtin#171]
main.lua:0	main.lua:219
@0x7ff727ef4830	@0x7ff727ef4830
frame: 000350
node.lua:get_locked_size	node.lua:511
node.lua:get_locked_size	node.lua:514
node.lua:update_layout	node.lua:570
node.lua:update_layout	node.lua:577
rootview.lua:update	rootview.lua:542
autocomplete.lua:update	autocomplete.lua:224
init.lua:step	init.lua:483
init.lua:run	init.lua:602
main_states.lua:Update	main_states.lua:196
statemanager.lua:Update	statemanager.lua:118
frame: 000350
system.lua:sleep	system.lua:197
init.lua:run	init.lua:609
main_states.lua:Update	main_states.lua:196
statemanager.lua:Update	statemanager.lua:118
sequencer.lua:Update	sequencer.lua:66
main.lua:155	main.lua:168
sapp_run	[builtin#171]
main.lua:0	main.lua:219
@0x7ff727ef4830	@0x7ff727ef4830
frame: 000351
system.lua:sleep	system.lua:197
init.lua:run	init.lua:609
main_states.lua:Update	main_states.lua:196
statemanager.lua:Update	statemanager.lua:118
sequencer.lua:Update	sequencer.lua:66
main.lua:155	main.lua:168
sapp_run	[builtin#171]
main.lua:0	main.lua:219
@0x7ff727ef4830	@0x7ff727ef4830
frame: 000352
system.lua:sleep	system.lua:197
init.lua:run	init.lua:609
main_states.lua:Update	main_states.lua:196
statemanager.lua:Update	statemanager.lua:118
sequencer.lua:Update	sequencer.lua:66
main.lua:155	main.lua:168
sapp_run	[builtin#171]
main.lua:0	main.lua:219
@0x7ff727ef4830	@0x7ff727ef4830
frame: 000353
system.lua:sleep	system.lua:197
init.lua:run	init.lua:609
main_states.lua:Update	main_states.lua:196
statemanager.lua:Update	statemanager.lua:118
sequencer.lua:Update	sequencer.lua:66
main.lua:155	main.lua:168
sapp_run	[builtin#171]
main.lua:0	main.lua:219
@0x7ff727ef4830	@0x7ff727ef4830
frame: 000354
system.lua:sleep	system.lua:197
init.lua:run	init.lua:609
main_states.lua:Update	main_states.lua:196
statemanager.lua:Update	statemanager.lua:118
sequencer.lua:Update	sequencer.lua:66
main.lua:155	main.lua:168
sapp_run	[builtin#171]
main.lua:0	main.lua:219
@0x7ff727ef4830	@0x7ff727ef4830
frame: 000355
system.lua:sleep	system.lua:197
init.lua:run	init.lua:609
main_states.lua:Update	main_states.lua:196
statemanager.lua:Update	statemanager.lua:118
sequencer.lua:Update	sequencer.lua:66
main.lua:155	main.lua:168
sapp_run	[builtin#171]
main.lua:0	main.lua:219
@0x7ff727ef4830	@0x7ff727ef4830
frame: 000356
system.lua:sleep	system.lua:197
init.lua:run	init.lua:609
main_states.lua:Update	main_states.lua:196
statemanager.lua:Update	statemanager.lua:118
sequencer.lua:Update	sequencer.lua:66
main.lua:155	main.lua:168
sapp_run	[builtin#171]
main.lua:0	main.lua:219
@0x7ff727ef4830	@0x7ff727ef4830
frame: 000357
system.lua:sleep	system.lua:197
init.lua:run	init.lua:609
main_states.lua:Update	main_states.lua:196
statemanager.lua:Update	statemanager.lua:118
sequencer.lua:Update	sequencer.lua:66
main.lua:155	main.lua:168
sapp_run	[builtin#171]
main.lua:0	main.lua:219
@0x7ff727ef4830	@0x7ff727ef4830
frame: 000358
system.lua:sleep	system.lua:197
init.lua:run	init.lua:609
main_states.lua:Update	main_states.lua:196
statemanager.lua:Update	statemanager.lua:118
sequencer.lua:Update	sequencer.lua:66
main.lua:155	main.lua:168
sapp_run	[builtin#171]
main.lua:0	main.lua:219
@0x7ff727ef4830	@0x7ff727ef4830
frame: 000359
system.lua:sleep	system.lua:197
init.lua:run	init.lua:609
main_states.lua:Update	main_states.lua:196
statemanager.lua:Update	statemanager.lua:118
sequencer.lua:Update	sequencer.lua:66
main.lua:155	main.lua:168
sapp_run	[builtin#171]
main.lua:0	main.lua:219
@0x7ff727ef4830	@0x7ff727ef4830
frame: 000359
main.lua:155	main.lua:178
sapp_run	[builtin#171]
main.lua:0	main.lua:219
@0x7ff727ef4830	@0x7ff727ef4830
frame: 000360
system.lua:sleep	system.lua:197
init.lua:run	init.lua:609
main_states.lua:Update	main_states.lua:196
statemanager.lua:Update	statemanager.lua:118
sequencer.lua:Update	sequencer.lua:66
main.lua:155	main.lua:168
sapp_run	[builtin#171]
main.lua:0	main.lua:219
@0x7ff727ef4830	@0x7ff727ef4830
frame: 000360
main.lua:155	main.lua:178
sapp_run	[builtin#171]
main.lua:0	main.lua:219
@0x7ff727ef4830	@0x7ff727ef4830
frame: 000361
system.lua:sleep	system.lua:197
init.lua:run	init.lua:609
main_states.lua:Update	main_states.lua:196
statemanager.lua:Update	statemanager.lua:118
sequencer.lua:Update	sequencer.lua:66
main.lua:155	main.lua:168
sapp_run	[builtin#171]
main.lua:0	main.lua:219
@0x7ff727ef4830	@0x7ff727ef4830
frame: 000362
system.lua:sleep	system.lua:197
init.lua:run	init.lua:609
main_states.lua:Update	main_states.lua:196
statemanager.lua:Update	statemanager.lua:118
sequencer.lua:Update	sequencer.lua:66
main.lua:155	main.lua:168
sapp_run	[builtin#171]
main.lua:0	main.lua:219
@0x7ff727ef4830	@0x7ff727ef4830
frame: 000363
system.lua:sleep	system.lua:197
init.lua:run	init.lua:609
main_states.lua:Update	main_states.lua:196
statemanager.lua:Update	statemanager.lua:118
sequencer.lua:Update	sequencer.lua:66
main.lua:155	main.lua:168
sapp_run	[builtin#171]
main.lua:0	main.lua:219
@0x7ff727ef4830	@0x7ff727ef4830
frame: 000364
main.lua:155	main.lua:158
sapp_run	[builtin#171]
main.lua:0	main.lua:219
@0x7ff727ef4830	@0x7ff727ef4830
frame: 000364
system.lua:sleep	system.lua:197
init.lua:run	init.lua:609
main_states.lua:Update	main_states.lua:196
statemanager.lua:Update	statemanager.lua:118
sequencer.lua:Update	sequencer.lua:66
main.lua:155	main.lua:168
sapp_run	[builtin#171]
main.lua:0	main.lua:219
@0x7ff727ef4830	@0x7ff727ef4830
frame: 000364
main_states.lua:Update	main_states.lua:204
statemanager.lua:Update	statemanager.lua:118
sequencer.lua:Update	sequencer.lua:66
main.lua:155	main.lua:168
sapp_run	[builtin#171]
main.lua:0	main.lua:219
@0x7ff727ef4830	@0x7ff727ef4830
frame: 000365
system.lua:sleep	system.lua:197
init.lua:run	init.lua:609
main_states.lua:Update	main_states.lua:196
statemanager.lua:Update	statemanager.lua:118
sequencer.lua:Update	sequencer.lua:66
main.lua:155	main.lua:168
sapp_run	[builtin#171]
main.lua:0	main.lua:219
@0x7ff727ef4830	@0x7ff727ef4830
frame: 000365
main.lua:155	main.lua:178
sapp_run	[builtin#171]
main.lua:0	main.lua:219
@0x7ff727ef4830	@0x7ff727ef4830
frame: 000366
system.lua:sleep	system.lua:197
init.lua:run	init.lua:609
main_states.lua:Update	main_states.lua:196
statemanager.lua:Update	statemanager.lua:118
sequencer.lua:Update	sequencer.lua:66
main.lua:155	main.lua:168
sapp_run	[builtin#171]
main.lua:0	main.lua:219
@0x7ff727ef4830	@0x7ff727ef4830
frame: 000367
system.lua:sleep	system.lua:197
init.lua:run	init.lua:609
main_states.lua:Update	main_states.lua:196
statemanager.lua:Update	statemanager.lua:118
sequencer.lua:Update	sequencer.lua:66
main.lua:155	main.lua:168
sapp_run	[builtin#171]
main.lua:0	main.lua:219
@0x7ff727ef4830	@0x7ff727ef4830
frame: 000368
system.lua:sleep	system.lua:197
init.lua:run	init.lua:609
main_states.lua:Update	main_states.lua:196
statemanager.lua:Update	statemanager.lua:118
sequencer.lua:Update	sequencer.lua:66
main.lua:155	main.lua:168
sapp_run	[builtin#171]
main.lua:0	main.lua:219
@0x7ff727ef4830	@0x7ff727ef4830
frame: 000369
system.lua:sleep	system.lua:197
init.lua:run	init.lua:609
main_states.lua:Update	main_states.lua:196
statemanager.lua:Update	statemanager.lua:118
sequencer.lua:Update	sequencer.lua:66
main.lua:155	main.lua:168
sapp_run	[builtin#171]
main.lua:0	main.lua:219
@0x7ff727ef4830	@0x7ff727ef4830
frame: 000370
system.lua:sleep	system.lua:197
init.lua:run	init.lua:609
main_states.lua:Update	main_states.lua:196
statemanager.lua:Update	statemanager.lua:118
sequencer.lua:Update	sequencer.lua:66
main.lua:155	main.lua:168
sapp_run	[builtin#171]
main.lua:0	main.lua:219
@0x7ff727ef4830	@0x7ff727ef4830
frame: 000371
system.lua:sleep	system.lua:197
init.lua:run	init.lua:609
main_states.lua:Update	main_states.lua:196
statemanager.lua:Update	statemanager.lua:118
sequencer.lua:Update	sequencer.lua:66
main.lua:155	main.lua:168
sapp_run	[builtin#171]
main.lua:0	main.lua:219
@0x7ff727ef4830	@0x7ff727ef4830
frame: 000372
system.lua:sleep	system.lua:197
init.lua:run	init.lua:609
main_states.lua:Update	main_states.lua:196
statemanager.lua:Update	statemanager.lua:118
sequencer.lua:Update	sequencer.lua:66
main.lua:155	main.lua:168
sapp_run	[builtin#171]
main.lua:0	main.lua:219
@0x7ff727ef4830	@0x7ff727ef4830
frame: 000372
nuklear.lua:draw_text	nuklear.lua:64
common.lua:draw_text	common.lua:131
treeview.lua:draw	treeview.lua:251
node.lua:665	node.lua:673
node.lua:propagate	node.lua:81
node.lua:665	node.lua:679
node.lua:propagate	node.lua:82
node.lua:665	node.lua:679
node.lua:propagate	node.lua:82
node.lua:665	node.lua:679
frame: 000373
system.lua:sleep	system.lua:197
init.lua:run	init.lua:609
main_states.lua:Update	main_states.lua:196
statemanager.lua:Update	statemanager.lua:118
sequencer.lua:Update	sequencer.lua:66
main.lua:155	main.lua:168
sapp_run	[builtin#171]
main.lua:0	main.lua:219
@0x7ff727ef4830	@0x7ff727ef4830
frame: 000374
system.lua:sleep	system.lua:197
init.lua:run	init.lua:609
main_states.lua:Update	main_states.lua:196
statemanager.lua:Update	statemanager.lua:118
sequencer.lua:Update	sequencer.lua:66
main.lua:155	main.lua:168
sapp_run	[builtin#171]
main.lua:0	main.lua:219
@0x7ff727ef4830	@0x7ff727ef4830
frame: 000374
main.lua:155	main.lua:178
sapp_run	[builtin#171]
main.lua:0	main.lua:219
@0x7ff727ef4830	@0x7ff727ef4830
frame: 000375
system.lua:sleep	system.lua:197
init.lua:run	init.lua:609
main_states.lua:Update	main_states.lua:196
statemanager.lua:Update	statemanager.lua:118
sequencer.lua:Update	sequencer.lua:66
main.lua:155	main.lua:168
sapp_run	[builtin#171]
main.lua:0	main.lua:219
@0x7ff727ef4830	@0x7ff727ef4830
frame: 000375
main.lua:155	main.lua:178
sapp_run	[builtin#171]
main.lua:0	main.lua:219
@0x7ff727ef4830	@0x7ff727ef4830
frame: 000376
system.lua:sleep	system.lua:197
init.lua:run	init.lua:609
main_states.lua:Update	main_states.lua:196
statemanager.lua:Update	statemanager.lua:118
sequencer.lua:Update	sequencer.lua:66
main.lua:155	main.lua:168
sapp_run	[builtin#171]
main.lua:0	main.lua:219
@0x7ff727ef4830	@0x7ff727ef4830
frame: 000377
system.lua:sleep	system.lua:197
init.lua:run	init.lua:609
main_states.lua:Update	main_states.lua:196
statemanager.lua:Update	statemanager.lua:118
sequencer.lua:Update	sequencer.lua:66
main.lua:155	main.lua:168
sapp_run	[builtin#171]
main.lua:0	main.lua:219
@0x7ff727ef4830	@0x7ff727ef4830
frame: 000377
main.lua:155	main.lua:181
sapp_run	[builtin#171]
main.lua:0	main.lua:219
@0x7ff727ef4830	@0x7ff727ef4830
frame: 000378
system.lua:sleep	system.lua:197
init.lua:run	init.lua:609
main_states.lua:Update	main_states.lua:196
statemanager.lua:Update	statemanager.lua:118
sequencer.lua:Update	sequencer.lua:66
main.lua:155	main.lua:168
sapp_run	[builtin#171]
main.lua:0	main.lua:219
@0x7ff727ef4830	@0x7ff727ef4830
frame: 000378
main.lua:155	main.lua:178
sapp_run	[builtin#171]
main.lua:0	main.lua:219
@0x7ff727ef4830	@0x7ff727ef4830
frame: 000379
system.lua:sleep	system.lua:197
init.lua:run	init.lua:609
main_states.lua:Update	main_states.lua:196
statemanager.lua:Update	statemanager.lua:118
sequencer.lua:Update	sequencer.lua:66
main.lua:155	main.lua:168
sapp_run	[builtin#171]
main.lua:0	main.lua:219
@0x7ff727ef4830	@0x7ff727ef4830
frame: 000379
main.lua:155	main.lua:178
sapp_run	[builtin#171]
main.lua:0	main.lua:219
@0x7ff727ef4830	@0x7ff727ef4830
frame: 000380
system.lua:sleep	system.lua:197
init.lua:run	init.lua:609
main_states.lua:Update	main_states.lua:196
statemanager.lua:Update	statemanager.lua:118
sequencer.lua:Update	sequencer.lua:66
main.lua:155	main.lua:168
sapp_run	[builtin#171]
main.lua:0	main.lua:219
@0x7ff727ef4830	@0x7ff727ef4830
frame: 000381
system.lua:sleep	system.lua:197
init.lua:run	init.lua:609
main_states.lua:Update	main_states.lua:196
statemanager.lua:Update	statemanager.lua:118
sequencer.lua:Update	sequencer.lua:66
main.lua:155	main.lua:168
sapp_run	[builtin#171]
main.lua:0	main.lua:219
@0x7ff727ef4830	@0x7ff727ef4830
frame: 000381
main.lua:155	main.lua:178
sapp_run	[builtin#171]
main.lua:0	main.lua:219
@0x7ff727ef4830	@0x7ff727ef4830
frame: 000382
system.lua:sleep	system.lua:197
init.lua:run	init.lua:609
main_states.lua:Update	main_states.lua:196
statemanager.lua:Update	statemanager.lua:118
sequencer.lua:Update	sequencer.lua:66
main.lua:155	main.lua:168
sapp_run	[builtin#171]
main.lua:0	main.lua:219
@0x7ff727ef4830	@0x7ff727ef4830
frame: 000383
system.lua:sleep	system.lua:197
init.lua:run	init.lua:609
main_states.lua:Update	main_states.lua:196
statemanager.lua:Update	statemanager.lua:118
sequencer.lua:Update	sequencer.lua:66
main.lua:155	main.lua:168
sapp_run	[builtin#171]
main.lua:0	main.lua:219
@0x7ff727ef4830	@0x7ff727ef4830
frame: 000384
system.lua:sleep	system.lua:197
init.lua:run	init.lua:609
main_states.lua:Update	main_states.lua:196
statemanager.lua:Update	statemanager.lua:118
sequencer.lua:Update	sequencer.lua:66
main.lua:155	main.lua:168
sapp_run	[builtin#171]
main.lua:0	main.lua:219
@0x7ff727ef4830	@0x7ff727ef4830
frame: 000385
system.lua:sleep	system.lua:197
init.lua:run	init.lua:609
main_states.lua:Update	main_states.lua:196
statemanager.lua:Update	statemanager.lua:118
sequencer.lua:Update	sequencer.lua:66
main.lua:155	main.lua:168
sapp_run	[builtin#171]
main.lua:0	main.lua:219
@0x7ff727ef4830	@0x7ff727ef4830
frame: 000385
main.lua:155	main.lua:178
sapp_run	[builtin#171]
main.lua:0	main.lua:219
@0x7ff727ef4830	@0x7ff727ef4830
frame: 000386
system.lua:sleep	system.lua:197
init.lua:run	init.lua:609
main_states.lua:Update	main_states.lua:196
statemanager.lua:Update	statemanager.lua:118
sequencer.lua:Update	sequencer.lua:66
main.lua:155	main.lua:168
sapp_run	[builtin#171]
main.lua:0	main.lua:219
@0x7ff727ef4830	@0x7ff727ef4830
frame: 000387
system.lua:sleep	system.lua:197
init.lua:run	init.lua:609
main_states.lua:Update	main_states.lua:196
statemanager.lua:Update	statemanager.lua:118
sequencer.lua:Update	sequencer.lua:66
main.lua:155	main.lua:168
sapp_run	[builtin#171]
main.lua:0	main.lua:219
@0x7ff727ef4830	@0x7ff727ef4830
frame: 000388
system.lua:sleep	system.lua:197
init.lua:run	init.lua:609
main_states.lua:Update	main_states.lua:196
statemanager.lua:Update	statemanager.lua:118
sequencer.lua:Update	sequencer.lua:66
main.lua:155	main.lua:168
sapp_run	[builtin#171]
main.lua:0	main.lua:219
@0x7ff727ef4830	@0x7ff727ef4830
frame: 000389
system.lua:sleep	system.lua:197
init.lua:run	init.lua:609
main_states.lua:Update	main_states.lua:196
statemanager.lua:Update	statemanager.lua:118
sequencer.lua:Update	sequencer.lua:66
main.lua:155	main.lua:168
sapp_run	[builtin#171]
main.lua:0	main.lua:219
@0x7ff727ef4830	@0x7ff727ef4830
frame: 000390
system.lua:sleep	system.lua:197
init.lua:run	init.lua:609
main_states.lua:Update	main_states.lua:196
statemanager.lua:Update	statemanager.lua:118
sequencer.lua:Update	sequencer.lua:66
main.lua:155	main.lua:168
sapp_run	[builtin#171]
main.lua:0	main.lua:219
@0x7ff727ef4830	@0x7ff727ef4830
frame: 000390
main_states.lua:Render	main_states.lua:219
statemanager.lua:Render	statemanager.lua:141
sequencer.lua:Render	sequencer.lua:72
main.lua:155	main.lua:178
sapp_run	[builtin#171]
main.lua:0	main.lua:219
@0x7ff727ef4830	@0x7ff727ef4830
frame: 000391
system.lua:sleep	system.lua:197
init.lua:run	init.lua:609
main_states.lua:Update	main_states.lua:196
statemanager.lua:Update	statemanager.lua:118
sequencer.lua:Update	sequencer.lua:66
main.lua:155	main.lua:168
sapp_run	[builtin#171]
main.lua:0	main.lua:219
@0x7ff727ef4830	@0x7ff727ef4830
frame: 000392
system.lua:sleep	system.lua:197
init.lua:run	init.lua:609
main_states.lua:Update	main_states.lua:196
statemanager.lua:Update	statemanager.lua:118
sequencer.lua:Update	sequencer.lua:66
main.lua:155	main.lua:168
sapp_run	[builtin#171]
main.lua:0	main.lua:219
@0x7ff727ef4830	@0x7ff727ef4830
frame: 000393
system.lua:sleep	system.lua:197
init.lua:run	init.lua:609
main_states.lua:Update	main_states.lua:196
statemanager.lua:Update	statemanager.lua:118
sequencer.lua:Update	sequencer.lua:66
main.lua:155	main.lua:168
sapp_run	[builtin#171]
main.lua:0	main.lua:219
@0x7ff727ef4830	@0x7ff727ef4830
frame: 000394
system.lua:sleep	system.lua:197
init.lua:run	init.lua:609
main_states.lua:Update	main_states.lua:196
statemanager.lua:Update	statemanager.lua:118
sequencer.lua:Update	sequencer.lua:66
main.lua:155	main.lua:168
sapp_run	[builtin#171]
main.lua:0	main.lua:219
@0x7ff727ef4830	@0x7ff727ef4830
frame: 000395
system.lua:sleep	system.lua:197
init.lua:run	init.lua:609
main_states.lua:Update	main_states.lua:196
statemanager.lua:Update	statemanager.lua:118
sequencer.lua:Update	sequencer.lua:66
main.lua:155	main.lua:168
sapp_run	[builtin#171]
main.lua:0	main.lua:219
@0x7ff727ef4830	@0x7ff727ef4830
frame: 000396
system.lua:sleep	system.lua:197
init.lua:run	init.lua:609
main_states.lua:Update	main_states.lua:196
statemanager.lua:Update	statemanager.lua:118
sequencer.lua:Update	sequencer.lua:66
main.lua:155	main.lua:168
sapp_run	[builtin#171]
main.lua:0	main.lua:219
@0x7ff727ef4830	@0x7ff727ef4830
frame: 000397
system.lua:sleep	system.lua:197
init.lua:run	init.lua:609
main_states.lua:Update	main_states.lua:196
statemanager.lua:Update	statemanager.lua:118
sequencer.lua:Update	sequencer.lua:66
main.lua:155	main.lua:168
sapp_run	[builtin#171]
main.lua:0	main.lua:219
@0x7ff727ef4830	@0x7ff727ef4830
frame: 000397
main.lua:155	main.lua:178
sapp_run	[builtin#171]
main.lua:0	main.lua:219
@0x7ff727ef4830	@0x7ff727ef4830
frame: 000398
system.lua:sleep	system.lua:197
init.lua:run	init.lua:609
main_states.lua:Update	main_states.lua:196
statemanager.lua:Update	statemanager.lua:118
sequencer.lua:Update	sequencer.lua:66
main.lua:155	main.lua:168
sapp_run	[builtin#171]
main.lua:0	main.lua:219
@0x7ff727ef4830	@0x7ff727ef4830
frame: 000399
system.lua:sleep	system.lua:197
init.lua:run	init.lua:609
main_states.lua:Update	main_states.lua:196
statemanager.lua:Update	statemanager.lua:118
sequencer.lua:Update	sequencer.lua:66
main.lua:155	main.lua:168
sapp_run	[builtin#171]
main.lua:0	main.lua:219
@0x7ff727ef4830	@0x7ff727ef4830
frame: 000400
system.lua:sleep	system.lua:197
init.lua:run	init.lua:609
main_states.lua:Update	main_states.lua:196
statemanager.lua:Update	statemanager.lua:118
sequencer.lua:Update	sequencer.lua:66
main.lua:155	main.lua:168
sapp_run	[builtin#171]
main.lua:0	main.lua:219
@0x7ff727ef4830	@0x7ff727ef4830
frame: 000401
system.lua:sleep	system.lua:197
init.lua:run	init.lua:609
main_states.lua:Update	main_states.lua:196
statemanager.lua:Update	statemanager.lua:118
sequencer.lua:Update	sequencer.lua:66
main.lua:155	main.lua:168
sapp_run	[builtin#171]
main.lua:0	main.lua:219
@0x7ff727ef4830	@0x7ff727ef4830
frame: 000402
system.lua:sleep	system.lua:197
init.lua:run	init.lua:609
main_states.lua:Update	main_states.lua:196
statemanager.lua:Update	statemanager.lua:118
sequencer.lua:Update	sequencer.lua:66
main.lua:155	main.lua:168
sapp_run	[builtin#171]
main.lua:0	main.lua:219
@0x7ff727ef4830	@0x7ff727ef4830
frame: 000403
system.lua:sleep	system.lua:197
init.lua:run	init.lua:609
main_states.lua:Update	main_states.lua:196
statemanager.lua:Update	statemanager.lua:118
sequencer.lua:Update	sequencer.lua:66
main.lua:155	main.lua:168
sapp_run	[builtin#171]
main.lua:0	main.lua:219
@0x7ff727ef4830	@0x7ff727ef4830
frame: 000404
system.lua:sleep	system.lua:197
init.lua:run	init.lua:609
main_states.lua:Update	main_states.lua:196
statemanager.lua:Update	statemanager.lua:118
sequencer.lua:Update	sequencer.lua:66
main.lua:155	main.lua:168
sapp_run	[builtin#171]
main.lua:0	main.lua:219
@0x7ff727ef4830	@0x7ff727ef4830
frame: 000404
main_states.lua:Update	main_states.lua:204
statemanager.lua:Update	statemanager.lua:118
sequencer.lua:Update	sequencer.lua:66
main.lua:155	main.lua:168
sapp_run	[builtin#171]
main.lua:0	main.lua:219
@0x7ff727ef4830	@0x7ff727ef4830
frame: 000405
system.lua:sleep	system.lua:197
init.lua:run	init.lua:609
main_states.lua:Update	main_states.lua:196
statemanager.lua:Update	statemanager.lua:118
sequencer.lua:Update	sequencer.lua:66
main.lua:155	main.lua:168
sapp_run	[builtin#171]
main.lua:0	main.lua:219
@0x7ff727ef4830	@0x7ff727ef4830
frame: 000406
system.lua:sleep	system.lua:197
init.lua:run	init.lua:609
main_states.lua:Update	main_states.lua:196
statemanager.lua:Update	statemanager.lua:118
sequencer.lua:Update	sequencer.lua:66
main.lua:155	main.lua:168
sapp_run	[builtin#171]
main.lua:0	main.lua:219
@0x7ff727ef4830	@0x7ff727ef4830
frame: 000406
main.lua:155	main.lua:178
sapp_run	[builtin#171]
main.lua:0	main.lua:219
@0x7ff727ef4830	@0x7ff727ef4830
frame: 000407
main.lua:147	main.lua:148
sapp_run	[builtin#171]
main.lua:0	main.lua:219
@0x7ff727ef4830	@0x7ff727ef4830
frame: 000407
system.lua:sleep	system.lua:197
init.lua:run	init.lua:609
main_states.lua:Update	main_states.lua:196
statemanager.lua:Update	statemanager.lua:118
sequencer.lua:Update	sequencer.lua:66
main.lua:155	main.lua:168
sapp_run	[builtin#171]
main.lua:0	main.lua:219
@0x7ff727ef4830	@0x7ff727ef4830
frame: 000407
autocomplete.lua:draw	autocomplete.lua:238
init.lua:render	init.lua:513
main_states.lua:custom	main_states.lua:208
main_states.lua:79	main_states.lua:85
pcall	[builtin#20]
main_states.lua:Update	main_states.lua:207
statemanager.lua:Update	statemanager.lua:118
sequencer.lua:Update	sequencer.lua:66
main.lua:155	main.lua:168
sapp_run	[builtin#171]
frame: 000408
system.lua:sleep	system.lua:197
init.lua:run	init.lua:609
main_states.lua:Update	main_states.lua:196
statemanager.lua:Update	statemanager.lua:118
sequencer.lua:Update	sequencer.lua:66
main.lua:155	main.lua:168
sapp_run	[builtin#171]
main.lua:0	main.lua:219
@0x7ff727ef4830	@0x7ff727ef4830
frame: 000408
renderer.lua:draw_text	renderer.lua:296
common.lua:draw_text	common.lua:131
treeview.lua:draw	treeview.lua:251
node.lua:665	node.lua:673
node.lua:propagate	node.lua:81
node.lua:665	node.lua:679
node.lua:propagate	node.lua:82
node.lua:665	node.lua:679
node.lua:propagate	node.lua:82
node.lua:665	node.lua:679
frame: 000409
system.lua:sleep	system.lua:197
init.lua:run	init.lua:609
main_states.lua:Update	main_states.lua:196
statemanager.lua:Update	statemanager.lua:118
sequencer.lua:Update	sequencer.lua:66
main.lua:155	main.lua:168
sapp_run	[builtin#171]
main.lua:0	main.lua:219
@0x7ff727ef4830	@0x7ff727ef4830
frame: 000410
system.lua:sleep	system.lua:197
init.lua:run	init.lua:609
main_states.lua:Update	main_states.lua:196
statemanager.lua:Update	statemanager.lua:118
sequencer.lua:Update	sequencer.lua:66
main.lua:155	main.lua:168
sapp_run	[builtin#171]
main.lua:0	main.lua:219
@0x7ff727ef4830	@0x7ff727ef4830
frame: 000411
system.lua:sleep	system.lua:197
init.lua:run	init.lua:609
main_states.lua:Update	main_states.lua:196
statemanager.lua:Update	statemanager.lua:118
sequencer.lua:Update	sequencer.lua:66
main.lua:155	main.lua:168
sapp_run	[builtin#171]
main.lua:0	main.lua:219
@0x7ff727ef4830	@0x7ff727ef4830
frame: 000411
main.lua:155	main.lua:178
sapp_run	[builtin#171]
main.lua:0	main.lua:219
@0x7ff727ef4830	@0x7ff727ef4830
frame: 000412
system.lua:sleep	system.lua:197
init.lua:run	init.lua:609
main_states.lua:Update	main_states.lua:196
statemanager.lua:Update	statemanager.lua:118
sequencer.lua:Update	sequencer.lua:66
main.lua:155	main.lua:168
sapp_run	[builtin#171]
main.lua:0	main.lua:219
@0x7ff727ef4830	@0x7ff727ef4830
frame: 000412
main.lua:155	main.lua:175
sapp_run	[builtin#171]
main.lua:0	main.lua:219
@0x7ff727ef4830	@0x7ff727ef4830
frame: 000413
system.lua:sleep	system.lua:197
init.lua:run	init.lua:609
main_states.lua:Update	main_states.lua:196
statemanager.lua:Update	statemanager.lua:118
sequencer.lua:Update	sequencer.lua:66
main.lua:155	main.lua:168
sapp_run	[builtin#171]
main.lua:0	main.lua:219
@0x7ff727ef4830	@0x7ff727ef4830
frame: 000414
system.lua:sleep	system.lua:197
init.lua:run	init.lua:609
main_states.lua:Update	main_states.lua:196
statemanager.lua:Update	statemanager.lua:118
sequencer.lua:Update	sequencer.lua:66
main.lua:155	main.lua:168
sapp_run	[builtin#171]
main.lua:0	main.lua:219
@0x7ff727ef4830	@0x7ff727ef4830
frame: 000415
main.lua:147	main.lua:148
sapp_run	[builtin#171]
main.lua:0	main.lua:219
@0x7ff727ef4830	@0x7ff727ef4830
frame: 000415
system.lua:sleep	system.lua:197
init.lua:run	init.lua:609
main_states.lua:Update	main_states.lua:196
statemanager.lua:Update	statemanager.lua:118
sequencer.lua:Update	sequencer.lua:66
main.lua:155	main.lua:168
sapp_run	[builtin#171]
main.lua:0	main.lua:219
@0x7ff727ef4830	@0x7ff727ef4830
frame: 000415
init.lua:pop_clip_rect	init.lua:335
node.lua:665	node.lua:674
node.lua:propagate	node.lua:81
node.lua:665	node.lua:679
node.lua:propagate	node.lua:81
node.lua:665	node.lua:679
node.lua:propagate	node.lua:81
node.lua:draw	node.lua:679
rootview.lua:draw	rootview.lua:570
autocomplete.lua:draw	autocomplete.lua:238
frame: 000416
system.lua:sleep	system.lua:197
init.lua:run	init.lua:609
main_states.lua:Update	main_states.lua:196
statemanager.lua:Update	statemanager.lua:118
sequencer.lua:Update	sequencer.lua:66
main.lua:155	main.lua:168
sapp_run	[builtin#171]
main.lua:0	main.lua:219
@0x7ff727ef4830	@0x7ff727ef4830
frame: 000417
system.lua:sleep	system.lua:197
init.lua:run	init.lua:609
main_states.lua:Update	main_states.lua:196
statemanager.lua:Update	statemanager.lua:118
sequencer.lua:Update	sequencer.lua:66
main.lua:155	main.lua:168
sapp_run	[builtin#171]
main.lua:0	main.lua:219
@0x7ff727ef4830	@0x7ff727ef4830
frame: 000418
system.lua:sleep	system.lua:197
init.lua:run	init.lua:609
main_states.lua:Update	main_states.lua:196
statemanager.lua:Update	statemanager.lua:118
sequencer.lua:Update	sequencer.lua:66
main.lua:155	main.lua:168
sapp_run	[builtin#171]
main.lua:0	main.lua:219
@0x7ff727ef4830	@0x7ff727ef4830
frame: 000419
system.lua:sleep	system.lua:197
init.lua:run	init.lua:609
main_states.lua:Update	main_states.lua:196
statemanager.lua:Update	statemanager.lua:118
sequencer.lua:Update	sequencer.lua:66
main.lua:155	main.lua:168
sapp_run	[builtin#171]
main.lua:0	main.lua:219
@0x7ff727ef4830	@0x7ff727ef4830
frame: 000420
system.lua:sleep	system.lua:197
init.lua:run	init.lua:609
main_states.lua:Update	main_states.lua:196
statemanager.lua:Update	statemanager.lua:118
sequencer.lua:Update	sequencer.lua:66
main.lua:155	main.lua:168
sapp_run	[builtin#171]
main.lua:0	main.lua:219
@0x7ff727ef4830	@0x7ff727ef4830
frame: 000420
nuklear.lua:draw_rect	nuklear.lua:54
renderer.lua:draw_rect	renderer.lua:289
node.lua:665	node.lua:678
node.lua:propagate	node.lua:82
node.lua:665	node.lua:679
node.lua:propagate	node.lua:81
node.lua:665	node.lua:679
node.lua:propagate	node.lua:81
node.lua:draw	node.lua:679
rootview.lua:draw	rootview.lua:570
frame: 000421
system.lua:sleep	system.lua:197
init.lua:run	init.lua:609
main_states.lua:Update	main_states.lua:196
statemanager.lua:Update	statemanager.lua:118
sequencer.lua:Update	sequencer.lua:66
main.lua:155	main.lua:168
sapp_run	[builtin#171]
main.lua:0	main.lua:219
@0x7ff727ef4830	@0x7ff727ef4830
frame: 000422
system.lua:sleep	system.lua:197
init.lua:run	init.lua:609
main_states.lua:Update	main_states.lua:196
statemanager.lua:Update	statemanager.lua:118
sequencer.lua:Update	sequencer.lua:66
main.lua:155	main.lua:168
sapp_run	[builtin#171]
main.lua:0	main.lua:219
@0x7ff727ef4830	@0x7ff727ef4830
frame: 000423
system.lua:sleep	system.lua:197
init.lua:run	init.lua:609
main_states.lua:Update	main_states.lua:196
statemanager.lua:Update	statemanager.lua:118
sequencer.lua:Update	sequencer.lua:66
main.lua:155	main.lua:168
sapp_run	[builtin#171]
main.lua:0	main.lua:219
@0x7ff727ef4830	@0x7ff727ef4830
frame: 000423
rootview.lua:draw	rootview.lua:570
autocomplete.lua:draw	autocomplete.lua:238
init.lua:render	init.lua:513
main_states.lua:custom	main_states.lua:208
main_states.lua:79	main_states.lua:85
pcall	[builtin#20]
main_states.lua:Update	main_states.lua:207
statemanager.lua:Update	statemanager.lua:118
sequencer.lua:Update	sequencer.lua:66
main.lua:155	main.lua:168
frame: 000424
main.lua:147	main.lua:148
sapp_run	[builtin#171]
main.lua:0	main.lua:219
@0x7ff727ef4830	@0x7ff727ef4830
frame: 000424
system.lua:sleep	system.lua:197
init.lua:run	init.lua:609
main_states.lua:Update	main_states.lua:196
statemanager.lua:Update	statemanager.lua:118
sequencer.lua:Update	sequencer.lua:66
main.lua:155	main.lua:168
sapp_run	[builtin#171]
main.lua:0	main.lua:219
@0x7ff727ef4830	@0x7ff727ef4830
frame: 000425
system.lua:sleep	system.lua:197
init.lua:run	init.lua:609
main_states.lua:Update	main_states.lua:196
statemanager.lua:Update	statemanager.lua:118
sequencer.lua:Update	sequencer.lua:66
main.lua:155	main.lua:168
sapp_run	[builtin#171]
main.lua:0	main.lua:219
@0x7ff727ef4830	@0x7ff727ef4830
frame: 000426
main.lua:147	main.lua:148
sapp_run	[builtin#171]
main.lua:0	main.lua:219
@0x7ff727ef4830	@0x7ff727ef4830
frame: 000426
system.lua:sleep	system.lua:197
init.lua:run	init.lua:609
main_states.lua:Update	main_states.lua:196
statemanager.lua:Update	statemanager.lua:118
sequencer.lua:Update	sequencer.lua:66
main.lua:155	main.lua:168
sapp_run	[builtin#171]
main.lua:0	main.lua:219
@0x7ff727ef4830	@0x7ff727ef4830
frame: 000427
main.lua:147	main.lua:148
sapp_run	[builtin#171]
main.lua:0	main.lua:219
@0x7ff727ef4830	@0x7ff727ef4830
frame: 000427
system.lua:sleep	system.lua:197
init.lua:run	init.lua:609
main_states.lua:Update	main_states.lua:196
statemanager.lua:Update	statemanager.lua:118
sequencer.lua:Update	sequencer.lua:66
main.lua:155	main.lua:168
sapp_run	[builtin#171]
main.lua:0	main.lua:219
@0x7ff727ef4830	@0x7ff727ef4830
frame: 000427
nuklear.lua:draw_rect	nuklear.lua:54
renderer.lua:draw_rect	renderer.lua:289
node.lua:draw	node.lua:678
rootview.lua:draw	rootview.lua:570
autocomplete.lua:draw	autocomplete.lua:238
init.lua:render	init.lua:513
main_states.lua:custom	main_states.lua:208
main_states.lua:79	main_states.lua:85
pcall	[builtin#20]
main_states.lua:Update	main_states.lua:207
frame: 000428
system.lua:sleep	system.lua:197
init.lua:run	init.lua:609
main_states.lua:Update	main_states.lua:196
statemanager.lua:Update	statemanager.lua:118
sequencer.lua:Update	sequencer.lua:66
main.lua:155	main.lua:168
sapp_run	[builtin#171]
main.lua:0	main.lua:219
@0x7ff727ef4830	@0x7ff727ef4830
frame: 000429
system.lua:sleep	system.lua:197
init.lua:run	init.lua:609
main_states.lua:Update	main_states.lua:196
statemanager.lua:Update	statemanager.lua:118
sequencer.lua:Update	sequencer.lua:66
main.lua:155	main.lua:168
sapp_run	[builtin#171]
main.lua:0	main.lua:219
@0x7ff727ef4830	@0x7ff727ef4830
frame: 000430
system.lua:sleep	system.lua:197
init.lua:run	init.lua:609
main_states.lua:Update	main_states.lua:196
statemanager.lua:Update	statemanager.lua:118
sequencer.lua:Update	sequencer.lua:66
main.lua:155	main.lua:168
sapp_run	[builtin#171]
main.lua:0	main.lua:219
@0x7ff727ef4830	@0x7ff727ef4830
frame: 000431
system.lua:sleep	system.lua:197
init.lua:run	init.lua:609
main_states.lua:Update	main_states.lua:196
statemanager.lua:Update	statemanager.lua:118
sequencer.lua:Update	sequencer.lua:66
main.lua:155	main.lua:168
sapp_run	[builtin#171]
main.lua:0	main.lua:219
@0x7ff727ef4830	@0x7ff727ef4830
frame: 000431
main_states.lua:Render	main_states.lua:219
statemanager.lua:Render	statemanager.lua:141
sequencer.lua:Render	sequencer.lua:72
main.lua:155	main.lua:178
sapp_run	[builtin#171]
main.lua:0	main.lua:219
@0x7ff727ef4830	@0x7ff727ef4830
frame: 000432
system.lua:sleep	system.lua:197
init.lua:run	init.lua:609
main_states.lua:Update	main_states.lua:196
statemanager.lua:Update	statemanager.lua:118
sequencer.lua:Update	sequencer.lua:66
main.lua:155	main.lua:168
sapp_run	[builtin#171]
main.lua:0	main.lua:219
@0x7ff727ef4830	@0x7ff727ef4830
frame: 000433
system.lua:sleep	system.lua:197
init.lua:run	init.lua:609
main_states.lua:Update	main_states.lua:196
statemanager.lua:Update	statemanager.lua:118
sequencer.lua:Update	sequencer.lua:66
main.lua:155	main.lua:168
sapp_run	[builtin#171]
main.lua:0	main.lua:219
@0x7ff727ef4830	@0x7ff727ef4830
frame: 000434
system.lua:sleep	system.lua:197
init.lua:run	init.lua:609
main_states.lua:Update	main_states.lua:196
statemanager.lua:Update	statemanager.lua:118
sequencer.lua:Update	sequencer.lua:66
main.lua:155	main.lua:168
sapp_run	[builtin#171]
main.lua:0	main.lua:219
@0x7ff727ef4830	@0x7ff727ef4830
frame: 000435
system.lua:sleep	system.lua:197
init.lua:run	init.lua:609
main_states.lua:Update	main_states.lua:196
statemanager.lua:Update	statemanager.lua:118
sequencer.lua:Update	sequencer.lua:66
main.lua:155	main.lua:168
sapp_run	[builtin#171]
main.lua:0	main.lua:219
@0x7ff727ef4830	@0x7ff727ef4830
frame: 000435
main_states.lua:Render	main_states.lua:219
statemanager.lua:Render	statemanager.lua:141
sequencer.lua:Render	sequencer.lua:72
main.lua:155	main.lua:178
sapp_run	[builtin#171]
main.lua:0	main.lua:219
@0x7ff727ef4830	@0x7ff727ef4830
frame: 000436
system.lua:sleep	system.lua:197
init.lua:run	init.lua:609
main_states.lua:Update	main_states.lua:196
statemanager.lua:Update	statemanager.lua:118
sequencer.lua:Update	sequencer.lua:66
main.lua:155	main.lua:168
sapp_run	[builtin#171]
main.lua:0	main.lua:219
@0x7ff727ef4830	@0x7ff727ef4830
frame: 000437
system.lua:sleep	system.lua:197
init.lua:run	init.lua:609
main_states.lua:Update	main_states.lua:196
statemanager.lua:Update	statemanager.lua:118
sequencer.lua:Update	sequencer.lua:66
main.lua:155	main.lua:168
sapp_run	[builtin#171]
main.lua:0	main.lua:219
@0x7ff727ef4830	@0x7ff727ef4830
frame: 000438
system.lua:sleep	system.lua:197
init.lua:run	init.lua:609
main_states.lua:Update	main_states.lua:196
statemanager.lua:Update	statemanager.lua:118
sequencer.lua:Update	sequencer.lua:66
main.lua:155	main.lua:168
sapp_run	[builtin#171]
main.lua:0	main.lua:219
@0x7ff727ef4830	@0x7ff727ef4830
frame: 000438
main.lua:155	main.lua:178
sapp_run	[builtin#171]
main.lua:0	main.lua:219
@0x7ff727ef4830	@0x7ff727ef4830
frame: 000439
system.lua:sleep	system.lua:197
init.lua:run	init.lua:609
main_states.lua:Update	main_states.lua:196
statemanager.lua:Update	statemanager.lua:118
sequencer.lua:Update	sequencer.lua:66
main.lua:155	main.lua:168
sapp_run	[builtin#171]
main.lua:0	main.lua:219
@0x7ff727ef4830	@0x7ff727ef4830
frame: 000439
main_states.lua:Update	main_states.lua:206
statemanager.lua:Update	statemanager.lua:118
sequencer.lua:Update	sequencer.lua:66
main.lua:155	main.lua:168
sapp_run	[builtin#171]
main.lua:0	main.lua:219
@0x7ff727ef4830	@0x7ff727ef4830
frame: 000439
main.lua:155	main.lua:181
sapp_run	[builtin#171]
main.lua:0	main.lua:219
@0x7ff727ef4830	@0x7ff727ef4830
frame: 000440
system.lua:sleep	system.lua:197
init.lua:run	init.lua:609
main_states.lua:Update	main_states.lua:196
statemanager.lua:Update	statemanager.lua:118
sequencer.lua:Update	sequencer.lua:66
main.lua:155	main.lua:168
sapp_run	[builtin#171]
main.lua:0	main.lua:219
@0x7ff727ef4830	@0x7ff727ef4830
frame: 000441
system.lua:sleep	system.lua:197
init.lua:run	init.lua:609
main_states.lua:Update	main_states.lua:196
statemanager.lua:Update	statemanager.lua:118
sequencer.lua:Update	sequencer.lua:66
main.lua:155	main.lua:168
sapp_run	[builtin#171]
main.lua:0	main.lua:219
@0x7ff727ef4830	@0x7ff727ef4830
frame: 000442
system.lua:sleep	system.lua:197
init.lua:run	init.lua:609
main_states.lua:Update	main_states.lua:196
statemanager.lua:Update	statemanager.lua:118
sequencer.lua:Update	sequencer.lua:66
main.lua:155	main.lua:168
sapp_run	[builtin#171]
main.lua:0	main.lua:219
@0x7ff727ef4830	@0x7ff727ef4830
frame: 000442
sidebar.lua:draw	sidebar.lua:206
node.lua:665	node.lua:673
node.lua:propagate	node.lua:81
node.lua:665	node.lua:679
node.lua:propagate	node.lua:81
node.lua:665	node.lua:679
node.lua:propagate	node.lua:81
node.lua:draw	node.lua:679
rootview.lua:draw	rootview.lua:570
autocomplete.lua:draw	autocomplete.lua:238
frame: 000443
system.lua:sleep	system.lua:197
init.lua:run	init.lua:609
main_states.lua:Update	main_states.lua:196
statemanager.lua:Update	statemanager.lua:118
sequencer.lua:Update	sequencer.lua:66
main.lua:155	main.lua:168
sapp_run	[builtin#171]
main.lua:0	main.lua:219
@0x7ff727ef4830	@0x7ff727ef4830
frame: 000444
system.lua:sleep	system.lua:197
init.lua:run	init.lua:609
main_states.lua:Update	main_states.lua:196
statemanager.lua:Update	statemanager.lua:118
sequencer.lua:Update	sequencer.lua:66
main.lua:155	main.lua:168
sapp_run	[builtin#171]
main.lua:0	main.lua:219
@0x7ff727ef4830	@0x7ff727ef4830
frame: 000445
system.lua:sleep	system.lua:197
init.lua:run	init.lua:609
main_states.lua:Update	main_states.lua:196
statemanager.lua:Update	statemanager.lua:118
sequencer.lua:Update	sequencer.lua:66
main.lua:155	main.lua:168
sapp_run	[builtin#171]
main.lua:0	main.lua:219
@0x7ff727ef4830	@0x7ff727ef4830
frame: 000446
system.lua:sleep	system.lua:197
init.lua:run	init.lua:609
main_states.lua:Update	main_states.lua:196
statemanager.lua:Update	statemanager.lua:118
sequencer.lua:Update	sequencer.lua:66
main.lua:155	main.lua:168
sapp_run	[builtin#171]
main.lua:0	main.lua:219
@0x7ff727ef4830	@0x7ff727ef4830
frame: 000447
system.lua:sleep	system.lua:197
init.lua:run	init.lua:609
main_states.lua:Update	main_states.lua:196
statemanager.lua:Update	statemanager.lua:118
sequencer.lua:Update	sequencer.lua:66
main.lua:155	main.lua:168
sapp_run	[builtin#171]
main.lua:0	main.lua:219
@0x7ff727ef4830	@0x7ff727ef4830
frame: 000447
main_states.lua:Render	main_states.lua:219
statemanager.lua:Render	statemanager.lua:141
sequencer.lua:Render	sequencer.lua:72
main.lua:155	main.lua:178
sapp_run	[builtin#171]
main.lua:0	main.lua:219
@0x7ff727ef4830	@0x7ff727ef4830
frame: 000448
system.lua:sleep	system.lua:197
init.lua:run	init.lua:609
main_states.lua:Update	main_states.lua:196
statemanager.lua:Update	statemanager.lua:118
sequencer.lua:Update	sequencer.lua:66
main.lua:155	main.lua:168
sapp_run	[builtin#171]
main.lua:0	main.lua:219
@0x7ff727ef4830	@0x7ff727ef4830
frame: 000448
main_states.lua:Render	main_states.lua:219
statemanager.lua:Render	statemanager.lua:141
sequencer.lua:Render	sequencer.lua:72
main.lua:155	main.lua:178
sapp_run	[builtin#171]
main.lua:0	main.lua:219
@0x7ff727ef4830	@0x7ff727ef4830
frame: 000449
system.lua:sleep	system.lua:197
init.lua:run	init.lua:609
main_states.lua:Update	main_states.lua:196
statemanager.lua:Update	statemanager.lua:118
sequencer.lua:Update	sequencer.lua:66
main.lua:155	main.lua:168
sapp_run	[builtin#171]
main.lua:0	main.lua:219
@0x7ff727ef4830	@0x7ff727ef4830
frame: 000450
system.lua:sleep	system.lua:197
init.lua:run	init.lua:609
main_states.lua:Update	main_states.lua:196
statemanager.lua:Update	statemanager.lua:118
sequencer.lua:Update	sequencer.lua:66
main.lua:155	main.lua:168
sapp_run	[builtin#171]
main.lua:0	main.lua:219
@0x7ff727ef4830	@0x7ff727ef4830
frame: 000451
system.lua:sleep	system.lua:197
init.lua:run	init.lua:609
main_states.lua:Update	main_states.lua:196
statemanager.lua:Update	statemanager.lua:118
sequencer.lua:Update	sequencer.lua:66
main.lua:155	main.lua:168
sapp_run	[builtin#171]
main.lua:0	main.lua:219
@0x7ff727ef4830	@0x7ff727ef4830
frame: 000452
system.lua:sleep	system.lua:197
init.lua:run	init.lua:609
main_states.lua:Update	main_states.lua:196
statemanager.lua:Update	statemanager.lua:118
sequencer.lua:Update	sequencer.lua:66
main.lua:155	main.lua:168
sapp_run	[builtin#171]
main.lua:0	main.lua:219
@0x7ff727ef4830	@0x7ff727ef4830
frame: 000452
main_states.lua:Update	main_states.lua:204
statemanager.lua:Update	statemanager.lua:118
sequencer.lua:Update	sequencer.lua:66
main.lua:155	main.lua:168
sapp_run	[builtin#171]
main.lua:0	main.lua:219
@0x7ff727ef4830	@0x7ff727ef4830
frame: 000452
main_states.lua:Render	main_states.lua:219
statemanager.lua:Render	statemanager.lua:141
sequencer.lua:Render	sequencer.lua:72
main.lua:155	main.lua:178
sapp_run	[builtin#171]
main.lua:0	main.lua:219
@0x7ff727ef4830	@0x7ff727ef4830
frame: 000453
system.lua:sleep	system.lua:197
init.lua:run	init.lua:609
main_states.lua:Update	main_states.lua:196
statemanager.lua:Update	statemanager.lua:118
sequencer.lua:Update	sequencer.lua:66
main.lua:155	main.lua:168
sapp_run	[builtin#171]
main.lua:0	main.lua:219
@0x7ff727ef4830	@0x7ff727ef4830
frame: 000453
main_states.lua:Render	main_states.lua:219
statemanager.lua:Render	statemanager.lua:141
sequencer.lua:Render	sequencer.lua:72
main.lua:155	main.lua:178
sapp_run	[builtin#171]
main.lua:0	main.lua:219
@0x7ff727ef4830	@0x7ff727ef4830
frame: 000454
main.lua:147	main.lua:148
sapp_run	[builtin#171]
main.lua:0	main.lua:219
@0x7ff727ef4830	@0x7ff727ef4830
frame: 000454
system.lua:sleep	system.lua:197
init.lua:run	init.lua:609
main_states.lua:Update	main_states.lua:196
statemanager.lua:Update	statemanager.lua:118
sequencer.lua:Update	sequencer.lua:66
main.lua:155	main.lua:168
sapp_run	[builtin#171]
main.lua:0	main.lua:219
@0x7ff727ef4830	@0x7ff727ef4830
frame: 000455
main.lua:147	main.lua:148
sapp_run	[builtin#171]
main.lua:0	main.lua:219
@0x7ff727ef4830	@0x7ff727ef4830
frame: 000455
system.lua:sleep	system.lua:197
init.lua:run	init.lua:609
main_states.lua:Update	main_states.lua:196
statemanager.lua:Update	statemanager.lua:118
sequencer.lua:Update	sequencer.lua:66
main.lua:155	main.lua:168
sapp_run	[builtin#171]
main.lua:0	main.lua:219
@0x7ff727ef4830	@0x7ff727ef4830
frame: 000456
system.lua:sleep	system.lua:197
init.lua:run	init.lua:609
main_states.lua:Update	main_states.lua:196
statemanager.lua:Update	statemanager.lua:118
sequencer.lua:Update	sequencer.lua:66
main.lua:155	main.lua:168
sapp_run	[builtin#171]
main.lua:0	main.lua:219
@0x7ff727ef4830	@0x7ff727ef4830
frame: 000457
statemanager.lua:Update	statemanager.lua:109
sequencer.lua:Update	sequencer.lua:66
main.lua:155	main.lua:168
sapp_run	[builtin#171]
main.lua:0	main.lua:219
@0x7ff727ef4830	@0x7ff727ef4830
frame: 000457
system.lua:sleep	system.lua:197
init.lua:run	init.lua:609
main_states.lua:Update	main_states.lua:196
statemanager.lua:Update	statemanager.lua:118
sequencer.lua:Update	sequencer.lua:66
main.lua:155	main.lua:168
sapp_run	[builtin#171]
main.lua:0	main.lua:219
@0x7ff727ef4830	@0x7ff727ef4830
frame: 000457
nuklear.lua:draw_text	nuklear.lua:70
common.lua:draw_text	common.lua:131
treeview.lua:draw	treeview.lua:253
node.lua:665	node.lua:673
node.lua:propagate	node.lua:81
node.lua:665	node.lua:679
node.lua:propagate	node.lua:82
node.lua:665	node.lua:679
node.lua:propagate	node.lua:82
node.lua:665	node.lua:679
frame: 000458
main.lua:147	main.lua:148
sapp_run	[builtin#171]
main.lua:0	main.lua:219
@0x7ff727ef4830	@0x7ff727ef4830
frame: 000458
system.lua:sleep	system.lua:197
init.lua:run	init.lua:609
main_states.lua:Update	main_states.lua:196
statemanager.lua:Update	statemanager.lua:118
sequencer.lua:Update	sequencer.lua:66
main.lua:155	main.lua:168
sapp_run	[builtin#171]
main.lua:0	main.lua:219
@0x7ff727ef4830	@0x7ff727ef4830
frame: 000459
main.lua:147	main.lua:148
sapp_run	[builtin#171]
main.lua:0	main.lua:219
@0x7ff727ef4830	@0x7ff727ef4830
frame: 000459
system.lua:sleep	system.lua:197
init.lua:run	init.lua:609
main_states.lua:Update	main_states.lua:196
statemanager.lua:Update	statemanager.lua:118
sequencer.lua:Update	sequencer.lua:66
main.lua:155	main.lua:168
sapp_run	[builtin#171]
main.lua:0	main.lua:219
@0x7ff727ef4830	@0x7ff727ef4830
frame: 000460
system.lua:sleep	system.lua:197
init.lua:run	init.lua:609
main_states.lua:Update	main_states.lua:196
statemanager.lua:Update	statemanager.lua:118
sequencer.lua:Update	sequencer.lua:66
main.lua:155	main.lua:168
sapp_run	[builtin#171]
main.lua:0	main.lua:219
@0x7ff727ef4830	@0x7ff727ef4830
frame: 000460
nuklear.lua:set_clip_rect	nuklear.lua:42
renderer.lua:set_clip_rect	renderer.lua:282
init.lua:render	init.lua:512
main_states.lua:custom	main_states.lua:208
main_states.lua:79	main_states.lua:85
pcall	[builtin#20]
main_states.lua:Update	main_states.lua:207
statemanager.lua:Update	statemanager.lua:118
sequencer.lua:Update	sequencer.lua:66
main.lua:155	main.lua:168
frame: 000461
system.lua:sleep	system.lua:197
init.lua:run	init.lua:609
main_states.lua:Update	main_states.lua:196
statemanager.lua:Update	statemanager.lua:118
sequencer.lua:Update	sequencer.lua:66
main.lua:155	main.lua:168
sapp_run	[builtin#171]
main.lua:0	main.lua:219
@0x7ff727ef4830	@0x7ff727ef4830
frame: 000462
system.lua:sleep	system.lua:197
init.lua:run	init.lua:609
main_states.lua:Update	main_states.lua:196
statemanager.lua:Update	statemanager.lua:118
sequencer.lua:Update	sequencer.lua:66
main.lua:155	main.lua:168
sapp_run	[builtin#171]
main.lua:0	main.lua:219
@0x7ff727ef4830	@0x7ff727ef4830
frame: 000463
system.lua:sleep	system.lua:197
init.lua:run	init.lua:609
main_states.lua:Update	main_states.lua:196
statemanager.lua:Update	statemanager.lua:118
sequencer.lua:Update	sequencer.lua:66
main.lua:155	main.lua:168
sapp_run	[builtin#171]
main.lua:0	main.lua:219
@0x7ff727ef4830	@0x7ff727ef4830
frame: 000463
main.lua:155	main.lua:178
sapp_run	[builtin#171]
main.lua:0	main.lua:219
@0x7ff727ef4830	@0x7ff727ef4830
frame: 000464
system.lua:sleep	system.lua:197
init.lua:run	init.lua:609
main_states.lua:Update	main_states.lua:196
statemanager.lua:Update	statemanager.lua:118
sequencer.lua:Update	sequencer.lua:66
main.lua:155	main.lua:168
sapp_run	[builtin#171]
main.lua:0	main.lua:219
@0x7ff727ef4830	@0x7ff727ef4830
frame: 000465
main.lua:155	main.lua:158
sapp_run	[builtin#171]
main.lua:0	main.lua:219
@0x7ff727ef4830	@0x7ff727ef4830
frame: 000465
system.lua:sleep	system.lua:197
init.lua:run	init.lua:609
main_states.lua:Update	main_states.lua:196
statemanager.lua:Update	statemanager.lua:118
sequencer.lua:Update	sequencer.lua:66
main.lua:155	main.lua:168
sapp_run	[builtin#171]
main.lua:0	main.lua:219
@0x7ff727ef4830	@0x7ff727ef4830
frame: 000465
nuklear.lua:draw_rect	nuklear.lua:54
renderer.lua:draw_rect	renderer.lua:289
node.lua:draw	node.lua:678
rootview.lua:draw	rootview.lua:570
autocomplete.lua:draw	autocomplete.lua:238
init.lua:render	init.lua:513
main_states.lua:custom	main_states.lua:208
main_states.lua:79	main_states.lua:85
pcall	[builtin#20]
main_states.lua:Update	main_states.lua:207
frame: 000466
main.lua:147	main.lua:148
sapp_run	[builtin#171]
main.lua:0	main.lua:219
@0x7ff727ef4830	@0x7ff727ef4830
frame: 000466
system.lua:sleep	system.lua:197
init.lua:run	init.lua:609
main_states.lua:Update	main_states.lua:196
statemanager.lua:Update	statemanager.lua:118
sequencer.lua:Update	sequencer.lua:66
main.lua:155	main.lua:168
sapp_run	[builtin#171]
main.lua:0	main.lua:219
@0x7ff727ef4830	@0x7ff727ef4830
frame: 000467
system.lua:sleep	system.lua:197
init.lua:run	init.lua:609
main_states.lua:Update	main_states.lua:196
statemanager.lua:Update	statemanager.lua:118
sequencer.lua:Update	sequencer.lua:66
main.lua:155	main.lua:168
sapp_run	[builtin#171]
main.lua:0	main.lua:219
@0x7ff727ef4830	@0x7ff727ef4830
frame: 000468
system.lua:sleep	system.lua:197
init.lua:run	init.lua:609
main_states.lua:Update	main_states.lua:196
statemanager.lua:Update	statemanager.lua:118
sequencer.lua:Update	sequencer.lua:66
main.lua:155	main.lua:168
sapp_run	[builtin#171]
main.lua:0	main.lua:219
@0x7ff727ef4830	@0x7ff727ef4830
frame: 000468
main_states.lua:Render	main_states.lua:219
statemanager.lua:Render	statemanager.lua:141
sequencer.lua:Render	sequencer.lua:72
main.lua:155	main.lua:178
sapp_run	[builtin#171]
main.lua:0	main.lua:219
@0x7ff727ef4830	@0x7ff727ef4830
frame: 000469
system.lua:sleep	system.lua:197
init.lua:run	init.lua:609
main_states.lua:Update	main_states.lua:196
statemanager.lua:Update	statemanager.lua:118
sequencer.lua:Update	sequencer.lua:66
main.lua:155	main.lua:168
sapp_run	[builtin#171]
main.lua:0	main.lua:219
@0x7ff727ef4830	@0x7ff727ef4830
frame: 000469
main_states.lua:Render	main_states.lua:219
statemanager.lua:Render	statemanager.lua:141
sequencer.lua:Render	sequencer.lua:72
main.lua:155	main.lua:178
sapp_run	[builtin#171]
main.lua:0	main.lua:219
@0x7ff727ef4830	@0x7ff727ef4830
frame: 000470
system.lua:sleep	system.lua:197
init.lua:run	init.lua:609
main_states.lua:Update	main_states.lua:196
statemanager.lua:Update	statemanager.lua:118
sequencer.lua:Update	sequencer.lua:66
main.lua:155	main.lua:168
sapp_run	[builtin#171]
main.lua:0	main.lua:219
@0x7ff727ef4830	@0x7ff727ef4830
frame: 000471
main.lua:147	main.lua:148
sapp_run	[builtin#171]
main.lua:0	main.lua:219
@0x7ff727ef4830	@0x7ff727ef4830
frame: 000471
system.lua:sleep	system.lua:197
init.lua:run	init.lua:609
main_states.lua:Update	main_states.lua:196
statemanager.lua:Update	statemanager.lua:118
sequencer.lua:Update	sequencer.lua:66
main.lua:155	main.lua:168
sapp_run	[builtin#171]
main.lua:0	main.lua:219
@0x7ff727ef4830	@0x7ff727ef4830
frame: 000471
main_states.lua:Render	main_states.lua:219
statemanager.lua:Render	statemanager.lua:141
sequencer.lua:Render	sequencer.lua:72
main.lua:155	main.lua:178
sapp_run	[builtin#171]
main.lua:0	main.lua:219
@0x7ff727ef4830	@0x7ff727ef4830
frame: 000472
system.lua:sleep	system.lua:197
init.lua:run	init.lua:609
main_states.lua:Update	main_states.lua:196
statemanager.lua:Update	statemanager.lua:118
sequencer.lua:Update	sequencer.lua:66
main.lua:155	main.lua:168
sapp_run	[builtin#171]
main.lua:0	main.lua:219
@0x7ff727ef4830	@0x7ff727ef4830
frame: 000472
main_states.lua:Render	main_states.lua:219
statemanager.lua:Render	statemanager.lua:141
sequencer.lua:Render	sequencer.lua:72
main.lua:155	main.lua:178
sapp_run	[builtin#171]
main.lua:0	main.lua:219
@0x7ff727ef4830	@0x7ff727ef4830
frame: 000473
system.lua:sleep	system.lua:197
init.lua:run	init.lua:609
main_states.lua:Update	main_states.lua:196
statemanager.lua:Update	statemanager.lua:118
sequencer.lua:Update	sequencer.lua:66
main.lua:155	main.lua:168
sapp_run	[builtin#171]
main.lua:0	main.lua:219
@0x7ff727ef4830	@0x7ff727ef4830
frame: 000474
system.lua:sleep	system.lua:197
init.lua:run	init.lua:609
main_states.lua:Update	main_states.lua:196
statemanager.lua:Update	statemanager.lua:118
sequencer.lua:Update	sequencer.lua:66
main.lua:155	main.lua:168
sapp_run	[builtin#171]
main.lua:0	main.lua:219
@0x7ff727ef4830	@0x7ff727ef4830
frame: 000475
system.lua:sleep	system.lua:197
init.lua:run	init.lua:609
main_states.lua:Update	main_states.lua:196
statemanager.lua:Update	statemanager.lua:118
sequencer.lua:Update	sequencer.lua:66
main.lua:155	main.lua:168
sapp_run	[builtin#171]
main.lua:0	main.lua:219
@0x7ff727ef4830	@0x7ff727ef4830
frame: 000476
system.lua:sleep	system.lua:197
init.lua:run	init.lua:609
main_states.lua:Update	main_states.lua:196
statemanager.lua:Update	statemanager.lua:118
sequencer.lua:Update	sequencer.lua:66
main.lua:155	main.lua:168
sapp_run	[builtin#171]
main.lua:0	main.lua:219
@0x7ff727ef4830	@0x7ff727ef4830
frame: 000477
system.lua:sleep	system.lua:197
init.lua:run	init.lua:609
main_states.lua:Update	main_states.lua:196
statemanager.lua:Update	statemanager.lua:118
sequencer.lua:Update	sequencer.lua:66
main.lua:155	main.lua:168
sapp_run	[builtin#171]
main.lua:0	main.lua:219
@0x7ff727ef4830	@0x7ff727ef4830
frame: 000477
main.lua:155	main.lua:178
sapp_run	[builtin#171]
main.lua:0	main.lua:219
@0x7ff727ef4830	@0x7ff727ef4830
frame: 000478
system.lua:sleep	system.lua:197
init.lua:run	init.lua:609
main_states.lua:Update	main_states.lua:196
statemanager.lua:Update	statemanager.lua:118
sequencer.lua:Update	sequencer.lua:66
main.lua:155	main.lua:168
sapp_run	[builtin#171]
main.lua:0	main.lua:219
@0x7ff727ef4830	@0x7ff727ef4830
frame: 000479
system.lua:sleep	system.lua:197
init.lua:run	init.lua:609
main_states.lua:Update	main_states.lua:196
statemanager.lua:Update	statemanager.lua:118
sequencer.lua:Update	sequencer.lua:66
main.lua:155	main.lua:168
sapp_run	[builtin#171]
main.lua:0	main.lua:219
@0x7ff727ef4830	@0x7ff727ef4830
frame: 000480
system.lua:sleep	system.lua:197
init.lua:run	init.lua:609
main_states.lua:Update	main_states.lua:196
statemanager.lua:Update	statemanager.lua:118
sequencer.lua:Update	sequencer.lua:66
main.lua:155	main.lua:168
sapp_run	[builtin#171]
main.lua:0	main.lua:219
@0x7ff727ef4830	@0x7ff727ef4830
frame: 000480
rootview.lua:draw	rootview.lua:570
autocomplete.lua:draw	autocomplete.lua:238
init.lua:render	init.lua:513
main_states.lua:custom	main_states.lua:208
main_states.lua:79	main_states.lua:85
pcall	[builtin#20]
main_states.lua:Update	main_states.lua:207
statemanager.lua:Update	statemanager.lua:118
sequencer.lua:Update	sequencer.lua:66
main.lua:155	main.lua:168
frame: 000481
system.lua:sleep	system.lua:197
init.lua:run	init.lua:609
main_states.lua:Update	main_states.lua:196
statemanager.lua:Update	statemanager.lua:118
sequencer.lua:Update	sequencer.lua:66
main.lua:155	main.lua:168
sapp_run	[builtin#171]
main.lua:0	main.lua:219
@0x7ff727ef4830	@0x7ff727ef4830
frame: 000482
system.lua:sleep	system.lua:197
init.lua:run	init.lua:609
main_states.lua:Update	main_states.lua:196
statemanager.lua:Update	statemanager.lua:118
sequencer.lua:Update	sequencer.lua:66
main.lua:155	main.lua:168
sapp_run	[builtin#171]
main.lua:0	main.lua:219
@0x7ff727ef4830	@0x7ff727ef4830
frame: 000483
system.lua:sleep	system.lua:197
init.lua:run	init.lua:609
main_states.lua:Update	main_states.lua:196
statemanager.lua:Update	statemanager.lua:118
sequencer.lua:Update	sequencer.lua:66
main.lua:155	main.lua:168
sapp_run	[builtin#171]
main.lua:0	main.lua:219
@0x7ff727ef4830	@0x7ff727ef4830
frame: 000483
node.lua:665	node.lua:679
node.lua:propagate	node.lua:81
node.lua:665	node.lua:679
node.lua:propagate	node.lua:81
node.lua:draw	node.lua:679
rootview.lua:draw	rootview.lua:570
autocomplete.lua:draw	autocomplete.lua:238
init.lua:render	init.lua:513
main_states.lua:custom	main_states.lua:208
main_states.lua:79	main_states.lua:85
frame: 000484
system.lua:sleep	system.lua:197
init.lua:run	init.lua:609
main_states.lua:Update	main_states.lua:196
statemanager.lua:Update	statemanager.lua:118
sequencer.lua:Update	sequencer.lua:66
main.lua:155	main.lua:168
sapp_run	[builtin#171]
main.lua:0	main.lua:219
@0x7ff727ef4830	@0x7ff727ef4830
frame: 000484
main.lua:155	main.lua:178
sapp_run	[builtin#171]
main.lua:0	main.lua:219
@0x7ff727ef4830	@0x7ff727ef4830
frame: 000485
system.lua:sleep	system.lua:197
init.lua:run	init.lua:609
main_states.lua:Update	main_states.lua:196
statemanager.lua:Update	statemanager.lua:118
sequencer.lua:Update	sequencer.lua:66
main.lua:155	main.lua:168
sapp_run	[builtin#171]
main.lua:0	main.lua:219
@0x7ff727ef4830	@0x7ff727ef4830
frame: 000485
main_states.lua:Render	main_states.lua:219
statemanager.lua:Render	statemanager.lua:141
sequencer.lua:Render	sequencer.lua:72
main.lua:155	main.lua:178
sapp_run	[builtin#171]
main.lua:0	main.lua:219
@0x7ff727ef4830	@0x7ff727ef4830
frame: 000486
system.lua:sleep	system.lua:197
init.lua:run	init.lua:609
main_states.lua:Update	main_states.lua:196
statemanager.lua:Update	statemanager.lua:118
sequencer.lua:Update	sequencer.lua:66
main.lua:155	main.lua:168
sapp_run	[builtin#171]
main.lua:0	main.lua:219
@0x7ff727ef4830	@0x7ff727ef4830
frame: 000487
renderer.lua:get_size	renderer.lua:264
init.lua:step	init.lua:480
init.lua:run	init.lua:602
main_states.lua:Update	main_states.lua:196
statemanager.lua:Update	statemanager.lua:118
sequencer.lua:Update	sequencer.lua:66
main.lua:155	main.lua:168
sapp_run	[builtin#171]
main.lua:0	main.lua:219
@0x7ff727ef4830	@0x7ff727ef4830
frame: 000487
system.lua:sleep	system.lua:197
init.lua:run	init.lua:609
main_states.lua:Update	main_states.lua:196
statemanager.lua:Update	statemanager.lua:118
sequencer.lua:Update	sequencer.lua:66
main.lua:155	main.lua:168
sapp_run	[builtin#171]
main.lua:0	main.lua:219
@0x7ff727ef4830	@0x7ff727ef4830
frame: 000488
main.lua:155	main.lua:158
sapp_run	[builtin#171]
main.lua:0	main.lua:219
@0x7ff727ef4830	@0x7ff727ef4830
frame: 000488
system.lua:sleep	system.lua:197
init.lua:run	init.lua:609
main_states.lua:Update	main_states.lua:196
statemanager.lua:Update	statemanager.lua:118
sequencer.lua:Update	sequencer.lua:66
main.lua:155	main.lua:168
sapp_run	[builtin#171]
main.lua:0	main.lua:219
@0x7ff727ef4830	@0x7ff727ef4830
frame: 000488
sidebar.lua:get_cached	sidebar.lua:115
sidebar.lua:128	sidebar.lua:138
frame: 000489
system.lua:sleep	system.lua:197
init.lua:run	init.lua:609
main_states.lua:Update	main_states.lua:196
statemanager.lua:Update	statemanager.lua:118
sequencer.lua:Update	sequencer.lua:66
main.lua:155	main.lua:168
sapp_run	[builtin#171]
main.lua:0	main.lua:219
@0x7ff727ef4830	@0x7ff727ef4830
frame: 000490
system.lua:sleep	system.lua:197
init.lua:run	init.lua:609
main_states.lua:Update	main_states.lua:196
statemanager.lua:Update	statemanager.lua:118
sequencer.lua:Update	sequencer.lua:66
main.lua:155	main.lua:168
sapp_run	[builtin#171]
main.lua:0	main.lua:219
@0x7ff727ef4830	@0x7ff727ef4830
frame: 000491
system.lua:sleep	system.lua:197
init.lua:run	init.lua:609
main_states.lua:Update	main_states.lua:196
statemanager.lua:Update	statemanager.lua:118
sequencer.lua:Update	sequencer.lua:66
main.lua:155	main.lua:168
sapp_run	[builtin#171]
main.lua:0	main.lua:219
@0x7ff727ef4830	@0x7ff727ef4830
frame: 000492
system.lua:sleep	system.lua:197
init.lua:run	init.lua:609
main_states.lua:Update	main_states.lua:196
statemanager.lua:Update	statemanager.lua:118
sequencer.lua:Update	sequencer.lua:66
main.lua:155	main.lua:168
sapp_run	[builtin#171]
main.lua:0	main.lua:219
@0x7ff727ef4830	@0x7ff727ef4830
frame: 000492
main.lua:155	main.lua:178
sapp_run	[builtin#171]
main.lua:0	main.lua:219
@0x7ff727ef4830	@0x7ff727ef4830
frame: 000493
system.lua:sleep	system.lua:197
init.lua:run	init.lua:609
main_states.lua:Update	main_states.lua:196
statemanager.lua:Update	statemanager.lua:118
sequencer.lua:Update	sequencer.lua:66
main.lua:155	main.lua:168
sapp_run	[builtin#171]
main.lua:0	main.lua:219
@0x7ff727ef4830	@0x7ff727ef4830
frame: 000494
system.lua:sleep	system.lua:197
init.lua:run	init.lua:609
main_states.lua:Update	main_states.lua:196
statemanager.lua:Update	statemanager.lua:118
sequencer.lua:Update	sequencer.lua:66
main.lua:155	main.lua:168
sapp_run	[builtin#171]
main.lua:0	main.lua:219
@0x7ff727ef4830	@0x7ff727ef4830
frame: 000495
system.lua:sleep	system.lua:197
init.lua:run	init.lua:609
main_states.lua:Update	main_states.lua:196
statemanager.lua:Update	statemanager.lua:118
sequencer.lua:Update	sequencer.lua:66
main.lua:155	main.lua:168
sapp_run	[builtin#171]
main.lua:0	main.lua:219
@0x7ff727ef4830	@0x7ff727ef4830
frame: 000495
main_states.lua:Render	main_states.lua:219
statemanager.lua:Render	statemanager.lua:141
sequencer.lua:Render	sequencer.lua:72
main.lua:155	main.lua:178
sapp_run	[builtin#171]
main.lua:0	main.lua:219
@0x7ff727ef4830	@0x7ff727ef4830
frame: 000496
system.lua:sleep	system.lua:197
init.lua:run	init.lua:609
main_states.lua:Update	main_states.lua:196
statemanager.lua:Update	statemanager.lua:118
sequencer.lua:Update	sequencer.lua:66
main.lua:155	main.lua:168
sapp_run	[builtin#171]
main.lua:0	main.lua:219
@0x7ff727ef4830	@0x7ff727ef4830
frame: 000497
system.lua:sleep	system.lua:197
init.lua:run	init.lua:609
main_states.lua:Update	main_states.lua:196
statemanager.lua:Update	statemanager.lua:118
sequencer.lua:Update	sequencer.lua:66
main.lua:155	main.lua:168
sapp_run	[builtin#171]
main.lua:0	main.lua:219
@0x7ff727ef4830	@0x7ff727ef4830
frame: 000498
system.lua:sleep	system.lua:197
init.lua:run	init.lua:609
main_states.lua:Update	main_states.lua:196
statemanager.lua:Update	statemanager.lua:118
sequencer.lua:Update	sequencer.lua:66
main.lua:155	main.lua:168
sapp_run	[builtin#171]
main.lua:0	main.lua:219
@0x7ff727ef4830	@0x7ff727ef4830
frame: 000499
system.lua:sleep	system.lua:197
init.lua:run	init.lua:609
main_states.lua:Update	main_states.lua:196
statemanager.lua:Update	statemanager.lua:118
sequencer.lua:Update	sequencer.lua:66
main.lua:155	main.lua:168
sapp_run	[builtin#171]
main.lua:0	main.lua:219
@0x7ff727ef4830	@0x7ff727ef4830
frame: 000499
main_states.lua:Render	main_states.lua:219
statemanager.lua:Render	statemanager.lua:141
sequencer.lua:Render	sequencer.lua:72
main.lua:155	main.lua:178
sapp_run	[builtin#171]
main.lua:0	main.lua:219
@0x7ff727ef4830	@0x7ff727ef4830
frame: 000500
system.lua:sleep	system.lua:197
init.lua:run	init.lua:609
main_states.lua:Update	main_states.lua:196
statemanager.lua:Update	statemanager.lua:118
sequencer.lua:Update	sequencer.lua:66
main.lua:155	main.lua:168
sapp_run	[builtin#171]
main.lua:0	main.lua:219
@0x7ff727ef4830	@0x7ff727ef4830
frame: 000501
system.lua:sleep	system.lua:197
init.lua:run	init.lua:609
main_states.lua:Update	main_states.lua:196
statemanager.lua:Update	statemanager.lua:118
sequencer.lua:Update	sequencer.lua:66
main.lua:155	main.lua:168
sapp_run	[builtin#171]
main.lua:0	main.lua:219
@0x7ff727ef4830	@0x7ff727ef4830
frame: 000501
main_states.lua:Render	main_states.lua:219
statemanager.lua:Render	statemanager.lua:141
sequencer.lua:Render	sequencer.lua:72
main.lua:155	main.lua:178
sapp_run	[builtin#171]
main.lua:0	main.lua:219
@0x7ff727ef4830	@0x7ff727ef4830
frame: 000502
system.lua:sleep	system.lua:197
init.lua:run	init.lua:609
main_states.lua:Update	main_states.lua:196
statemanager.lua:Update	statemanager.lua:118
sequencer.lua:Update	sequencer.lua:66
main.lua:155	main.lua:168
sapp_run	[builtin#171]
main.lua:0	main.lua:219
@0x7ff727ef4830	@0x7ff727ef4830
frame: 000503
main.lua:147	main.lua:148
sapp_run	[builtin#171]
main.lua:0	main.lua:219
@0x7ff727ef4830	@0x7ff727ef4830
frame: 000503
system.lua:sleep	system.lua:197
init.lua:run	init.lua:609
main_states.lua:Update	main_states.lua:196
statemanager.lua:Update	statemanager.lua:118
sequencer.lua:Update	sequencer.lua:66
main.lua:155	main.lua:168
sapp_run	[builtin#171]
main.lua:0	main.lua:219
@0x7ff727ef4830	@0x7ff727ef4830
frame: 000503
main_states.lua:Render	main_states.lua:219
statemanager.lua:Render	statemanager.lua:141
sequencer.lua:Render	sequencer.lua:72
main.lua:155	main.lua:178
sapp_run	[builtin#171]
main.lua:0	main.lua:219
@0x7ff727ef4830	@0x7ff727ef4830
frame: 000504
system.lua:sleep	system.lua:197
init.lua:run	init.lua:609
main_states.lua:Update	main_states.lua:196
statemanager.lua:Update	statemanager.lua:118
sequencer.lua:Update	sequencer.lua:66
main.lua:155	main.lua:168
sapp_run	[builtin#171]
main.lua:0	main.lua:219
@0x7ff727ef4830	@0x7ff727ef4830
frame: 000504
main_states.lua:Render	main_states.lua:219
statemanager.lua:Render	statemanager.lua:141
sequencer.lua:Render	sequencer.lua:72
main.lua:155	main.lua:178
sapp_run	[builtin#171]
main.lua:0	main.lua:219
@0x7ff727ef4830	@0x7ff727ef4830
frame: 000505
system.lua:sleep	system.lua:197
init.lua:run	init.lua:609
main_states.lua:Update	main_states.lua:196
statemanager.lua:Update	statemanager.lua:118
sequencer.lua:Update	sequencer.lua:66
main.lua:155	main.lua:168
sapp_run	[builtin#171]
main.lua:0	main.lua:219
@0x7ff727ef4830	@0x7ff727ef4830
frame: 000506
system.lua:sleep	system.lua:197
init.lua:run	init.lua:609
main_states.lua:Update	main_states.lua:196
statemanager.lua:Update	statemanager.lua:118
sequencer.lua:Update	sequencer.lua:66
main.lua:155	main.lua:168
sapp_run	[builtin#171]
main.lua:0	main.lua:219
@0x7ff727ef4830	@0x7ff727ef4830
frame: 000506
common.lua:draw_text	common.lua:124
sidebar.lua:draw	sidebar.lua:230
node.lua:665	node.lua:673
node.lua:propagate	node.lua:81
node.lua:665	node.lua:679
node.lua:propagate	node.lua:81
node.lua:665	node.lua:679
node.lua:propagate	node.lua:81
node.lua:draw	node.lua:679
rootview.lua:draw	rootview.lua:570
frame: 000507
system.lua:sleep	system.lua:197
init.lua:run	init.lua:609
main_states.lua:Update	main_states.lua:196
statemanager.lua:Update	statemanager.lua:118
sequencer.lua:Update	sequencer.lua:66
main.lua:155	main.lua:168
sapp_run	[builtin#171]
main.lua:0	main.lua:219
@0x7ff727ef4830	@0x7ff727ef4830
frame: 000508
main.lua:147	main.lua:148
sapp_run	[builtin#171]
main.lua:0	main.lua:219
@0x7ff727ef4830	@0x7ff727ef4830
frame: 000508
system.lua:sleep	system.lua:197
init.lua:run	init.lua:609
main_states.lua:Update	main_states.lua:196
statemanager.lua:Update	statemanager.lua:118
sequencer.lua:Update	sequencer.lua:66
main.lua:155	main.lua:168
sapp_run	[builtin#171]
main.lua:0	main.lua:219
@0x7ff727ef4830	@0x7ff727ef4830
frame: 000509
main.lua:147	main.lua:148
sapp_run	[builtin#171]
main.lua:0	main.lua:219
@0x7ff727ef4830	@0x7ff727ef4830
frame: 000509
system.lua:sleep	system.lua:197
init.lua:run	init.lua:609
main_states.lua:Update	main_states.lua:196
statemanager.lua:Update	statemanager.lua:118
sequencer.lua:Update	sequencer.lua:66
main.lua:155	main.lua:168
sapp_run	[builtin#171]
main.lua:0	main.lua:219
@0x7ff727ef4830	@0x7ff727ef4830
frame: 000510
system.lua:sleep	system.lua:197
init.lua:run	init.lua:609
main_states.lua:Update	main_states.lua:196
statemanager.lua:Update	statemanager.lua:118
sequencer.lua:Update	sequencer.lua:66
main.lua:155	main.lua:168
sapp_run	[builtin#171]
main.lua:0	main.lua:219
@0x7ff727ef4830	@0x7ff727ef4830
frame: 000511
system.lua:sleep	system.lua:197
init.lua:run	init.lua:609
main_states.lua:Update	main_states.lua:196
statemanager.lua:Update	statemanager.lua:118
sequencer.lua:Update	sequencer.lua:66
main.lua:155	main.lua:168
sapp_run	[builtin#171]
main.lua:0	main.lua:219
@0x7ff727ef4830	@0x7ff727ef4830
frame: 000512
system.lua:sleep	system.lua:197
init.lua:run	init.lua:609
main_states.lua:Update	main_states.lua:196
statemanager.lua:Update	statemanager.lua:118
sequencer.lua:Update	sequencer.lua:66
main.lua:155	main.lua:168
sapp_run	[builtin#171]
main.lua:0	main.lua:219
@0x7ff727ef4830	@0x7ff727ef4830
frame: 000513
system.lua:sleep	system.lua:197
init.lua:run	init.lua:609
main_states.lua:Update	main_states.lua:196
statemanager.lua:Update	statemanager.lua:118
sequencer.lua:Update	sequencer.lua:66
main.lua:155	main.lua:168
sapp_run	[builtin#171]
main.lua:0	main.lua:219
@0x7ff727ef4830	@0x7ff727ef4830
frame: 000514
main.lua:147	main.lua:148
sapp_run	[builtin#171]
main.lua:0	main.lua:219
@0x7ff727ef4830	@0x7ff727ef4830
frame: 000514
system.lua:sleep	system.lua:197
init.lua:run	init.lua:609
main_states.lua:Update	main_states.lua:196
statemanager.lua:Update	statemanager.lua:118
sequencer.lua:Update	sequencer.lua:66
main.lua:155	main.lua:168
sapp_run	[builtin#171]
main.lua:0	main.lua:219
@0x7ff727ef4830	@0x7ff727ef4830
frame: 000515
system.lua:sleep	system.lua:197
init.lua:run	init.lua:609
main_states.lua:Update	main_states.lua:196
statemanager.lua:Update	statemanager.lua:118
sequencer.lua:Update	sequencer.lua:66
main.lua:155	main.lua:168
sapp_run	[builtin#171]
main.lua:0	main.lua:219
@0x7ff727ef4830	@0x7ff727ef4830
frame: 000515
renderer.lua:get_width	renderer.lua:240
common.lua:draw_text	common.lua:124
sidebar.lua:draw	sidebar.lua:230
node.lua:665	node.lua:673
node.lua:propagate	node.lua:81
node.lua:665	node.lua:679
node.lua:propagate	node.lua:81
node.lua:665	node.lua:679
node.lua:propagate	node.lua:81
node.lua:draw	node.lua:679
frame: 000516
system.lua:sleep	system.lua:197
init.lua:run	init.lua:609
main_states.lua:Update	main_states.lua:196
statemanager.lua:Update	statemanager.lua:118
sequencer.lua:Update	sequencer.lua:66
main.lua:155	main.lua:168
sapp_run	[builtin#171]
main.lua:0	main.lua:219
@0x7ff727ef4830	@0x7ff727ef4830
frame: 000517
system.lua:sleep	system.lua:197
init.lua:run	init.lua:609
main_states.lua:Update	main_states.lua:196
statemanager.lua:Update	statemanager.lua:118
sequencer.lua:Update	sequencer.lua:66
main.lua:155	main.lua:168
sapp_run	[builtin#171]
main.lua:0	main.lua:219
@0x7ff727ef4830	@0x7ff727ef4830
frame: 000518
system.lua:sleep	system.lua:197
init.lua:run	init.lua:609
main_states.lua:Update	main_states.lua:196
statemanager.lua:Update	statemanager.lua:118
sequencer.lua:Update	sequencer.lua:66
main.lua:155	main.lua:168
sapp_run	[builtin#171]
main.lua:0	main.lua:219
@0x7ff727ef4830	@0x7ff727ef4830
frame: 000519
node.lua:is_resizable	node.lua:325
node.lua:is_resizable	node.lua:328
node.lua:is_resizable	node.lua:327
node.lua:is_resizable	node.lua:328
node.lua:is_resizable	node.lua:328
node.lua:is_resizable	node.lua:328
node.lua:is_resizable	node.lua:327
node.lua:get_divider_overlapping_point	node.lua:302
rootview.lua:on_mouse_moved	rootview.lua:382
init.lua:on_event	init.lua:424
frame: 000519
system.lua:sleep	system.lua:197
init.lua:run	init.lua:609
main_states.lua:Update	main_states.lua:196
statemanager.lua:Update	statemanager.lua:118
sequencer.lua:Update	sequencer.lua:66
main.lua:155	main.lua:168
sapp_run	[builtin#171]
main.lua:0	main.lua:219
@0x7ff727ef4830	@0x7ff727ef4830
frame: 000520
init.lua:step	init.lua:465
init.lua:run	init.lua:602
main_states.lua:Update	main_states.lua:196
statemanager.lua:Update	statemanager.lua:118
sequencer.lua:Update	sequencer.lua:66
main.lua:155	main.lua:168
sapp_run	[builtin#171]
main.lua:0	main.lua:219
@0x7ff727ef4830	@0x7ff727ef4830
frame: 000520
system.lua:sleep	system.lua:197
init.lua:run	init.lua:609
main_states.lua:Update	main_states.lua:196
statemanager.lua:Update	statemanager.lua:118
sequencer.lua:Update	sequencer.lua:66
main.lua:155	main.lua:168
sapp_run	[builtin#171]
main.lua:0	main.lua:219
@0x7ff727ef4830	@0x7ff727ef4830
frame: 000520
main_states.lua:Render	main_states.lua:219
statemanager.lua:Render	statemanager.lua:141
sequencer.lua:Render	sequencer.lua:72
main.lua:155	main.lua:178
sapp_run	[builtin#171]
main.lua:0	main.lua:219
@0x7ff727ef4830	@0x7ff727ef4830
frame: 000521
system.lua:sleep	system.lua:197
init.lua:run	init.lua:609
main_states.lua:Update	main_states.lua:196
statemanager.lua:Update	statemanager.lua:118
sequencer.lua:Update	sequencer.lua:66
main.lua:155	main.lua:168
sapp_run	[builtin#171]
main.lua:0	main.lua:219
@0x7ff727ef4830	@0x7ff727ef4830
frame: 000522
main.lua:147	main.lua:148
sapp_run	[builtin#171]
main.lua:0	main.lua:219
@0x7ff727ef4830	@0x7ff727ef4830
frame: 000522
system.lua:sleep	system.lua:197
init.lua:run	init.lua:609
main_states.lua:Update	main_states.lua:196
statemanager.lua:Update	statemanager.lua:118
sequencer.lua:Update	sequencer.lua:66
main.lua:155	main.lua:168
sapp_run	[builtin#171]
main.lua:0	main.lua:219
@0x7ff727ef4830	@0x7ff727ef4830
frame: 000522
renderer.lua:set_clip_rect	renderer.lua:282
init.lua:render	init.lua:512
main_states.lua:custom	main_states.lua:208
main_states.lua:79	main_states.lua:85
pcall	[builtin#20]
main_states.lua:Update	main_states.lua:207
statemanager.lua:Update	statemanager.lua:118
sequencer.lua:Update	sequencer.lua:66
main.lua:155	main.lua:168
sapp_run	[builtin#171]
frame: 000523
system.lua:sleep	system.lua:197
init.lua:run	init.lua:609
main_states.lua:Update	main_states.lua:196
statemanager.lua:Update	statemanager.lua:118
sequencer.lua:Update	sequencer.lua:66
main.lua:155	main.lua:168
sapp_run	[builtin#171]
main.lua:0	main.lua:219
@0x7ff727ef4830	@0x7ff727ef4830
frame: 000524
init.lua:518	init.lua:529
frame: 000524
system.lua:sleep	system.lua:197
init.lua:run	init.lua:609
main_states.lua:Update	main_states.lua:196
statemanager.lua:Update	statemanager.lua:118
sequencer.lua:Update	sequencer.lua:66
main.lua:155	main.lua:168
sapp_run	[builtin#171]
main.lua:0	main.lua:219
@0x7ff727ef4830	@0x7ff727ef4830
frame: 000524
main_states.lua:Render	main_states.lua:219
statemanager.lua:Render	statemanager.lua:141
sequencer.lua:Render	sequencer.lua:72
main.lua:155	main.lua:178
sapp_run	[builtin#171]
main.lua:0	main.lua:219
@0x7ff727ef4830	@0x7ff727ef4830
frame: 000525
system.lua:sleep	system.lua:197
init.lua:run	init.lua:609
main_states.lua:Update	main_states.lua:196
statemanager.lua:Update	statemanager.lua:118
sequencer.lua:Update	sequencer.lua:66
main.lua:155	main.lua:168
sapp_run	[builtin#171]
main.lua:0	main.lua:219
@0x7ff727ef4830	@0x7ff727ef4830
frame: 000525
main_states.lua:Render	main_states.lua:219
statemanager.lua:Render	statemanager.lua:141
sequencer.lua:Render	sequencer.lua:72
main.lua:155	main.lua:178
sapp_run	[builtin#171]
main.lua:0	main.lua:219
@0x7ff727ef4830	@0x7ff727ef4830
frame: 000526
system.lua:sleep	system.lua:197
init.lua:run	init.lua:609
main_states.lua:Update	main_states.lua:196
statemanager.lua:Update	statemanager.lua:118
sequencer.lua:Update	sequencer.lua:66
main.lua:155	main.lua:168
sapp_run	[builtin#171]
main.lua:0	main.lua:219
@0x7ff727ef4830	@0x7ff727ef4830
frame: 000526
main_states.lua:Render	main_states.lua:219
statemanager.lua:Render	statemanager.lua:141
sequencer.lua:Render	sequencer.lua:72
main.lua:155	main.lua:178
sapp_run	[builtin#171]
main.lua:0	main.lua:219
@0x7ff727ef4830	@0x7ff727ef4830
frame: 000527
system.lua:sleep	system.lua:197
init.lua:run	init.lua:609
main_states.lua:Update	main_states.lua:196
statemanager.lua:Update	statemanager.lua:118
sequencer.lua:Update	sequencer.lua:66
main.lua:155	main.lua:168
sapp_run	[builtin#171]
main.lua:0	main.lua:219
@0x7ff727ef4830	@0x7ff727ef4830
frame: 000527
main_states.lua:Render	main_states.lua:219
statemanager.lua:Render	statemanager.lua:141
sequencer.lua:Render	sequencer.lua:72
main.lua:155	main.lua:178
sapp_run	[builtin#171]
main.lua:0	main.lua:219
@0x7ff727ef4830	@0x7ff727ef4830
frame: 000528
system.lua:sleep	system.lua:197
init.lua:run	init.lua:609
main_states.lua:Update	main_states.lua:196
statemanager.lua:Update	statemanager.lua:118
sequencer.lua:Update	sequencer.lua:66
main.lua:155	main.lua:168
sapp_run	[builtin#171]
main.lua:0	main.lua:219
@0x7ff727ef4830	@0x7ff727ef4830
frame: 000529
main.lua:147	main.lua:148
sapp_run	[builtin#171]
main.lua:0	main.lua:219
@0x7ff727ef4830	@0x7ff727ef4830
frame: 000529
system.lua:sleep	system.lua:197
init.lua:run	init.lua:609
main_states.lua:Update	main_states.lua:196
statemanager.lua:Update	statemanager.lua:118
sequencer.lua:Update	sequencer.lua:66
main.lua:155	main.lua:168
sapp_run	[builtin#171]
main.lua:0	main.lua:219
@0x7ff727ef4830	@0x7ff727ef4830
frame: 000529
main_states.lua:Render	main_states.lua:219
statemanager.lua:Render	statemanager.lua:141
sequencer.lua:Render	sequencer.lua:72
main.lua:155	main.lua:178
sapp_run	[builtin#171]
main.lua:0	main.lua:219
@0x7ff727ef4830	@0x7ff727ef4830
frame: 000530
system.lua:sleep	system.lua:197
init.lua:run	init.lua:609
main_states.lua:Update	main_states.lua:196
statemanager.lua:Update	statemanager.lua:118
sequencer.lua:Update	sequencer.lua:66
main.lua:155	main.lua:168
sapp_run	[builtin#171]
main.lua:0	main.lua:219
@0x7ff727ef4830	@0x7ff727ef4830
frame: 000530
main_states.lua:Render	main_states.lua:219
statemanager.lua:Render	statemanager.lua:141
sequencer.lua:Render	sequencer.lua:72
main.lua:155	main.lua:178
sapp_run	[builtin#171]
main.lua:0	main.lua:219
@0x7ff727ef4830	@0x7ff727ef4830
frame: 000531
system.lua:sleep	system.lua:197
init.lua:run	init.lua:609
main_states.lua:Update	main_states.lua:196
statemanager.lua:Update	statemanager.lua:118
sequencer.lua:Update	sequencer.lua:66
main.lua:155	main.lua:168
sapp_run	[builtin#171]
main.lua:0	main.lua:219
@0x7ff727ef4830	@0x7ff727ef4830
frame: 000532
system.lua:sleep	system.lua:197
init.lua:run	init.lua:609
main_states.lua:Update	main_states.lua:196
statemanager.lua:Update	statemanager.lua:118
sequencer.lua:Update	sequencer.lua:66
main.lua:155	main.lua:168
sapp_run	[builtin#171]
main.lua:0	main.lua:219
@0x7ff727ef4830	@0x7ff727ef4830
frame: 000532
main_states.lua:79	main_states.lua:82
pcall	[builtin#20]
main_states.lua:Update	main_states.lua:207
statemanager.lua:Update	statemanager.lua:118
sequencer.lua:Update	sequencer.lua:66
main.lua:155	main.lua:168
sapp_run	[builtin#171]
main.lua:0	main.lua:219
@0x7ff727ef4830	@0x7ff727ef4830
frame: 000533
system.lua:sleep	system.lua:197
init.lua:run	init.lua:609
main_states.lua:Update	main_states.lua:196
statemanager.lua:Update	statemanager.lua:118
sequencer.lua:Update	sequencer.lua:66
main.lua:155	main.lua:168
sapp_run	[builtin#171]
main.lua:0	main.lua:219
@0x7ff727ef4830	@0x7ff727ef4830
frame: 000534
system.lua:sleep	system.lua:197
init.lua:run	init.lua:609
main_states.lua:Update	main_states.lua:196
statemanager.lua:Update	statemanager.lua:118
sequencer.lua:Update	sequencer.lua:66
main.lua:155	main.lua:168
sapp_run	[builtin#171]
main.lua:0	main.lua:219
@0x7ff727ef4830	@0x7ff727ef4830
frame: 000535
system.lua:sleep	system.lua:197
init.lua:run	init.lua:609
main_states.lua:Update	main_states.lua:196
statemanager.lua:Update	statemanager.lua:118
sequencer.lua:Update	sequencer.lua:66
main.lua:155	main.lua:168
sapp_run	[builtin#171]
main.lua:0	main.lua:219
@0x7ff727ef4830	@0x7ff727ef4830
frame: 000536
system.lua:sleep	system.lua:197
init.lua:run	init.lua:609
main_states.lua:Update	main_states.lua:196
statemanager.lua:Update	statemanager.lua:118
sequencer.lua:Update	sequencer.lua:66
main.lua:155	main.lua:168
sapp_run	[builtin#171]
main.lua:0	main.lua:219
@0x7ff727ef4830	@0x7ff727ef4830
frame: 000537
main.lua:147	main.lua:148
sapp_run	[builtin#171]
main.lua:0	main.lua:219
@0x7ff727ef4830	@0x7ff727ef4830
frame: 000537
system.lua:sleep	system.lua:197
init.lua:run	init.lua:609
main_states.lua:Update	main_states.lua:196
statemanager.lua:Update	statemanager.lua:118
sequencer.lua:Update	sequencer.lua:66
main.lua:155	main.lua:168
sapp_run	[builtin#171]
main.lua:0	main.lua:219
@0x7ff727ef4830	@0x7ff727ef4830
frame: 000538
system.lua:sleep	system.lua:197
init.lua:run	init.lua:609
main_states.lua:Update	main_states.lua:196
statemanager.lua:Update	statemanager.lua:118
sequencer.lua:Update	sequencer.lua:66
main.lua:155	main.lua:168
sapp_run	[builtin#171]
main.lua:0	main.lua:219
@0x7ff727ef4830	@0x7ff727ef4830
frame: 000538
main_states.lua:Render	main_states.lua:219
statemanager.lua:Render	statemanager.lua:141
sequencer.lua:Render	sequencer.lua:72
main.lua:155	main.lua:178
sapp_run	[builtin#171]
main.lua:0	main.lua:219
@0x7ff727ef4830	@0x7ff727ef4830
frame: 000539
system.lua:sleep	system.lua:197
init.lua:run	init.lua:609
main_states.lua:Update	main_states.lua:196
statemanager.lua:Update	statemanager.lua:118
sequencer.lua:Update	sequencer.lua:66
main.lua:155	main.lua:168
sapp_run	[builtin#171]
main.lua:0	main.lua:219
@0x7ff727ef4830	@0x7ff727ef4830
frame: 000539
main_states.lua:Render	main_states.lua:219
statemanager.lua:Render	statemanager.lua:141
sequencer.lua:Render	sequencer.lua:72
main.lua:155	main.lua:178
sapp_run	[builtin#171]
main.lua:0	main.lua:219
@0x7ff727ef4830	@0x7ff727ef4830
frame: 000540
system.lua:sleep	system.lua:197
init.lua:run	init.lua:609
main_states.lua:Update	main_states.lua:196
statemanager.lua:Update	statemanager.lua:118
sequencer.lua:Update	sequencer.lua:66
main.lua:155	main.lua:168
sapp_run	[builtin#171]
main.lua:0	main.lua:219
@0x7ff727ef4830	@0x7ff727ef4830
frame: 000540
main_states.lua:Render	main_states.lua:219
statemanager.lua:Render	statemanager.lua:141
sequencer.lua:Render	sequencer.lua:72
main.lua:155	main.lua:178
sapp_run	[builtin#171]
main.lua:0	main.lua:219
@0x7ff727ef4830	@0x7ff727ef4830
frame: 000541
system.lua:sleep	system.lua:197
init.lua:run	init.lua:609
main_states.lua:Update	main_states.lua:196
statemanager.lua:Update	statemanager.lua:118
sequencer.lua:Update	sequencer.lua:66
main.lua:155	main.lua:168
sapp_run	[builtin#171]
main.lua:0	main.lua:219
@0x7ff727ef4830	@0x7ff727ef4830
frame: 000541
nuklear.lua:draw_text	nuklear.lua:69
common.lua:draw_text	common.lua:131
sidebar.lua:draw	sidebar.lua:230
node.lua:665	node.lua:673
node.lua:propagate	node.lua:81
node.lua:665	node.lua:679
node.lua:propagate	node.lua:81
node.lua:665	node.lua:679
node.lua:propagate	node.lua:81
node.lua:draw	node.lua:679
frame: 000542
system.lua:sleep	system.lua:197
init.lua:run	init.lua:609
main_states.lua:Update	main_states.lua:196
statemanager.lua:Update	statemanager.lua:118
sequencer.lua:Update	sequencer.lua:66
main.lua:155	main.lua:168
sapp_run	[builtin#171]
main.lua:0	main.lua:219
@0x7ff727ef4830	@0x7ff727ef4830
frame: 000543
main.lua:147	main.lua:148
sapp_run	[builtin#171]
main.lua:0	main.lua:219
@0x7ff727ef4830	@0x7ff727ef4830
frame: 000543
system.lua:sleep	system.lua:197
init.lua:run	init.lua:609
main_states.lua:Update	main_states.lua:196
statemanager.lua:Update	statemanager.lua:118
sequencer.lua:Update	sequencer.lua:66
main.lua:155	main.lua:168
sapp_run	[builtin#171]
main.lua:0	main.lua:219
@0x7ff727ef4830	@0x7ff727ef4830
frame: 000543
main_states.lua:Render	main_states.lua:219
statemanager.lua:Render	statemanager.lua:141
sequencer.lua:Render	sequencer.lua:72
main.lua:155	main.lua:178
sapp_run	[builtin#171]
main.lua:0	main.lua:219
@0x7ff727ef4830	@0x7ff727ef4830
frame: 000544
system.lua:sleep	system.lua:197
init.lua:run	init.lua:609
main_states.lua:Update	main_states.lua:196
statemanager.lua:Update	statemanager.lua:118
sequencer.lua:Update	sequencer.lua:66
main.lua:155	main.lua:168
sapp_run	[builtin#171]
main.lua:0	main.lua:219
@0x7ff727ef4830	@0x7ff727ef4830
frame: 000544
main_states.lua:Render	main_states.lua:219
statemanager.lua:Render	statemanager.lua:141
sequencer.lua:Render	sequencer.lua:72
main.lua:155	main.lua:178
sapp_run	[builtin#171]
main.lua:0	main.lua:219
@0x7ff727ef4830	@0x7ff727ef4830
frame: 000545
system.lua:sleep	system.lua:197
init.lua:run	init.lua:609
main_states.lua:Update	main_states.lua:196
statemanager.lua:Update	statemanager.lua:118
sequencer.lua:Update	sequencer.lua:66
main.lua:155	main.lua:168
sapp_run	[builtin#171]
main.lua:0	main.lua:219
@0x7ff727ef4830	@0x7ff727ef4830
frame: 000545
main.lua:155	main.lua:175
sapp_run	[builtin#171]
main.lua:0	main.lua:219
@0x7ff727ef4830	@0x7ff727ef4830
frame: 000546
system.lua:sleep	system.lua:197
init.lua:run	init.lua:609
main_states.lua:Update	main_states.lua:196
statemanager.lua:Update	statemanager.lua:118
sequencer.lua:Update	sequencer.lua:66
main.lua:155	main.lua:168
sapp_run	[builtin#171]
main.lua:0	main.lua:219
@0x7ff727ef4830	@0x7ff727ef4830
frame: 000547
system.lua:sleep	system.lua:197
init.lua:run	init.lua:609
main_states.lua:Update	main_states.lua:196
statemanager.lua:Update	statemanager.lua:118
sequencer.lua:Update	sequencer.lua:66
main.lua:155	main.lua:168
sapp_run	[builtin#171]
main.lua:0	main.lua:219
@0x7ff727ef4830	@0x7ff727ef4830
frame: 000548
system.lua:sleep	system.lua:197
init.lua:run	init.lua:609
main_states.lua:Update	main_states.lua:196
statemanager.lua:Update	statemanager.lua:118
sequencer.lua:Update	sequencer.lua:66
main.lua:155	main.lua:168
sapp_run	[builtin#171]
main.lua:0	main.lua:219
@0x7ff727ef4830	@0x7ff727ef4830
frame: 000548
system.lua:events_clear	system.lua:78
init.lua:run	init.lua:610
main_states.lua:Update	main_states.lua:196
statemanager.lua:Update	statemanager.lua:118
sequencer.lua:Update	sequencer.lua:66
main.lua:155	main.lua:168
sapp_run	[builtin#171]
main.lua:0	main.lua:219
@0x7ff727ef4830	@0x7ff727ef4830
frame: 000549
system.lua:sleep	system.lua:197
init.lua:run	init.lua:609
main_states.lua:Update	main_states.lua:196
statemanager.lua:Update	statemanager.lua:118
sequencer.lua:Update	sequencer.lua:66
main.lua:155	main.lua:168
sapp_run	[builtin#171]
main.lua:0	main.lua:219
@0x7ff727ef4830	@0x7ff727ef4830
frame: 000550
system.lua:sleep	system.lua:197
init.lua:run	init.lua:609
main_states.lua:Update	main_states.lua:196
statemanager.lua:Update	statemanager.lua:118
sequencer.lua:Update	sequencer.lua:66
main.lua:155	main.lua:168
sapp_run	[builtin#171]
main.lua:0	main.lua:219
@0x7ff727ef4830	@0x7ff727ef4830
frame: 000551
system.lua:sleep	system.lua:197
init.lua:run	init.lua:609
main_states.lua:Update	main_states.lua:196
statemanager.lua:Update	statemanager.lua:118
sequencer.lua:Update	sequencer.lua:66
main.lua:155	main.lua:168
sapp_run	[builtin#171]
main.lua:0	main.lua:219
@0x7ff727ef4830	@0x7ff727ef4830
frame: 000551
main_states.lua:Render	main_states.lua:219
statemanager.lua:Render	statemanager.lua:141
sequencer.lua:Render	sequencer.lua:72
main.lua:155	main.lua:178
sapp_run	[builtin#171]
main.lua:0	main.lua:219
@0x7ff727ef4830	@0x7ff727ef4830
frame: 000552
system.lua:sleep	system.lua:197
init.lua:run	init.lua:609
main_states.lua:Update	main_states.lua:196
statemanager.lua:Update	statemanager.lua:118
sequencer.lua:Update	sequencer.lua:66
main.lua:155	main.lua:168
sapp_run	[builtin#171]
main.lua:0	main.lua:219
@0x7ff727ef4830	@0x7ff727ef4830
frame: 000553
system.lua:sleep	system.lua:197
init.lua:run	init.lua:609
main_states.lua:Update	main_states.lua:196
statemanager.lua:Update	statemanager.lua:118
sequencer.lua:Update	sequencer.lua:66
main.lua:155	main.lua:168
sapp_run	[builtin#171]
main.lua:0	main.lua:219
@0x7ff727ef4830	@0x7ff727ef4830
frame: 000554
system.lua:sleep	system.lua:197
init.lua:run	init.lua:609
main_states.lua:Update	main_states.lua:196
statemanager.lua:Update	statemanager.lua:118
sequencer.lua:Update	sequencer.lua:66
main.lua:155	main.lua:168
sapp_run	[builtin#171]
main.lua:0	main.lua:219
@0x7ff727ef4830	@0x7ff727ef4830
frame: 000555
system.lua:sleep	system.lua:197
init.lua:run	init.lua:609
main_states.lua:Update	main_states.lua:196
statemanager.lua:Update	statemanager.lua:118
sequencer.lua:Update	sequencer.lua:66
main.lua:155	main.lua:168
sapp_run	[builtin#171]
main.lua:0	main.lua:219
@0x7ff727ef4830	@0x7ff727ef4830
frame: 000556
system.lua:sleep	system.lua:197
init.lua:run	init.lua:609
main_states.lua:Update	main_states.lua:196
statemanager.lua:Update	statemanager.lua:118
sequencer.lua:Update	sequencer.lua:66
main.lua:155	main.lua:168
sapp_run	[builtin#171]
main.lua:0	main.lua:219
@0x7ff727ef4830	@0x7ff727ef4830
frame: 000556
main.lua:155	main.lua:173
sapp_run	[builtin#171]
main.lua:0	main.lua:219
@0x7ff727ef4830	@0x7ff727ef4830
frame: 000557
system.lua:sleep	system.lua:197
init.lua:run	init.lua:609
main_states.lua:Update	main_states.lua:196
statemanager.lua:Update	statemanager.lua:118
sequencer.lua:Update	sequencer.lua:66
main.lua:155	main.lua:168
sapp_run	[builtin#171]
main.lua:0	main.lua:219
@0x7ff727ef4830	@0x7ff727ef4830
frame: 000558
system.lua:sleep	system.lua:197
init.lua:run	init.lua:609
main_states.lua:Update	main_states.lua:196
statemanager.lua:Update	statemanager.lua:118
sequencer.lua:Update	sequencer.lua:66
main.lua:155	main.lua:168
sapp_run	[builtin#171]
main.lua:0	main.lua:219
@0x7ff727ef4830	@0x7ff727ef4830
frame: 000559
system.lua:sleep	system.lua:197
init.lua:run	init.lua:609
main_states.lua:Update	main_states.lua:196
statemanager.lua:Update	statemanager.lua:118
sequencer.lua:Update	sequencer.lua:66
main.lua:155	main.lua:168
sapp_run	[builtin#171]
main.lua:0	main.lua:219
@0x7ff727ef4830	@0x7ff727ef4830
frame: 000559
main.lua:155	main.lua:178
sapp_run	[builtin#171]
main.lua:0	main.lua:219
@0x7ff727ef4830	@0x7ff727ef4830
frame: 000560
system.lua:sleep	system.lua:197
init.lua:run	init.lua:609
main_states.lua:Update	main_states.lua:196
statemanager.lua:Update	statemanager.lua:118
sequencer.lua:Update	sequencer.lua:66
main.lua:155	main.lua:168
sapp_run	[builtin#171]
main.lua:0	main.lua:219
@0x7ff727ef4830	@0x7ff727ef4830
frame: 000561
system.lua:sleep	system.lua:197
init.lua:run	init.lua:609
main_states.lua:Update	main_states.lua:196
statemanager.lua:Update	statemanager.lua:118
sequencer.lua:Update	sequencer.lua:66
main.lua:155	main.lua:168
sapp_run	[builtin#171]
main.lua:0	main.lua:219
@0x7ff727ef4830	@0x7ff727ef4830
frame: 000562
nuklear.lua:load_image	nuklear.lua:91
renderer.lua:load_image	renderer.lua:321
gui.lua:init	gui.lua:174
view_theater.lua:148	view_theater.lua:155
xpcall	[builtin#21]
init.lua:try	init.lua:403
view_theater.lua:loader	view_theater.lua:148
init.lua:check_loaders	init.lua:74
init.lua:load	init.lua:82
autoreload.lua:load	autoreload.lua:52
frame: 000562
nuklear.lua:load_image	nuklear.lua:110
renderer.lua:load_image	renderer.lua:321
gui.lua:init	gui.lua:175
view_theater.lua:148	view_theater.lua:155
xpcall	[builtin#21]
init.lua:try	init.lua:403
view_theater.lua:loader	view_theater.lua:148
init.lua:check_loaders	init.lua:74
init.lua:load	init.lua:82
autoreload.lua:load	autoreload.lua:52
frame: 000562
system.lua:sleep	system.lua:197
init.lua:run	init.lua:609
main_states.lua:Update	main_states.lua:196
statemanager.lua:Update	statemanager.lua:118
sequencer.lua:Update	sequencer.lua:66
main.lua:155	main.lua:168
sapp_run	[builtin#171]
main.lua:0	main.lua:219
@0x7ff727ef4830	@0x7ff727ef4830
